Path,Line,Pattern,Snippet
"Assets/ControlMaps/GamepadControls.cs",15,"Unity New Input System : \bUnityEngine\.InputSystem\b","using UnityEngine.InputSystem;"
"Assets/ControlMaps/GamepadControls.cs",16,"Unity New Input System : \bUnityEngine\.InputSystem\b","using UnityEngine.InputSystem.Utilities;"
"Assets/ControlMaps/GamepadControls.cs",29,"Unity New Input System : \bUnityEngine\.InputSystem\b","/// using UnityEngine.InputSystem;"
"Assets/ControlMaps/GamepadControls.cs",271,"Unity New Input System : \bUnityEngine\.InputSystem\b","/// <inheritdoc cref=""UnityEngine.InputSystem.InputActionAsset.bindingMask"" />"
"Assets/ControlMaps/GamepadControls.cs",278,"Unity New Input System : \bUnityEngine\.InputSystem\b","/// <inheritdoc cref=""UnityEngine.InputSystem.InputActionAsset.devices"" />"
"Assets/ControlMaps/GamepadControls.cs",285,"Unity New Input System : \bUnityEngine\.InputSystem\b","/// <inheritdoc cref=""UnityEngine.InputSystem.InputActionAsset.controlSchemes"" />"
"Assets/ControlMaps/GamepadControls.cs",288,"Unity New Input System : \bUnityEngine\.InputSystem\b","/// <inheritdoc cref=""UnityEngine.InputSystem.InputActionAsset.Contains(InputAction)"" />"
"Assets/ControlMaps/GamepadControls.cs",294,"Unity New Input System : \bUnityEngine\.InputSystem\b","/// <inheritdoc cref=""UnityEngine.InputSystem.InputActionAsset.GetEnumerator()"" />"
"Assets/ControlMaps/GamepadControls.cs",306,"Unity New Input System : \bUnityEngine\.InputSystem\b","/// <inheritdoc cref=""UnityEngine.InputSystem.InputActionAsset.Enable()"" />"
"Assets/ControlMaps/GamepadControls.cs",312,"Unity New Input System : \bUnityEngine\.InputSystem\b","/// <inheritdoc cref=""UnityEngine.InputSystem.InputActionAsset.Disable()"" />"
"Assets/ControlMaps/GamepadControls.cs",318,"Unity New Input System : \bUnityEngine\.InputSystem\b","/// <inheritdoc cref=""UnityEngine.InputSystem.InputActionAsset.bindings"" />"
"Assets/ControlMaps/GamepadControls.cs",321,"Unity New Input System : \bUnityEngine\.InputSystem\b","/// <inheritdoc cref=""UnityEngine.InputSystem.InputActionAsset.FindAction(string, bool)"" />"
"Assets/ControlMaps/GamepadControls.cs",327,"Unity New Input System : \bUnityEngine\.InputSystem\b","/// <inheritdoc cref=""UnityEngine.InputSystem.InputActionAsset.FindBinding(InputBinding, out InputAction)"" />"
"Assets/ControlMaps/GamepadControls.cs",366,"Unity New Input System : \bUnityEngine\.InputSystem\b","/// <inheritdoc cref=""UnityEngine.InputSystem.InputActionMap.Enable()"" />"
"Assets/ControlMaps/GamepadControls.cs",368,"Unity New Input System : \bUnityEngine\.InputSystem\b","/// <inheritdoc cref=""UnityEngine.InputSystem.InputActionMap.Disable()"" />"
"Assets/ControlMaps/GamepadControls.cs",370,"Unity New Input System : \bUnityEngine\.InputSystem\b","/// <inheritdoc cref=""UnityEngine.InputSystem.InputActionMap.enabled"" />"
"Assets/ControlMaps/GamepadControls.cs",458,"Unity New Input System : \bUnityEngine\.InputSystem\b","/// Method invoked when associated input action ""movement"" is either <see cref=""UnityEngine.InputSystem.InputAction.started"" />, <see cref=""UnityEngine.InputSystem.InputAction.performed"" /> or <see cref=""UnityEngine.InputSystem.InputAction. …"
"Assets/ControlMaps/GamepadControls.cs",460,"Unity New Input System : \bUnityEngine\.InputSystem\b","/// <seealso cref=""UnityEngine.InputSystem.InputAction.started"" />"
"Assets/ControlMaps/GamepadControls.cs",461,"Unity New Input System : \bUnityEngine\.InputSystem\b","/// <seealso cref=""UnityEngine.InputSystem.InputAction.performed"" />"
"Assets/ControlMaps/GamepadControls.cs",462,"Unity New Input System : \bUnityEngine\.InputSystem\b","/// <seealso cref=""UnityEngine.InputSystem.InputAction.canceled"" />"
"Assets/ControlMaps/GamepadControls.cs",465,"Unity New Input System : \bUnityEngine\.InputSystem\b","/// Method invoked when associated input action ""button1Action"" is either <see cref=""UnityEngine.InputSystem.InputAction.started"" />, <see cref=""UnityEngine.InputSystem.InputAction.performed"" /> or <see cref=""UnityEngine.InputSystem.InputAc …"
"Assets/ControlMaps/GamepadControls.cs",467,"Unity New Input System : \bUnityEngine\.InputSystem\b","/// <seealso cref=""UnityEngine.InputSystem.InputAction.started"" />"
"Assets/ControlMaps/GamepadControls.cs",468,"Unity New Input System : \bUnityEngine\.InputSystem\b","/// <seealso cref=""UnityEngine.InputSystem.InputAction.performed"" />"
"Assets/ControlMaps/GamepadControls.cs",469,"Unity New Input System : \bUnityEngine\.InputSystem\b","/// <seealso cref=""UnityEngine.InputSystem.InputAction.canceled"" />"
"Assets/ControlMaps/GamepadControls.cs",472,"Unity New Input System : \bUnityEngine\.InputSystem\b","/// Method invoked when associated input action ""button2Action"" is either <see cref=""UnityEngine.InputSystem.InputAction.started"" />, <see cref=""UnityEngine.InputSystem.InputAction.performed"" /> or <see cref=""UnityEngine.InputSystem.InputAc …"
"Assets/ControlMaps/GamepadControls.cs",474,"Unity New Input System : \bUnityEngine\.InputSystem\b","/// <seealso cref=""UnityEngine.InputSystem.InputAction.started"" />"
"Assets/ControlMaps/GamepadControls.cs",475,"Unity New Input System : \bUnityEngine\.InputSystem\b","/// <seealso cref=""UnityEngine.InputSystem.InputAction.performed"" />"
"Assets/ControlMaps/GamepadControls.cs",476,"Unity New Input System : \bUnityEngine\.InputSystem\b","/// <seealso cref=""UnityEngine.InputSystem.InputAction.canceled"" />"
"Assets/ControlMaps/PointerControls.cs",15,"Unity New Input System : \bUnityEngine\.InputSystem\b","using UnityEngine.InputSystem;"
"Assets/ControlMaps/PointerControls.cs",16,"Unity New Input System : \bUnityEngine\.InputSystem\b","using UnityEngine.InputSystem.Utilities;"
"Assets/ControlMaps/PointerControls.cs",29,"Unity New Input System : \bUnityEngine\.InputSystem\b","/// using UnityEngine.InputSystem;"
"Assets/ControlMaps/PointerControls.cs",582,"Unity New Input System : \bUnityEngine\.InputSystem\b","/// <inheritdoc cref=""UnityEngine.InputSystem.InputActionAsset.bindingMask"" />"
"Assets/ControlMaps/PointerControls.cs",589,"Unity New Input System : \bUnityEngine\.InputSystem\b","/// <inheritdoc cref=""UnityEngine.InputSystem.InputActionAsset.devices"" />"
"Assets/ControlMaps/PointerControls.cs",596,"Unity New Input System : \bUnityEngine\.InputSystem\b","/// <inheritdoc cref=""UnityEngine.InputSystem.InputActionAsset.controlSchemes"" />"
"Assets/ControlMaps/PointerControls.cs",599,"Unity New Input System : \bUnityEngine\.InputSystem\b","/// <inheritdoc cref=""UnityEngine.InputSystem.InputActionAsset.Contains(InputAction)"" />"
"Assets/ControlMaps/PointerControls.cs",605,"Unity New Input System : \bUnityEngine\.InputSystem\b","/// <inheritdoc cref=""UnityEngine.InputSystem.InputActionAsset.GetEnumerator()"" />"
"Assets/ControlMaps/PointerControls.cs",617,"Unity New Input System : \bUnityEngine\.InputSystem\b","/// <inheritdoc cref=""UnityEngine.InputSystem.InputActionAsset.Enable()"" />"
"Assets/ControlMaps/PointerControls.cs",623,"Unity New Input System : \bUnityEngine\.InputSystem\b","/// <inheritdoc cref=""UnityEngine.InputSystem.InputActionAsset.Disable()"" />"
"Assets/ControlMaps/PointerControls.cs",629,"Unity New Input System : \bUnityEngine\.InputSystem\b","/// <inheritdoc cref=""UnityEngine.InputSystem.InputActionAsset.bindings"" />"
"Assets/ControlMaps/PointerControls.cs",632,"Unity New Input System : \bUnityEngine\.InputSystem\b","/// <inheritdoc cref=""UnityEngine.InputSystem.InputActionAsset.FindAction(string, bool)"" />"
"Assets/ControlMaps/PointerControls.cs",638,"Unity New Input System : \bUnityEngine\.InputSystem\b","/// <inheritdoc cref=""UnityEngine.InputSystem.InputActionAsset.FindBinding(InputBinding, out InputAction)"" />"
"Assets/ControlMaps/PointerControls.cs",667,"Unity New Input System : \bUnityEngine\.InputSystem\b","/// <inheritdoc cref=""UnityEngine.InputSystem.InputActionMap.Enable()"" />"
"Assets/ControlMaps/PointerControls.cs",669,"Unity New Input System : \bUnityEngine\.InputSystem\b","/// <inheritdoc cref=""UnityEngine.InputSystem.InputActionMap.Disable()"" />"
"Assets/ControlMaps/PointerControls.cs",671,"Unity New Input System : \bUnityEngine\.InputSystem\b","/// <inheritdoc cref=""UnityEngine.InputSystem.InputActionMap.enabled"" />"
"Assets/ControlMaps/PointerControls.cs",743,"Unity New Input System : \bUnityEngine\.InputSystem\b","/// <seealso cref=""UnityEngine.InputSystem.InputControlScheme"" />"
"Assets/ControlMaps/PointerControls.cs",756,"Unity New Input System : \bUnityEngine\.InputSystem\b","/// <seealso cref=""UnityEngine.InputSystem.InputControlScheme"" />"
"Assets/ControlMaps/PointerControls.cs",769,"Unity New Input System : \bUnityEngine\.InputSystem\b","/// <seealso cref=""UnityEngine.InputSystem.InputControlScheme"" />"
"Assets/ControlMaps/PointerControls.cs",786,"Unity New Input System : \bUnityEngine\.InputSystem\b","/// Method invoked when associated input action ""point"" is either <see cref=""UnityEngine.InputSystem.InputAction.started"" />, <see cref=""UnityEngine.InputSystem.InputAction.performed"" /> or <see cref=""UnityEngine.InputSystem.InputAction.can …"
"Assets/ControlMaps/PointerControls.cs",788,"Unity New Input System : \bUnityEngine\.InputSystem\b","/// <seealso cref=""UnityEngine.InputSystem.InputAction.started"" />"
"Assets/ControlMaps/PointerControls.cs",789,"Unity New Input System : \bUnityEngine\.InputSystem\b","/// <seealso cref=""UnityEngine.InputSystem.InputAction.performed"" />"
"Assets/ControlMaps/PointerControls.cs",790,"Unity New Input System : \bUnityEngine\.InputSystem\b","/// <seealso cref=""UnityEngine.InputSystem.InputAction.canceled"" />"
"Assets/Editor/SensorUsageScannerWindow.cs",54,"Unity Old Input System : \bInput\.compass\b|\bCompass\b","@""\bInput\.compass\b|\bCompass\b"","
"Assets/Editor/SensorUsageScannerWindow.cs",63,"Unity Old Input System : \bInput\.gyro\b|\bGyroscope\b","@""\b(Accelerometer|Gyroscope|Compass|AttitudeSensor|GravitySensor|LinearAccelerationSensor|OrientationSensor|Magnetometer|Barometer|ProximitySensor|LightSensor|StepCounter|Pedometer)\b"""
"Assets/Editor/SensorUsageScannerWindow.cs",68,"Unity Old Input System : \bInput\.gyro\b|\bGyroscope\b","@""\bTYPE_(ACCELEROMETER|GYROSCOPE|MAGNETIC_FIELD|GRAVITY|LINEAR_ACCELERATION|ROTATION_VECTOR|PROXIMITY|LIGHT|STEP_(COUNTER|DETECTOR))\b"","
"Assets/Editor/SensorUsageScannerWindow.cs",69,"Android Native / Java 调用 : \bSensorManager\b|\bSENSOR_SERVICE\b|\bandroid\.hardware\.Sensor\b|\bgetDefaultSensor\b|\bregisterListener\b","@""\bgetSystemService\(\s*Context\.SENSOR_SERVICE"","
"Assets/Editor/SensorUsageScannerWindow.cs",71,"Android Native / Java 调用 : \bSensorManager\b|\bSENSOR_SERVICE\b|\bandroid\.hardware\.Sensor\b|\bgetDefaultSensor\b|\bregisterListener\b","@""\bAndroidJava(Object|Class)\b.*SensorManager"""
"Assets/Resources/InputData/MyInput.cs",15,"Unity New Input System : \bUnityEngine\.InputSystem\b","using UnityEngine.InputSystem;"
"Assets/Resources/InputData/MyInput.cs",16,"Unity New Input System : \bUnityEngine\.InputSystem\b","using UnityEngine.InputSystem.Utilities;"
"Assets/Resources/InputData/MyInput.cs",27,"Unity New Input System : \bUnityEngine\.InputSystem\b","/// using UnityEngine.InputSystem;"
"Assets/Resources/InputData/MyInput.cs",1173,"Unity New Input System : \bUnityEngine\.InputSystem\b","/// <inheritdoc cref=""UnityEngine.InputSystem.InputActionAsset.bindingMask"" />"
"Assets/Resources/InputData/MyInput.cs",1180,"Unity New Input System : \bUnityEngine\.InputSystem\b","/// <inheritdoc cref=""UnityEngine.InputSystem.InputActionAsset.devices"" />"
"Assets/Resources/InputData/MyInput.cs",1187,"Unity New Input System : \bUnityEngine\.InputSystem\b","/// <inheritdoc cref=""UnityEngine.InputSystem.InputActionAsset.controlSchemes"" />"
"Assets/Resources/InputData/MyInput.cs",1190,"Unity New Input System : \bUnityEngine\.InputSystem\b","/// <inheritdoc cref=""UnityEngine.InputSystem.InputActionAsset.Contains(InputAction)"" />"
"Assets/Resources/InputData/MyInput.cs",1196,"Unity New Input System : \bUnityEngine\.InputSystem\b","/// <inheritdoc cref=""UnityEngine.InputSystem.InputActionAsset.GetEnumerator()"" />"
"Assets/Resources/InputData/MyInput.cs",1208,"Unity New Input System : \bUnityEngine\.InputSystem\b","/// <inheritdoc cref=""UnityEngine.InputSystem.InputActionAsset.Enable()"" />"
"Assets/Resources/InputData/MyInput.cs",1214,"Unity New Input System : \bUnityEngine\.InputSystem\b","/// <inheritdoc cref=""UnityEngine.InputSystem.InputActionAsset.Disable()"" />"
"Assets/Resources/InputData/MyInput.cs",1220,"Unity New Input System : \bUnityEngine\.InputSystem\b","/// <inheritdoc cref=""UnityEngine.InputSystem.InputActionAsset.bindings"" />"
"Assets/Resources/InputData/MyInput.cs",1223,"Unity New Input System : \bUnityEngine\.InputSystem\b","/// <inheritdoc cref=""UnityEngine.InputSystem.InputActionAsset.FindAction(string, bool)"" />"
"Assets/Resources/InputData/MyInput.cs",1229,"Unity New Input System : \bUnityEngine\.InputSystem\b","/// <inheritdoc cref=""UnityEngine.InputSystem.InputActionAsset.FindBinding(InputBinding, out InputAction)"" />"
"Assets/Resources/InputData/MyInput.cs",1303,"Unity New Input System : \bUnityEngine\.InputSystem\b","/// <inheritdoc cref=""UnityEngine.InputSystem.InputActionMap.Enable()"" />"
"Assets/Resources/InputData/MyInput.cs",1305,"Unity New Input System : \bUnityEngine\.InputSystem\b","/// <inheritdoc cref=""UnityEngine.InputSystem.InputActionMap.Disable()"" />"
"Assets/Resources/InputData/MyInput.cs",1307,"Unity New Input System : \bUnityEngine\.InputSystem\b","/// <inheritdoc cref=""UnityEngine.InputSystem.InputActionMap.enabled"" />"
"Assets/Resources/InputData/MyInput.cs",1478,"Unity New Input System : \bUnityEngine\.InputSystem\b","/// <inheritdoc cref=""UnityEngine.InputSystem.InputActionMap.Enable()"" />"
"Assets/Resources/InputData/MyInput.cs",1480,"Unity New Input System : \bUnityEngine\.InputSystem\b","/// <inheritdoc cref=""UnityEngine.InputSystem.InputActionMap.Disable()"" />"
"Assets/Resources/InputData/MyInput.cs",1482,"Unity New Input System : \bUnityEngine\.InputSystem\b","/// <inheritdoc cref=""UnityEngine.InputSystem.InputActionMap.enabled"" />"
"Assets/Resources/InputData/MyInput.cs",1609,"Unity New Input System : \bUnityEngine\.InputSystem\b","/// <inheritdoc cref=""UnityEngine.InputSystem.InputActionMap.Enable()"" />"
"Assets/Resources/InputData/MyInput.cs",1611,"Unity New Input System : \bUnityEngine\.InputSystem\b","/// <inheritdoc cref=""UnityEngine.InputSystem.InputActionMap.Disable()"" />"
"Assets/Resources/InputData/MyInput.cs",1613,"Unity New Input System : \bUnityEngine\.InputSystem\b","/// <inheritdoc cref=""UnityEngine.InputSystem.InputActionMap.enabled"" />"
"Assets/Resources/InputData/MyInput.cs",1691,"Unity New Input System : \bUnityEngine\.InputSystem\b","/// <seealso cref=""UnityEngine.InputSystem.InputControlScheme"" />"
"Assets/Resources/InputData/MyInput.cs",1704,"Unity New Input System : \bUnityEngine\.InputSystem\b","/// <seealso cref=""UnityEngine.InputSystem.InputControlScheme"" />"
"Assets/Resources/InputData/MyInput.cs",1717,"Unity New Input System : \bUnityEngine\.InputSystem\b","/// <seealso cref=""UnityEngine.InputSystem.InputControlScheme"" />"
"Assets/Resources/InputData/MyInput.cs",1730,"Unity New Input System : \bUnityEngine\.InputSystem\b","/// <seealso cref=""UnityEngine.InputSystem.InputControlScheme"" />"
"Assets/Resources/InputData/MyInput.cs",1743,"Unity New Input System : \bUnityEngine\.InputSystem\b","/// <seealso cref=""UnityEngine.InputSystem.InputControlScheme"" />"
"Assets/Resources/InputData/MyInput.cs",1760,"Unity New Input System : \bUnityEngine\.InputSystem\b","/// Method invoked when associated input action ""Navigate"" is either <see cref=""UnityEngine.InputSystem.InputAction.started"" />, <see cref=""UnityEngine.InputSystem.InputAction.performed"" /> or <see cref=""UnityEngine.InputSystem.InputAction. …"
"Assets/Resources/InputData/MyInput.cs",1762,"Unity New Input System : \bUnityEngine\.InputSystem\b","/// <seealso cref=""UnityEngine.InputSystem.InputAction.started"" />"
"Assets/Resources/InputData/MyInput.cs",1763,"Unity New Input System : \bUnityEngine\.InputSystem\b","/// <seealso cref=""UnityEngine.InputSystem.InputAction.performed"" />"
"Assets/Resources/InputData/MyInput.cs",1764,"Unity New Input System : \bUnityEngine\.InputSystem\b","/// <seealso cref=""UnityEngine.InputSystem.InputAction.canceled"" />"
"Assets/Resources/InputData/MyInput.cs",1767,"Unity New Input System : \bUnityEngine\.InputSystem\b","/// Method invoked when associated input action ""Submit"" is either <see cref=""UnityEngine.InputSystem.InputAction.started"" />, <see cref=""UnityEngine.InputSystem.InputAction.performed"" /> or <see cref=""UnityEngine.InputSystem.InputAction.ca …"
"Assets/Resources/InputData/MyInput.cs",1769,"Unity New Input System : \bUnityEngine\.InputSystem\b","/// <seealso cref=""UnityEngine.InputSystem.InputAction.started"" />"
"Assets/Resources/InputData/MyInput.cs",1770,"Unity New Input System : \bUnityEngine\.InputSystem\b","/// <seealso cref=""UnityEngine.InputSystem.InputAction.performed"" />"
"Assets/Resources/InputData/MyInput.cs",1771,"Unity New Input System : \bUnityEngine\.InputSystem\b","/// <seealso cref=""UnityEngine.InputSystem.InputAction.canceled"" />"
"Assets/Resources/InputData/MyInput.cs",1774,"Unity New Input System : \bUnityEngine\.InputSystem\b","/// Method invoked when associated input action ""Cancel"" is either <see cref=""UnityEngine.InputSystem.InputAction.started"" />, <see cref=""UnityEngine.InputSystem.InputAction.performed"" /> or <see cref=""UnityEngine.InputSystem.InputAction.ca …"
"Assets/Resources/InputData/MyInput.cs",1776,"Unity New Input System : \bUnityEngine\.InputSystem\b","/// <seealso cref=""UnityEngine.InputSystem.InputAction.started"" />"
"Assets/Resources/InputData/MyInput.cs",1777,"Unity New Input System : \bUnityEngine\.InputSystem\b","/// <seealso cref=""UnityEngine.InputSystem.InputAction.performed"" />"
"Assets/Resources/InputData/MyInput.cs",1778,"Unity New Input System : \bUnityEngine\.InputSystem\b","/// <seealso cref=""UnityEngine.InputSystem.InputAction.canceled"" />"
"Assets/Resources/InputData/MyInput.cs",1781,"Unity New Input System : \bUnityEngine\.InputSystem\b","/// Method invoked when associated input action ""Point"" is either <see cref=""UnityEngine.InputSystem.InputAction.started"" />, <see cref=""UnityEngine.InputSystem.InputAction.performed"" /> or <see cref=""UnityEngine.InputSystem.InputAction.can …"
"Assets/Resources/InputData/MyInput.cs",1783,"Unity New Input System : \bUnityEngine\.InputSystem\b","/// <seealso cref=""UnityEngine.InputSystem.InputAction.started"" />"
"Assets/Resources/InputData/MyInput.cs",1784,"Unity New Input System : \bUnityEngine\.InputSystem\b","/// <seealso cref=""UnityEngine.InputSystem.InputAction.performed"" />"
"Assets/Resources/InputData/MyInput.cs",1785,"Unity New Input System : \bUnityEngine\.InputSystem\b","/// <seealso cref=""UnityEngine.InputSystem.InputAction.canceled"" />"
"Assets/Resources/InputData/MyInput.cs",1788,"Unity New Input System : \bUnityEngine\.InputSystem\b","/// Method invoked when associated input action ""Click"" is either <see cref=""UnityEngine.InputSystem.InputAction.started"" />, <see cref=""UnityEngine.InputSystem.InputAction.performed"" /> or <see cref=""UnityEngine.InputSystem.InputAction.can …"
"Assets/Resources/InputData/MyInput.cs",1790,"Unity New Input System : \bUnityEngine\.InputSystem\b","/// <seealso cref=""UnityEngine.InputSystem.InputAction.started"" />"
"Assets/Resources/InputData/MyInput.cs",1791,"Unity New Input System : \bUnityEngine\.InputSystem\b","/// <seealso cref=""UnityEngine.InputSystem.InputAction.performed"" />"
"Assets/Resources/InputData/MyInput.cs",1792,"Unity New Input System : \bUnityEngine\.InputSystem\b","/// <seealso cref=""UnityEngine.InputSystem.InputAction.canceled"" />"
"Assets/Resources/InputData/MyInput.cs",1795,"Unity New Input System : \bUnityEngine\.InputSystem\b","/// Method invoked when associated input action ""ScrollWheel"" is either <see cref=""UnityEngine.InputSystem.InputAction.started"" />, <see cref=""UnityEngine.InputSystem.InputAction.performed"" /> or <see cref=""UnityEngine.InputSystem.InputActi …"
"Assets/Resources/InputData/MyInput.cs",1797,"Unity New Input System : \bUnityEngine\.InputSystem\b","/// <seealso cref=""UnityEngine.InputSystem.InputAction.started"" />"
"Assets/Resources/InputData/MyInput.cs",1798,"Unity New Input System : \bUnityEngine\.InputSystem\b","/// <seealso cref=""UnityEngine.InputSystem.InputAction.performed"" />"
"Assets/Resources/InputData/MyInput.cs",1799,"Unity New Input System : \bUnityEngine\.InputSystem\b","/// <seealso cref=""UnityEngine.InputSystem.InputAction.canceled"" />"
"Assets/Resources/InputData/MyInput.cs",1802,"Unity New Input System : \bUnityEngine\.InputSystem\b","/// Method invoked when associated input action ""MiddleClick"" is either <see cref=""UnityEngine.InputSystem.InputAction.started"" />, <see cref=""UnityEngine.InputSystem.InputAction.performed"" /> or <see cref=""UnityEngine.InputSystem.InputActi …"
"Assets/Resources/InputData/MyInput.cs",1804,"Unity New Input System : \bUnityEngine\.InputSystem\b","/// <seealso cref=""UnityEngine.InputSystem.InputAction.started"" />"
"Assets/Resources/InputData/MyInput.cs",1805,"Unity New Input System : \bUnityEngine\.InputSystem\b","/// <seealso cref=""UnityEngine.InputSystem.InputAction.performed"" />"
"Assets/Resources/InputData/MyInput.cs",1806,"Unity New Input System : \bUnityEngine\.InputSystem\b","/// <seealso cref=""UnityEngine.InputSystem.InputAction.canceled"" />"
"Assets/Resources/InputData/MyInput.cs",1809,"Unity New Input System : \bUnityEngine\.InputSystem\b","/// Method invoked when associated input action ""RightClick"" is either <see cref=""UnityEngine.InputSystem.InputAction.started"" />, <see cref=""UnityEngine.InputSystem.InputAction.performed"" /> or <see cref=""UnityEngine.InputSystem.InputActio …"
"Assets/Resources/InputData/MyInput.cs",1811,"Unity New Input System : \bUnityEngine\.InputSystem\b","/// <seealso cref=""UnityEngine.InputSystem.InputAction.started"" />"
"Assets/Resources/InputData/MyInput.cs",1812,"Unity New Input System : \bUnityEngine\.InputSystem\b","/// <seealso cref=""UnityEngine.InputSystem.InputAction.performed"" />"
"Assets/Resources/InputData/MyInput.cs",1813,"Unity New Input System : \bUnityEngine\.InputSystem\b","/// <seealso cref=""UnityEngine.InputSystem.InputAction.canceled"" />"
"Assets/Resources/InputData/MyInput.cs",1816,"Unity New Input System : \bUnityEngine\.InputSystem\b","/// Method invoked when associated input action ""TrackedDevicePosition"" is either <see cref=""UnityEngine.InputSystem.InputAction.started"" />, <see cref=""UnityEngine.InputSystem.InputAction.performed"" /> or <see cref=""UnityEngine.InputSystem …"
"Assets/Resources/InputData/MyInput.cs",1818,"Unity New Input System : \bUnityEngine\.InputSystem\b","/// <seealso cref=""UnityEngine.InputSystem.InputAction.started"" />"
"Assets/Resources/InputData/MyInput.cs",1819,"Unity New Input System : \bUnityEngine\.InputSystem\b","/// <seealso cref=""UnityEngine.InputSystem.InputAction.performed"" />"
"Assets/Resources/InputData/MyInput.cs",1820,"Unity New Input System : \bUnityEngine\.InputSystem\b","/// <seealso cref=""UnityEngine.InputSystem.InputAction.canceled"" />"
"Assets/Resources/InputData/MyInput.cs",1823,"Unity New Input System : \bUnityEngine\.InputSystem\b","/// Method invoked when associated input action ""TrackedDeviceOrientation"" is either <see cref=""UnityEngine.InputSystem.InputAction.started"" />, <see cref=""UnityEngine.InputSystem.InputAction.performed"" /> or <see cref=""UnityEngine.InputSys …"
"Assets/Resources/InputData/MyInput.cs",1825,"Unity New Input System : \bUnityEngine\.InputSystem\b","/// <seealso cref=""UnityEngine.InputSystem.InputAction.started"" />"
"Assets/Resources/InputData/MyInput.cs",1826,"Unity New Input System : \bUnityEngine\.InputSystem\b","/// <seealso cref=""UnityEngine.InputSystem.InputAction.performed"" />"
"Assets/Resources/InputData/MyInput.cs",1827,"Unity New Input System : \bUnityEngine\.InputSystem\b","/// <seealso cref=""UnityEngine.InputSystem.InputAction.canceled"" />"
"Assets/Resources/InputData/MyInput.cs",1838,"Unity New Input System : \bUnityEngine\.InputSystem\b","/// Method invoked when associated input action ""Move"" is either <see cref=""UnityEngine.InputSystem.InputAction.started"" />, <see cref=""UnityEngine.InputSystem.InputAction.performed"" /> or <see cref=""UnityEngine.InputSystem.InputAction.canc …"
"Assets/Resources/InputData/MyInput.cs",1840,"Unity New Input System : \bUnityEngine\.InputSystem\b","/// <seealso cref=""UnityEngine.InputSystem.InputAction.started"" />"
"Assets/Resources/InputData/MyInput.cs",1841,"Unity New Input System : \bUnityEngine\.InputSystem\b","/// <seealso cref=""UnityEngine.InputSystem.InputAction.performed"" />"
"Assets/Resources/InputData/MyInput.cs",1842,"Unity New Input System : \bUnityEngine\.InputSystem\b","/// <seealso cref=""UnityEngine.InputSystem.InputAction.canceled"" />"
"Assets/Resources/InputData/MyInput.cs",1845,"Unity New Input System : \bUnityEngine\.InputSystem\b","/// Method invoked when associated input action ""Fire"" is either <see cref=""UnityEngine.InputSystem.InputAction.started"" />, <see cref=""UnityEngine.InputSystem.InputAction.performed"" /> or <see cref=""UnityEngine.InputSystem.InputAction.canc …"
"Assets/Resources/InputData/MyInput.cs",1847,"Unity New Input System : \bUnityEngine\.InputSystem\b","/// <seealso cref=""UnityEngine.InputSystem.InputAction.started"" />"
"Assets/Resources/InputData/MyInput.cs",1848,"Unity New Input System : \bUnityEngine\.InputSystem\b","/// <seealso cref=""UnityEngine.InputSystem.InputAction.performed"" />"
"Assets/Resources/InputData/MyInput.cs",1849,"Unity New Input System : \bUnityEngine\.InputSystem\b","/// <seealso cref=""UnityEngine.InputSystem.InputAction.canceled"" />"
"Assets/Resources/InputData/MyInput.cs",1852,"Unity New Input System : \bUnityEngine\.InputSystem\b","/// Method invoked when associated input action ""Look"" is either <see cref=""UnityEngine.InputSystem.InputAction.started"" />, <see cref=""UnityEngine.InputSystem.InputAction.performed"" /> or <see cref=""UnityEngine.InputSystem.InputAction.canc …"
"Assets/Resources/InputData/MyInput.cs",1854,"Unity New Input System : \bUnityEngine\.InputSystem\b","/// <seealso cref=""UnityEngine.InputSystem.InputAction.started"" />"
"Assets/Resources/InputData/MyInput.cs",1855,"Unity New Input System : \bUnityEngine\.InputSystem\b","/// <seealso cref=""UnityEngine.InputSystem.InputAction.performed"" />"
"Assets/Resources/InputData/MyInput.cs",1856,"Unity New Input System : \bUnityEngine\.InputSystem\b","/// <seealso cref=""UnityEngine.InputSystem.InputAction.canceled"" />"
"Assets/Resources/InputData/MyInput.cs",1859,"Unity New Input System : \bUnityEngine\.InputSystem\b","/// Method invoked when associated input action ""ClickPos"" is either <see cref=""UnityEngine.InputSystem.InputAction.started"" />, <see cref=""UnityEngine.InputSystem.InputAction.performed"" /> or <see cref=""UnityEngine.InputSystem.InputAction. …"
"Assets/Resources/InputData/MyInput.cs",1861,"Unity New Input System : \bUnityEngine\.InputSystem\b","/// <seealso cref=""UnityEngine.InputSystem.InputAction.started"" />"
"Assets/Resources/InputData/MyInput.cs",1862,"Unity New Input System : \bUnityEngine\.InputSystem\b","/// <seealso cref=""UnityEngine.InputSystem.InputAction.performed"" />"
"Assets/Resources/InputData/MyInput.cs",1863,"Unity New Input System : \bUnityEngine\.InputSystem\b","/// <seealso cref=""UnityEngine.InputSystem.InputAction.canceled"" />"
"Assets/Resources/InputData/MyInput.cs",1866,"Unity New Input System : \bUnityEngine\.InputSystem\b","/// Method invoked when associated input action ""TestSave"" is either <see cref=""UnityEngine.InputSystem.InputAction.started"" />, <see cref=""UnityEngine.InputSystem.InputAction.performed"" /> or <see cref=""UnityEngine.InputSystem.InputAction. …"
"Assets/Resources/InputData/MyInput.cs",1868,"Unity New Input System : \bUnityEngine\.InputSystem\b","/// <seealso cref=""UnityEngine.InputSystem.InputAction.started"" />"
"Assets/Resources/InputData/MyInput.cs",1869,"Unity New Input System : \bUnityEngine\.InputSystem\b","/// <seealso cref=""UnityEngine.InputSystem.InputAction.performed"" />"
"Assets/Resources/InputData/MyInput.cs",1870,"Unity New Input System : \bUnityEngine\.InputSystem\b","/// <seealso cref=""UnityEngine.InputSystem.InputAction.canceled"" />"
"Assets/Resources/InputData/MyInput.cs",1873,"Unity New Input System : \bUnityEngine\.InputSystem\b","/// Method invoked when associated input action ""New action"" is either <see cref=""UnityEngine.InputSystem.InputAction.started"" />, <see cref=""UnityEngine.InputSystem.InputAction.performed"" /> or <see cref=""UnityEngine.InputSystem.InputActio …"
"Assets/Resources/InputData/MyInput.cs",1875,"Unity New Input System : \bUnityEngine\.InputSystem\b","/// <seealso cref=""UnityEngine.InputSystem.InputAction.started"" />"
"Assets/Resources/InputData/MyInput.cs",1876,"Unity New Input System : \bUnityEngine\.InputSystem\b","/// <seealso cref=""UnityEngine.InputSystem.InputAction.performed"" />"
"Assets/Resources/InputData/MyInput.cs",1877,"Unity New Input System : \bUnityEngine\.InputSystem\b","/// <seealso cref=""UnityEngine.InputSystem.InputAction.canceled"" />"
"Assets/Resources/InputData/MyInput.cs",1888,"Unity New Input System : \bUnityEngine\.InputSystem\b","/// Method invoked when associated input action ""Pointer"" is either <see cref=""UnityEngine.InputSystem.InputAction.started"" />, <see cref=""UnityEngine.InputSystem.InputAction.performed"" /> or <see cref=""UnityEngine.InputSystem.InputAction.c …"
"Assets/Resources/InputData/MyInput.cs",1890,"Unity New Input System : \bUnityEngine\.InputSystem\b","/// <seealso cref=""UnityEngine.InputSystem.InputAction.started"" />"
"Assets/Resources/InputData/MyInput.cs",1891,"Unity New Input System : \bUnityEngine\.InputSystem\b","/// <seealso cref=""UnityEngine.InputSystem.InputAction.performed"" />"
"Assets/Resources/InputData/MyInput.cs",1892,"Unity New Input System : \bUnityEngine\.InputSystem\b","/// <seealso cref=""UnityEngine.InputSystem.InputAction.canceled"" />"
"Assets/Resources/InputData/MyInput.cs",1895,"Unity New Input System : \bUnityEngine\.InputSystem\b","/// Method invoked when associated input action ""CameraMove"" is either <see cref=""UnityEngine.InputSystem.InputAction.started"" />, <see cref=""UnityEngine.InputSystem.InputAction.performed"" /> or <see cref=""UnityEngine.InputSystem.InputActio …"
"Assets/Resources/InputData/MyInput.cs",1897,"Unity New Input System : \bUnityEngine\.InputSystem\b","/// <seealso cref=""UnityEngine.InputSystem.InputAction.started"" />"
"Assets/Resources/InputData/MyInput.cs",1898,"Unity New Input System : \bUnityEngine\.InputSystem\b","/// <seealso cref=""UnityEngine.InputSystem.InputAction.performed"" />"
"Assets/Resources/InputData/MyInput.cs",1899,"Unity New Input System : \bUnityEngine\.InputSystem\b","/// <seealso cref=""UnityEngine.InputSystem.InputAction.canceled"" />"
"Assets/Scripts/Main/GameController.cs",7,"Unity New Input System : \bUnityEngine\.InputSystem\b","using UnityEngine.InputSystem;"
"Assets/Scripts/Main/InputManager.cs",6,"Unity New Input System : \bUnityEngine\.InputSystem\b","using UnityEngine.InputSystem;"
"Assets/Scripts/Main/InputManager.cs",8,"Unity New Input System : \bUnityEngine\.InputSystem\b","using static UnityEngine.InputSystem.InputAction;"
"Assets/Scripts/Scene/DynamicResolutionTest.cs",6,"Unity New Input System : \bUnityEngine\.InputSystem\b","using UnityEngine.InputSystem;"
"Assets/Scripts/test/ScreenShotAction.cs",5,"Unity New Input System : \bUnityEngine\.InputSystem\b","using UnityEngine.InputSystem;"
"Assets/Effect/FX Quest/Scripts/EQ_OrbitCamera.cs",10,"Unity New Input System : \bUnityEngine\.InputSystem\b","using UnityEngine.InputSystem;"
"Assets/Effect/Epic Toon FX/Demo/Scripts/ETFXSceneManager.cs",7,"Unity New Input System : \bUnityEngine\.InputSystem\b","using UnityEngine.InputSystem;"
"Assets/OtherPackage/Behavior Designer/Runtime/Tasks/Unity/Input/GetAcceleration.cs",15,"Unity Old Input System : \bInput\.acceleration\b","storeResult.Value = Input.acceleration;"
"Assets/Plugins/VoxelBusters/EssentialKit/Editor/BuildPipeline/Android/AndroidManifestGenerator.cs",197,"Android 权限 (AndroidManifest*.xml) : android\.permission\.(ACCESS_(FINE|COARSE)_LOCATION|BODY_SENSORS|ACTIVITY_RECOGNITION|RECORD_AUDIO|CAMERA)","permission.AddAttribute(""android:name"", ""android.permission.CAMERA"");"
"Assets/Plugins/VoxelBusters/EssentialKit/Editor/BuildPipeline/Android/AndroidManifestGenerator.cs",204,"Android 权限 (AndroidManifest*.xml) : android\.permission\.(ACCESS_(FINE|COARSE)_LOCATION|BODY_SENSORS|ACTIVITY_RECOGNITION|RECORD_AUDIO|CAMERA)","permission.AddAttribute(""android:name"", ""android.permission.RECORD_AUDIO"");"
"Assets/Plugins/VoxelBusters/EssentialKit/Editor/BuildPipeline/Xcode/PBXNativePluginsProcessor.cs",95,"iOS 权限/框架 (Info.plist / 源码) : \bCoreMotion\b|\bCoreLocation\b|\bAVFoundation\b|\bCMMotionManager\b","exporter.RemoveFramework(new PBXFramework(""CoreLocation.framework""));"
"Assets/Plugins/VoxelBusters/EssentialKit/Editor/BuildPipeline/Xcode/PBXNativePluginsProcessor.cs",104,"iOS 权限/框架 (Info.plist / 源码) : \bCoreMotion\b|\bCoreLocation\b|\bAVFoundation\b|\bCMMotionManager\b","exporter.AddFramework(new PBXFramework(""CoreLocation.framework""));"
"Assets/Plugins/VoxelBusters/EssentialKit/Plugins/iOS/NotificationServices/NPNotificationBinding.mm",10,"iOS 权限/框架 (Info.plist / 源码) : \bCoreMotion\b|\bCoreLocation\b|\bAVFoundation\b|\bCMMotionManager\b","#import <CoreLocation/CoreLocation.h>"
"Assets/Plugins/VoxelBusters/CoreLibrary/Editor/NativePlugins/BuildPipeline/Xcode/InfoPlistKey.cs",14,"iOS 权限/框架 (Info.plist / 源码) : NS(Microphone|Camera|Location(When|Always)|Motion)UsageDescription","public  const string   kNSCameraUsage                       = ""NSCameraUsageDescription"";"
"Assets/Plugins/VoxelBusters/CoreLibrary/Editor/NativePlugins/BuildPipeline/Xcode/InfoPlistKey.cs",20,"iOS 权限/框架 (Info.plist / 源码) : NS(Microphone|Camera|Location(When|Always)|Motion)UsageDescription","public  const string   kNSMicrophoneUsage                   = ""NSMicrophoneUsageDescription"";"
"Assets/Plugins/VoxelBusters/CoreLibrary/Editor/NativePlugins/BuildPipeline/Xcode/PBXFrameworkNameAttribute.cs",12,"iOS 权限/框架 (Info.plist / 源码) : \bCoreMotion\b|\bCoreLocation\b|\bAVFoundation\b|\bCMMotionManager\b","""AVFoundation.framework"","
"Packages/com.unity.inputsystem/DocCodeSamples.Tests/GamepadExample.cs",2,"Unity New Input System : \bUnityEngine\.InputSystem\b","using UnityEngine.InputSystem;"
"Packages/com.unity.inputsystem/DocCodeSamples.Tests/GamepadHapticsExample.cs",2,"Unity New Input System : \bUnityEngine\.InputSystem\b","using UnityEngine.InputSystem;"
"Packages/com.unity.inputsystem/DocCodeSamples.Tests/InputSystemUIInputModuleAssignActionsExample.cs",4,"Unity New Input System : \bUnityEngine\.InputSystem\b","using UnityEngine.InputSystem.UI;"
"Packages/com.unity.inputsystem/InputSystem/AssemblyInfo.cs",3,"Unity New Input System : \bUnityEngine\.InputSystem\b","using UnityEngine.InputSystem;"
"Packages/com.unity.inputsystem/InputSystem/AssemblyInfo.cs",12,"Unity New Input System : \bUnityEngine\.InputSystem\b","namespace UnityEngine.InputSystem"
"Packages/com.unity.inputsystem/InputSystem/IInputDiagnostics.cs",2,"Unity New Input System : \bUnityEngine\.InputSystem\b","using UnityEngine.InputSystem.LowLevel;"
"Packages/com.unity.inputsystem/InputSystem/IInputDiagnostics.cs",4,"Unity New Input System : \bUnityEngine\.InputSystem\b","namespace UnityEngine.InputSystem"
"Packages/com.unity.inputsystem/InputSystem/IInputRuntime.cs",4,"Unity New Input System : \bUnityEngine\.InputSystem\b","using UnityEngine.InputSystem.Layouts;"
"Packages/com.unity.inputsystem/InputSystem/IInputRuntime.cs",12,"Unity New Input System : \bUnityEngine\.InputSystem\b","namespace UnityEngine.InputSystem.LowLevel"
"Packages/com.unity.inputsystem/InputSystem/InputAnalytics.cs",3,"Unity New Input System : \bUnityEngine\.InputSystem\b","using UnityEngine.InputSystem.Layouts;"
"Packages/com.unity.inputsystem/InputSystem/InputAnalytics.cs",5,"Unity New Input System : \bUnityEngine\.InputSystem\b","using UnityEngine.InputSystem.Editor;"
"Packages/com.unity.inputsystem/InputSystem/InputAnalytics.cs",10,"Unity New Input System : \bUnityEngine\.InputSystem\b","namespace UnityEngine.InputSystem"
"Packages/com.unity.inputsystem/InputSystem/InputExtensions.cs",3,"Unity New Input System : \bUnityEngine\.InputSystem\b","namespace UnityEngine.InputSystem"
"Packages/com.unity.inputsystem/InputSystem/InputFeatureNames.cs",1,"Unity New Input System : \bUnityEngine\.InputSystem\b","namespace UnityEngine.InputSystem"
"Packages/com.unity.inputsystem/InputSystem/InputManager.cs",9,"Unity New Input System : \bUnityEngine\.InputSystem\b","using UnityEngine.InputSystem.Composites;"
"Packages/com.unity.inputsystem/InputSystem/InputManager.cs",10,"Unity New Input System : \bUnityEngine\.InputSystem\b","using UnityEngine.InputSystem.Controls;"
"Packages/com.unity.inputsystem/InputSystem/InputManager.cs",12,"Unity New Input System : \bUnityEngine\.InputSystem\b","using UnityEngine.InputSystem.LowLevel;"
"Packages/com.unity.inputsystem/InputSystem/InputManager.cs",13,"Unity New Input System : \bUnityEngine\.InputSystem\b","using UnityEngine.InputSystem.Processors;"
"Packages/com.unity.inputsystem/InputSystem/InputManager.cs",14,"Unity New Input System : \bUnityEngine\.InputSystem\b","using UnityEngine.InputSystem.Interactions;"
"Packages/com.unity.inputsystem/InputSystem/InputManager.cs",15,"Unity New Input System : \bUnityEngine\.InputSystem\b","using UnityEngine.InputSystem.Utilities;"
"Packages/com.unity.inputsystem/InputSystem/InputManager.cs",16,"Unity New Input System : \bUnityEngine\.InputSystem\b","using UnityEngine.InputSystem.Layouts;"
"Packages/com.unity.inputsystem/InputSystem/InputManager.cs",20,"Unity New Input System : \bUnityEngine\.InputSystem\b","using UnityEngine.InputSystem.Editor;"
"Packages/com.unity.inputsystem/InputSystem/InputManager.cs",44,"Unity New Input System : \bUnityEngine\.InputSystem\b","namespace UnityEngine.InputSystem"
"Packages/com.unity.inputsystem/InputSystem/InputManager.cs",1925,"Unity New Input System : \b(Accelerometer|Gyroscope|Compass|AttitudeSensor|GravitySensor|LinearAccelerationSensor|OrientationSensor|Magnetometer|Barometer|ProximitySensor|LightSensor|StepCounter|Pedometer)\b","RegisterControlLayout(""Accelerometer"", typeof(Accelerometer));"
"Packages/com.unity.inputsystem/InputSystem/InputManager.cs",1926,"Unity Old Input System : \bInput\.gyro\b|\bGyroscope\b","RegisterControlLayout(""Gyroscope"", typeof(Gyroscope));"
"Packages/com.unity.inputsystem/InputSystem/InputManager.cs",1927,"Unity New Input System : \b(Accelerometer|Gyroscope|Compass|AttitudeSensor|GravitySensor|LinearAccelerationSensor|OrientationSensor|Magnetometer|Barometer|ProximitySensor|LightSensor|StepCounter|Pedometer)\b","RegisterControlLayout(""GravitySensor"", typeof(GravitySensor));"
"Packages/com.unity.inputsystem/InputSystem/InputManager.cs",1928,"Unity New Input System : \b(Accelerometer|Gyroscope|Compass|AttitudeSensor|GravitySensor|LinearAccelerationSensor|OrientationSensor|Magnetometer|Barometer|ProximitySensor|LightSensor|StepCounter|Pedometer)\b","RegisterControlLayout(""AttitudeSensor"", typeof(AttitudeSensor));"
"Packages/com.unity.inputsystem/InputSystem/InputManager.cs",1929,"Unity New Input System : \b(Accelerometer|Gyroscope|Compass|AttitudeSensor|GravitySensor|LinearAccelerationSensor|OrientationSensor|Magnetometer|Barometer|ProximitySensor|LightSensor|StepCounter|Pedometer)\b","RegisterControlLayout(""LinearAccelerationSensor"", typeof(LinearAccelerationSensor));"
"Packages/com.unity.inputsystem/InputSystem/InputManager.cs",1931,"Unity New Input System : \b(Accelerometer|Gyroscope|Compass|AttitudeSensor|GravitySensor|LinearAccelerationSensor|OrientationSensor|Magnetometer|Barometer|ProximitySensor|LightSensor|StepCounter|Pedometer)\b","RegisterControlLayout(""LightSensor"", typeof(LightSensor));"
"Packages/com.unity.inputsystem/InputSystem/InputManager.cs",1935,"Unity New Input System : \b(Accelerometer|Gyroscope|Compass|AttitudeSensor|GravitySensor|LinearAccelerationSensor|OrientationSensor|Magnetometer|Barometer|ProximitySensor|LightSensor|StepCounter|Pedometer)\b","RegisterControlLayout(""StepCounter"", typeof(StepCounter));"
"Packages/com.unity.inputsystem/InputSystem/InputManagerStateMonitors.cs",3,"Unity New Input System : \bUnityEngine\.InputSystem\b","using UnityEngine.InputSystem.LowLevel;"
"Packages/com.unity.inputsystem/InputSystem/InputManagerStateMonitors.cs",4,"Unity New Input System : \bUnityEngine\.InputSystem\b","using UnityEngine.InputSystem.Utilities;"
"Packages/com.unity.inputsystem/InputSystem/InputManagerStateMonitors.cs",6,"Unity New Input System : \bUnityEngine\.InputSystem\b","namespace UnityEngine.InputSystem"
"Packages/com.unity.inputsystem/InputSystem/InputMetrics.cs",7,"Unity New Input System : \bUnityEngine\.InputSystem\b","namespace UnityEngine.InputSystem.LowLevel"
"Packages/com.unity.inputsystem/InputSystem/InputSettings.cs",3,"Unity New Input System : \bUnityEngine\.InputSystem\b","using UnityEngine.InputSystem.Controls;"
"Packages/com.unity.inputsystem/InputSystem/InputSettings.cs",4,"Unity New Input System : \bUnityEngine\.InputSystem\b","using UnityEngine.InputSystem.Layouts;"
"Packages/com.unity.inputsystem/InputSystem/InputSettings.cs",5,"Unity New Input System : \bUnityEngine\.InputSystem\b","using UnityEngine.InputSystem.LowLevel;"
"Packages/com.unity.inputsystem/InputSystem/InputSettings.cs",6,"Unity New Input System : \bUnityEngine\.InputSystem\b","using UnityEngine.InputSystem.Processors;"
"Packages/com.unity.inputsystem/InputSystem/InputSettings.cs",7,"Unity New Input System : \bUnityEngine\.InputSystem\b","using UnityEngine.InputSystem.Utilities;"
"Packages/com.unity.inputsystem/InputSystem/InputSettings.cs",29,"Unity New Input System : \bUnityEngine\.InputSystem\b","namespace UnityEngine.InputSystem"
"Packages/com.unity.inputsystem/InputSystem/InputSettings.cs",121,"Unity Old Input System : \bInput\.gyro\b|\bGyroscope\b","/// Sensors affected by this setting are <see cref=""Accelerometer""/>, <see cref=""Compass""/>, and <see cref=""Gyroscope""/>."
"Packages/com.unity.inputsystem/InputSystem/InputSettings.cs",145,"Unity Old Input System : \bInput\.gyro\b|\bGyroscope\b","/// A good example is the PS4 controller which has a gyroscope sensor built into"
"Packages/com.unity.inputsystem/InputSystem/InputSystem.cs",5,"Unity New Input System : \bUnityEngine\.InputSystem\b","using UnityEngine.InputSystem.Haptics;"
"Packages/com.unity.inputsystem/InputSystem/InputSystem.cs",7,"Unity New Input System : \bUnityEngine\.InputSystem\b","using UnityEngine.InputSystem.Controls;"
"Packages/com.unity.inputsystem/InputSystem/InputSystem.cs",8,"Unity New Input System : \bUnityEngine\.InputSystem\b","using UnityEngine.InputSystem.Layouts;"
"Packages/com.unity.inputsystem/InputSystem/InputSystem.cs",9,"Unity New Input System : \bUnityEngine\.InputSystem\b","using UnityEngine.InputSystem.LowLevel;"
"Packages/com.unity.inputsystem/InputSystem/InputSystem.cs",10,"Unity New Input System : \bUnityEngine\.InputSystem\b","using UnityEngine.InputSystem.DualShock;"
"Packages/com.unity.inputsystem/InputSystem/InputSystem.cs",11,"Unity New Input System : \bUnityEngine\.InputSystem\b","using UnityEngine.InputSystem.EnhancedTouch;"
"Packages/com.unity.inputsystem/InputSystem/InputSystem.cs",12,"Unity New Input System : \bUnityEngine\.InputSystem\b","using UnityEngine.InputSystem.HID;"
"Packages/com.unity.inputsystem/InputSystem/InputSystem.cs",13,"Unity New Input System : \bUnityEngine\.InputSystem\b","using UnityEngine.InputSystem.Users;"
"Packages/com.unity.inputsystem/InputSystem/InputSystem.cs",14,"Unity New Input System : \bUnityEngine\.InputSystem\b","using UnityEngine.InputSystem.XInput;"
"Packages/com.unity.inputsystem/InputSystem/InputSystem.cs",15,"Unity New Input System : \bUnityEngine\.InputSystem\b","using UnityEngine.InputSystem.Utilities;"
"Packages/com.unity.inputsystem/InputSystem/InputSystem.cs",20,"Unity New Input System : \bUnityEngine\.InputSystem\b","using UnityEngine.InputSystem.Editor;"
"Packages/com.unity.inputsystem/InputSystem/InputSystem.cs",52,"Unity New Input System : \bUnityEngine\.InputSystem\b","namespace UnityEngine.InputSystem"
"Packages/com.unity.inputsystem/InputSystem/InputSystem.cs",431,"Unity New Input System : \bUnityEngine\.InputSystem\b","/// of a <see cref=""UnityEngine.InputSystem.HID.HID.HIDDeviceDescriptor""/>. While not sufficient to build a perfectly robust"
"Packages/com.unity.inputsystem/InputSystem/InputSystem.cs",877,"Unity New Input System : \bUnityEngine\.InputSystem\b","/// <seealso cref=""UnityEngine.InputSystem.Editor.InputParameterEditor{TObject}""/>"
"Packages/com.unity.inputsystem/InputSystem/InputSystem.cs",1005,"Unity New Input System : \bUnityEngine\.InputSystem\b","/// <seealso cref=""UnityEngine.InputSystem.Editor.InputParameterEditor{TObject}""/>"
"Packages/com.unity.inputsystem/InputSystem/InputSystem.cs",1769,"Unity Old Input System : \bInput\.gyro\b|\bGyroscope\b","/// // Enable the gyroscope, if present."
"Packages/com.unity.inputsystem/InputSystem/InputSystem.cs",1770,"Unity Old Input System : \bInput\.gyro\b|\bGyroscope\b","/// if (Gyroscope.current != null)"
"Packages/com.unity.inputsystem/InputSystem/InputSystem.cs",1771,"Unity Old Input System : \bInput\.gyro\b|\bGyroscope\b","///     InputSystem.EnableDevice(Gyroscope.current);"
"Packages/com.unity.inputsystem/InputSystem/InputSystem.cs",2259,"Unity New Input System : \bUnityEngine\.InputSystem\b","/// <seealso cref=""FindControls{TControl}(string,ref UnityEngine.InputSystem.InputControlList{TControl})""/>"
"Packages/com.unity.inputsystem/InputSystem/InputSystem.cs",2272,"Unity New Input System : \bUnityEngine\.InputSystem\b","/// <seealso cref=""FindControls{TControl}(string,ref UnityEngine.InputSystem.InputControlList{TControl})""/>"
"Packages/com.unity.inputsystem/InputSystem/InputSystem.cs",2289,"Unity New Input System : \bUnityEngine\.InputSystem\b","/// <seealso cref=""FindControls{TControl}(string,ref UnityEngine.InputSystem.InputControlList{TControl})""/>"
"Packages/com.unity.inputsystem/InputSystem/InputSystem.cs",2562,"Unity New Input System : \bUnityEngine\.InputSystem\b","////REVIEW: consider moving these out into extension methods in UnityEngine.InputSystem.LowLevel"
"Packages/com.unity.inputsystem/InputSystem/InputSystem.cs",3369,"Unity New Input System : \bUnityEngine\.InputSystem\b","/// To avoid allocations, use <see cref=""ListEnabledActions(List{UnityEngine.InputSystem.InputAction})""/>."
"Packages/com.unity.inputsystem/InputSystem/InputSystemObject.cs",2,"Unity New Input System : \bUnityEngine\.InputSystem\b","using UnityEngine.InputSystem.Editor;"
"Packages/com.unity.inputsystem/InputSystem/InputSystemObject.cs",4,"Unity New Input System : \bUnityEngine\.InputSystem\b","namespace UnityEngine.InputSystem"
"Packages/com.unity.inputsystem/InputSystem/InputUpdateType.cs",2,"Unity New Input System : \bUnityEngine\.InputSystem\b","using UnityEngine.InputSystem.Layouts;"
"Packages/com.unity.inputsystem/InputSystem/InputUpdateType.cs",6,"Unity New Input System : \bUnityEngine\.InputSystem\b","namespace UnityEngine.InputSystem.LowLevel"
"Packages/com.unity.inputsystem/InputSystem/NativeInputRuntime.cs",5,"Unity New Input System : \bUnityEngine\.InputSystem\b","using UnityEngine.InputSystem.Utilities;"
"Packages/com.unity.inputsystem/InputSystem/NativeInputRuntime.cs",16,"Unity New Input System : \bUnityEngine\.InputSystem\b","namespace UnityEngine.InputSystem.LowLevel"
"Packages/com.unity.inputsystem/InputSystem/Actions/IInputActionCollection.cs",3,"Unity New Input System : \bUnityEngine\.InputSystem\b","using UnityEngine.InputSystem.Utilities;"
"Packages/com.unity.inputsystem/InputSystem/Actions/IInputActionCollection.cs",7,"Unity New Input System : \bUnityEngine\.InputSystem\b","namespace UnityEngine.InputSystem"
"Packages/com.unity.inputsystem/InputSystem/Actions/IInputInteraction.cs",4,"Unity New Input System : \bUnityEngine\.InputSystem\b","using UnityEngine.InputSystem.Utilities;"
"Packages/com.unity.inputsystem/InputSystem/Actions/IInputInteraction.cs",36,"Unity New Input System : \bUnityEngine\.InputSystem\b","namespace UnityEngine.InputSystem"
"Packages/com.unity.inputsystem/InputSystem/Actions/InputAction.cs",4,"Unity New Input System : \bUnityEngine\.InputSystem\b","using UnityEngine.InputSystem.Controls;"
"Packages/com.unity.inputsystem/InputSystem/Actions/InputAction.cs",5,"Unity New Input System : \bUnityEngine\.InputSystem\b","using UnityEngine.InputSystem.LowLevel;"
"Packages/com.unity.inputsystem/InputSystem/Actions/InputAction.cs",6,"Unity New Input System : \bUnityEngine\.InputSystem\b","using UnityEngine.InputSystem.Utilities;"
"Packages/com.unity.inputsystem/InputSystem/Actions/InputAction.cs",50,"Unity New Input System : \bUnityEngine\.InputSystem\b","namespace UnityEngine.InputSystem"
"Packages/com.unity.inputsystem/InputSystem/Actions/InputAction.cs",1536,"AR/XR/地图类（可能间接用传感器） : \bARKit\b|\bARCore\b|\bUnity\.XR\b|\bVuforia\b|\bMapbox\b|\bOpenCV\b","/// <a href=""https://docs.unity3d.com/Packages/com.unity.xr.interaction.toolkit@2.5/api/UnityEngine.XR.Interaction.Toolkit.Inputs.Interactions.SectorInteraction.html""><c>SectorInteraction</c></a>"
"Packages/com.unity.inputsystem/InputSystem/Actions/InputAction.cs",2012,"Unity New Input System : \bUnityEngine\.InputSystem\b","/// using UnityEngine.InputSystem;"
"Packages/com.unity.inputsystem/InputSystem/Actions/InputAction.cs",2013,"Unity New Input System : \bUnityEngine\.InputSystem\b","/// using UnityEngine.InputSystem.Interactions;"
"Packages/com.unity.inputsystem/InputSystem/Actions/InputAction.cs",2146,"Unity New Input System : \bUnityEngine\.InputSystem\b","/// using UnityEngine.InputSystem;"
"Packages/com.unity.inputsystem/InputSystem/Actions/InputAction.cs",2147,"Unity New Input System : \bUnityEngine\.InputSystem\b","/// using UnityEngine.InputSystem.Interactions;"
"Packages/com.unity.inputsystem/InputSystem/Actions/InputAction.cs",2380,"Unity New Input System : \bUnityEngine\.InputSystem\b","/// using UnityEngine.InputSystem;"
"Packages/com.unity.inputsystem/InputSystem/Actions/InputAction.cs",2437,"Unity New Input System : \bUnityEngine\.InputSystem\b","/// using UnityEngine.InputSystem;"
"Packages/com.unity.inputsystem/InputSystem/Actions/InputAction.cs",2490,"Unity New Input System : \bUnityEngine\.InputSystem\b","/// using UnityEngine.InputSystem;"
"Packages/com.unity.inputsystem/InputSystem/Actions/InputAction.cs",2544,"Unity New Input System : \bUnityEngine\.InputSystem\b","/// using UnityEngine.InputSystem;"
"Packages/com.unity.inputsystem/InputSystem/Actions/InputActionAsset.cs",4,"Unity New Input System : \bUnityEngine\.InputSystem\b","using UnityEngine.InputSystem.Utilities;"
"Packages/com.unity.inputsystem/InputSystem/Actions/InputActionAsset.cs",16,"Unity New Input System : \bUnityEngine\.InputSystem\b","namespace UnityEngine.InputSystem"
"Packages/com.unity.inputsystem/InputSystem/Actions/InputActionChange.cs",1,"Unity New Input System : \bUnityEngine\.InputSystem\b","namespace UnityEngine.InputSystem"
"Packages/com.unity.inputsystem/InputSystem/Actions/InputActionMap.cs",7,"Unity New Input System : \bUnityEngine\.InputSystem\b","using UnityEngine.InputSystem.Utilities;"
"Packages/com.unity.inputsystem/InputSystem/Actions/InputActionMap.cs",15,"Unity New Input System : \bUnityEngine\.InputSystem\b","namespace UnityEngine.InputSystem"
"Packages/com.unity.inputsystem/InputSystem/Actions/InputActionParameters.cs",7,"Unity New Input System : \bUnityEngine\.InputSystem\b","using UnityEngine.InputSystem.Utilities;"
"Packages/com.unity.inputsystem/InputSystem/Actions/InputActionParameters.cs",9,"Unity New Input System : \bUnityEngine\.InputSystem\b","namespace UnityEngine.InputSystem"
"Packages/com.unity.inputsystem/InputSystem/Actions/InputActionPhase.cs",1,"Unity New Input System : \bUnityEngine\.InputSystem\b","using UnityEngine.InputSystem.Interactions;"
"Packages/com.unity.inputsystem/InputSystem/Actions/InputActionPhase.cs",7,"Unity New Input System : \bUnityEngine\.InputSystem\b","namespace UnityEngine.InputSystem"
"Packages/com.unity.inputsystem/InputSystem/Actions/InputActionProperty.cs",3,"Unity New Input System : \bUnityEngine\.InputSystem\b","namespace UnityEngine.InputSystem"
"Packages/com.unity.inputsystem/InputSystem/Actions/InputActionRebindingExtensions.cs",4,"Unity New Input System : \bUnityEngine\.InputSystem\b","using UnityEngine.InputSystem.Layouts;"
"Packages/com.unity.inputsystem/InputSystem/Actions/InputActionRebindingExtensions.cs",5,"Unity New Input System : \bUnityEngine\.InputSystem\b","using UnityEngine.InputSystem.LowLevel;"
"Packages/com.unity.inputsystem/InputSystem/Actions/InputActionRebindingExtensions.cs",6,"Unity New Input System : \bUnityEngine\.InputSystem\b","using UnityEngine.InputSystem.Utilities;"
"Packages/com.unity.inputsystem/InputSystem/Actions/InputActionRebindingExtensions.cs",26,"Unity New Input System : \bUnityEngine\.InputSystem\b","namespace UnityEngine.InputSystem"
"Packages/com.unity.inputsystem/InputSystem/Actions/InputActionRebindingExtensions.cs",1303,"Unity New Input System : \bUnityEngine\.InputSystem\b","/// using UnityEngine.InputSystem;"
"Packages/com.unity.inputsystem/InputSystem/Actions/InputActionReference.cs",18,"Unity New Input System : \bUnityEngine\.InputSystem\b","namespace UnityEngine.InputSystem"
"Packages/com.unity.inputsystem/InputSystem/Actions/InputActionSetupExtensions.cs",2,"Unity New Input System : \bUnityEngine\.InputSystem\b","using UnityEngine.InputSystem.Layouts;"
"Packages/com.unity.inputsystem/InputSystem/Actions/InputActionSetupExtensions.cs",3,"Unity New Input System : \bUnityEngine\.InputSystem\b","using UnityEngine.InputSystem.Utilities;"
"Packages/com.unity.inputsystem/InputSystem/Actions/InputActionSetupExtensions.cs",9,"Unity New Input System : \bUnityEngine\.InputSystem\b","namespace UnityEngine.InputSystem"
"Packages/com.unity.inputsystem/InputSystem/Actions/InputActionSetupExtensions.cs",319,"Unity New Input System : \bUnityEngine\.InputSystem\b","private static void RegisterApiUsage(UnityEngine.InputSystem.Editor.InputExitPlayModeAnalytic.Api api)"
"Packages/com.unity.inputsystem/InputSystem/Actions/InputActionSetupExtensions.cs",321,"Unity New Input System : \bUnityEngine\.InputSystem\b","UnityEngine.InputSystem.Editor.InputExitPlayModeAnalytic.Register(api);"
"Packages/com.unity.inputsystem/InputSystem/Actions/InputActionSetupExtensions.cs",370,"Unity New Input System : \bUnityEngine\.InputSystem\b","RegisterApiUsage(UnityEngine.InputSystem.Editor.InputExitPlayModeAnalytic.Api.AddBinding);"
"Packages/com.unity.inputsystem/InputSystem/Actions/InputActionSetupExtensions.cs",503,"Unity New Input System : \bUnityEngine\.InputSystem\b","RegisterApiUsage(UnityEngine.InputSystem.Editor.InputExitPlayModeAnalytic.Api.AddBinding);"
"Packages/com.unity.inputsystem/InputSystem/Actions/InputActionSetupExtensions.cs",530,"Unity New Input System : \bUnityEngine\.InputSystem\b","RegisterApiUsage(UnityEngine.InputSystem.Editor.InputExitPlayModeAnalytic.Api.AddCompositeBinding);"
"Packages/com.unity.inputsystem/InputSystem/Actions/InputActionSetupExtensions.cs",613,"Unity New Input System : \bUnityEngine\.InputSystem\b","RegisterApiUsage(UnityEngine.InputSystem.Editor.InputExitPlayModeAnalytic.Api.ChangeBinding);"
"Packages/com.unity.inputsystem/InputSystem/Actions/InputActionSetupExtensions.cs",675,"Unity New Input System : \bUnityEngine\.InputSystem\b","RegisterApiUsage(UnityEngine.InputSystem.Editor.InputExitPlayModeAnalytic.Api.ChangeBinding);"
"Packages/com.unity.inputsystem/InputSystem/Actions/InputActionSetupExtensions.cs",877,"Unity New Input System : \bUnityEngine\.InputSystem\b","RegisterApiUsage(UnityEngine.InputSystem.Editor.InputExitPlayModeAnalytic.Api.ChangeCompositeBinding);"
"Packages/com.unity.inputsystem/InputSystem/Actions/InputActionSetupExtensions.cs",922,"Unity New Input System : \bUnityEngine\.InputSystem\b","RegisterApiUsage(UnityEngine.InputSystem.Editor.InputExitPlayModeAnalytic.Api.Rename);"
"Packages/com.unity.inputsystem/InputSystem/Actions/InputActionSetupExtensions.cs",968,"Unity New Input System : \bUnityEngine\.InputSystem\b","RegisterApiUsage(UnityEngine.InputSystem.Editor.InputExitPlayModeAnalytic.Api.AddControlScheme);"
"Packages/com.unity.inputsystem/InputSystem/Actions/InputActionSetupExtensions.cs",1040,"Unity New Input System : \bUnityEngine\.InputSystem\b","RegisterApiUsage(UnityEngine.InputSystem.Editor.InputExitPlayModeAnalytic.Api.RemoveControlScheme);"
"Packages/com.unity.inputsystem/InputSystem/Actions/InputActionSetupExtensions.cs",1064,"Unity New Input System : \bUnityEngine\.InputSystem\b","RegisterApiUsage(UnityEngine.InputSystem.Editor.InputExitPlayModeAnalytic.Api.ControlSchemeWithBindingGroup);"
"Packages/com.unity.inputsystem/InputSystem/Actions/InputActionSetupExtensions.cs",1073,"Unity New Input System : \bUnityEngine\.InputSystem\b","RegisterApiUsage(UnityEngine.InputSystem.Editor.InputExitPlayModeAnalytic.Api.ControlSchemeWithDevice);"
"Packages/com.unity.inputsystem/InputSystem/Actions/InputActionSetupExtensions.cs",1084,"Unity New Input System : \bUnityEngine\.InputSystem\b","RegisterApiUsage(UnityEngine.InputSystem.Editor.InputExitPlayModeAnalytic.Api.ControlSchemeWithRequiredDevice);"
"Packages/com.unity.inputsystem/InputSystem/Actions/InputActionSetupExtensions.cs",1093,"Unity New Input System : \bUnityEngine\.InputSystem\b","RegisterApiUsage(UnityEngine.InputSystem.Editor.InputExitPlayModeAnalytic.Api.ControlSchemeWithOptionalDevice);"
"Packages/com.unity.inputsystem/InputSystem/Actions/InputActionSetupExtensions.cs",1102,"Unity New Input System : \bUnityEngine\.InputSystem\b","RegisterApiUsage(UnityEngine.InputSystem.Editor.InputExitPlayModeAnalytic.Api.ControlSchemeOrWithRequiredDevice);"
"Packages/com.unity.inputsystem/InputSystem/Actions/InputActionSetupExtensions.cs",1111,"Unity New Input System : \bUnityEngine\.InputSystem\b","RegisterApiUsage(UnityEngine.InputSystem.Editor.InputExitPlayModeAnalytic.Api.ControlSchemeOrWithOptionalDevice);"
"Packages/com.unity.inputsystem/InputSystem/Actions/InputActionState.cs",7,"Unity New Input System : \bUnityEngine\.InputSystem\b","using UnityEngine.InputSystem.Controls;"
"Packages/com.unity.inputsystem/InputSystem/Actions/InputActionState.cs",8,"Unity New Input System : \bUnityEngine\.InputSystem\b","using UnityEngine.InputSystem.LowLevel;"
"Packages/com.unity.inputsystem/InputSystem/Actions/InputActionState.cs",10,"Unity New Input System : \bUnityEngine\.InputSystem\b","using UnityEngine.InputSystem.Utilities;"
"Packages/com.unity.inputsystem/InputSystem/Actions/InputActionState.cs",26,"Unity New Input System : \bUnityEngine\.InputSystem\b","namespace UnityEngine.InputSystem"
"Packages/com.unity.inputsystem/InputSystem/Actions/InputActionTrace.cs",7,"Unity New Input System : \bUnityEngine\.InputSystem\b","using UnityEngine.InputSystem.LowLevel;"
"Packages/com.unity.inputsystem/InputSystem/Actions/InputActionTrace.cs",22,"Unity New Input System : \bUnityEngine\.InputSystem\b","namespace UnityEngine.InputSystem.Utilities"
"Packages/com.unity.inputsystem/InputSystem/Actions/InputActionType.cs",1,"Unity New Input System : \bUnityEngine\.InputSystem\b","namespace UnityEngine.InputSystem"
"Packages/com.unity.inputsystem/InputSystem/Actions/InputBinding.cs",4,"Unity New Input System : \bUnityEngine\.InputSystem\b","using UnityEngine.InputSystem.Layouts;"
"Packages/com.unity.inputsystem/InputSystem/Actions/InputBinding.cs",5,"Unity New Input System : \bUnityEngine\.InputSystem\b","using UnityEngine.InputSystem.Utilities;"
"Packages/com.unity.inputsystem/InputSystem/Actions/InputBinding.cs",15,"Unity New Input System : \bUnityEngine\.InputSystem\b","namespace UnityEngine.InputSystem"
"Packages/com.unity.inputsystem/InputSystem/Actions/InputBindingComposite.cs",5,"Unity New Input System : \bUnityEngine\.InputSystem\b","using UnityEngine.InputSystem.Layouts;"
"Packages/com.unity.inputsystem/InputSystem/Actions/InputBindingComposite.cs",6,"Unity New Input System : \bUnityEngine\.InputSystem\b","using UnityEngine.InputSystem.Utilities;"
"Packages/com.unity.inputsystem/InputSystem/Actions/InputBindingComposite.cs",18,"Unity New Input System : \bUnityEngine\.InputSystem\b","namespace UnityEngine.InputSystem"
"Packages/com.unity.inputsystem/InputSystem/Actions/InputBindingCompositeContext.cs",4,"Unity New Input System : \bUnityEngine\.InputSystem\b","namespace UnityEngine.InputSystem"
"Packages/com.unity.inputsystem/InputSystem/Actions/InputBindingResolver.cs",5,"Unity New Input System : \bUnityEngine\.InputSystem\b","using UnityEngine.InputSystem.Utilities;"
"Packages/com.unity.inputsystem/InputSystem/Actions/InputBindingResolver.cs",9,"Unity New Input System : \bUnityEngine\.InputSystem\b","namespace UnityEngine.InputSystem"
"Packages/com.unity.inputsystem/InputSystem/Actions/InputControlScheme.cs",7,"Unity New Input System : \bUnityEngine\.InputSystem\b","using UnityEngine.InputSystem.Layouts;"
"Packages/com.unity.inputsystem/InputSystem/Actions/InputControlScheme.cs",8,"Unity New Input System : \bUnityEngine\.InputSystem\b","using UnityEngine.InputSystem.Utilities;"
"Packages/com.unity.inputsystem/InputSystem/Actions/InputControlScheme.cs",25,"Unity New Input System : \bUnityEngine\.InputSystem\b","namespace UnityEngine.InputSystem"
"Packages/com.unity.inputsystem/InputSystem/Actions/InputInteractionContext.cs",2,"Unity New Input System : \bUnityEngine\.InputSystem\b","using UnityEngine.InputSystem.LowLevel;"
"Packages/com.unity.inputsystem/InputSystem/Actions/InputInteractionContext.cs",4,"Unity New Input System : \bUnityEngine\.InputSystem\b","namespace UnityEngine.InputSystem"
"Packages/com.unity.inputsystem/InputSystem/Controls/AnyKeyControl.cs",1,"Unity New Input System : \bUnityEngine\.InputSystem\b","using UnityEngine.InputSystem.Layouts;"
"Packages/com.unity.inputsystem/InputSystem/Controls/AnyKeyControl.cs",2,"Unity New Input System : \bUnityEngine\.InputSystem\b","using UnityEngine.InputSystem.LowLevel;"
"Packages/com.unity.inputsystem/InputSystem/Controls/AnyKeyControl.cs",6,"Unity New Input System : \bUnityEngine\.InputSystem\b","namespace UnityEngine.InputSystem.Controls"
"Packages/com.unity.inputsystem/InputSystem/Controls/AxisControl.cs",2,"Unity New Input System : \bUnityEngine\.InputSystem\b","using UnityEngine.InputSystem.LowLevel;"
"Packages/com.unity.inputsystem/InputSystem/Controls/AxisControl.cs",3,"Unity New Input System : \bUnityEngine\.InputSystem\b","using UnityEngine.InputSystem.Processors;"
"Packages/com.unity.inputsystem/InputSystem/Controls/AxisControl.cs",4,"Unity New Input System : \bUnityEngine\.InputSystem\b","using UnityEngine.InputSystem.Utilities;"
"Packages/com.unity.inputsystem/InputSystem/Controls/AxisControl.cs",10,"Unity New Input System : \bUnityEngine\.InputSystem\b","namespace UnityEngine.InputSystem.Controls"
"Packages/com.unity.inputsystem/InputSystem/Controls/ButtonControl.cs",2,"Unity New Input System : \bUnityEngine\.InputSystem\b","using UnityEngine.InputSystem.LowLevel;"
"Packages/com.unity.inputsystem/InputSystem/Controls/ButtonControl.cs",7,"Unity New Input System : \bUnityEngine\.InputSystem\b","namespace UnityEngine.InputSystem.Controls"
"Packages/com.unity.inputsystem/InputSystem/Controls/ButtonControl.cs",49,"Unity New Input System : \bUnityEngine\.InputSystem\b","/// using UnityEngine.InputSystem.Controls;"
"Packages/com.unity.inputsystem/InputSystem/Controls/ButtonControl.cs",78,"Unity New Input System : \bUnityEngine\.InputSystem\b","/// using UnityEngine.InputSystem.Controls;"
"Packages/com.unity.inputsystem/InputSystem/Controls/ButtonControl.cs",112,"Unity New Input System : \bUnityEngine\.InputSystem\b","/// using UnityEngine.InputSystem.Controls;"
"Packages/com.unity.inputsystem/InputSystem/Controls/ButtonControl.cs",252,"Unity New Input System : \bUnityEngine\.InputSystem\b","/// using UnityEngine.InputSystem;"
"Packages/com.unity.inputsystem/InputSystem/Controls/ButtonControl.cs",311,"Unity New Input System : \bUnityEngine\.InputSystem\b","/// using UnityEngine.InputSystem;"
"Packages/com.unity.inputsystem/InputSystem/Controls/CommonUsages.cs",1,"Unity New Input System : \bUnityEngine\.InputSystem\b","using UnityEngine.InputSystem.Utilities;"
"Packages/com.unity.inputsystem/InputSystem/Controls/CommonUsages.cs",3,"Unity New Input System : \bUnityEngine\.InputSystem\b","namespace UnityEngine.InputSystem"
"Packages/com.unity.inputsystem/InputSystem/Controls/DeltaControl.cs",1,"Unity New Input System : \bUnityEngine\.InputSystem\b","using UnityEngine.InputSystem.Layouts;"
"Packages/com.unity.inputsystem/InputSystem/Controls/DeltaControl.cs",4,"Unity New Input System : \bUnityEngine\.InputSystem\b","namespace UnityEngine.InputSystem.Controls"
"Packages/com.unity.inputsystem/InputSystem/Controls/DiscreteButtonControl.cs",2,"Unity New Input System : \bUnityEngine\.InputSystem\b","using UnityEngine.InputSystem.LowLevel;"
"Packages/com.unity.inputsystem/InputSystem/Controls/DiscreteButtonControl.cs",3,"Unity New Input System : \bUnityEngine\.InputSystem\b","using UnityEngine.InputSystem.Layouts;"
"Packages/com.unity.inputsystem/InputSystem/Controls/DiscreteButtonControl.cs",4,"Unity New Input System : \bUnityEngine\.InputSystem\b","using UnityEngine.InputSystem.Utilities;"
"Packages/com.unity.inputsystem/InputSystem/Controls/DiscreteButtonControl.cs",8,"Unity New Input System : \bUnityEngine\.InputSystem\b","namespace UnityEngine.InputSystem.Controls"
"Packages/com.unity.inputsystem/InputSystem/Controls/DoubleControl.cs",1,"Unity New Input System : \bUnityEngine\.InputSystem\b","using UnityEngine.InputSystem.LowLevel;"
"Packages/com.unity.inputsystem/InputSystem/Controls/DoubleControl.cs",3,"Unity New Input System : \bUnityEngine\.InputSystem\b","namespace UnityEngine.InputSystem.Controls"
"Packages/com.unity.inputsystem/InputSystem/Controls/DpadControl.cs",2,"Unity New Input System : \bUnityEngine\.InputSystem\b","using UnityEngine.InputSystem.Layouts;"
"Packages/com.unity.inputsystem/InputSystem/Controls/DpadControl.cs",3,"Unity New Input System : \bUnityEngine\.InputSystem\b","using UnityEngine.InputSystem.LowLevel;"
"Packages/com.unity.inputsystem/InputSystem/Controls/DpadControl.cs",5,"Unity New Input System : \bUnityEngine\.InputSystem\b","namespace UnityEngine.InputSystem.Controls"
"Packages/com.unity.inputsystem/InputSystem/Controls/InputControl.cs",5,"Unity New Input System : \bUnityEngine\.InputSystem\b","using UnityEngine.InputSystem.Controls;"
"Packages/com.unity.inputsystem/InputSystem/Controls/InputControl.cs",6,"Unity New Input System : \bUnityEngine\.InputSystem\b","using UnityEngine.InputSystem.LowLevel;"
"Packages/com.unity.inputsystem/InputSystem/Controls/InputControl.cs",7,"Unity New Input System : \bUnityEngine\.InputSystem\b","using UnityEngine.InputSystem.Utilities;"
"Packages/com.unity.inputsystem/InputSystem/Controls/InputControl.cs",9,"Unity New Input System : \bUnityEngine\.InputSystem\b","using UnityEngine.InputSystem.Layouts;"
"Packages/com.unity.inputsystem/InputSystem/Controls/InputControl.cs",31,"Unity New Input System : \bUnityEngine\.InputSystem\b","namespace UnityEngine.InputSystem"
"Packages/com.unity.inputsystem/InputSystem/Controls/InputControl.cs",321,"Unity Old Input System : \bInput\.gyro\b|\bGyroscope\b","/// which has a gyroscope sensor built into the device. Whereas sticks and buttons on the device require"
"Packages/com.unity.inputsystem/InputSystem/Controls/InputControl.cs",803,"Unity New Input System : \bUnityEngine\.InputSystem\b","/// using UnityEngine.InputSystem;"
"Packages/com.unity.inputsystem/InputSystem/Controls/InputControl.cs",804,"Unity New Input System : \bUnityEngine\.InputSystem\b","/// using UnityEngine.InputSystem.Utilities;"
"Packages/com.unity.inputsystem/InputSystem/Controls/InputControl.cs",882,"Unity New Input System : \bUnityEngine\.InputSystem\b","/// using UnityEngine.InputSystem;"
"Packages/com.unity.inputsystem/InputSystem/Controls/InputControl.cs",883,"Unity New Input System : \bUnityEngine\.InputSystem\b","/// using UnityEngine.InputSystem.Utilities;"
"Packages/com.unity.inputsystem/InputSystem/Controls/InputControlAttribute.cs",2,"Unity New Input System : \bUnityEngine\.InputSystem\b","using UnityEngine.InputSystem.Composites;"
"Packages/com.unity.inputsystem/InputSystem/Controls/InputControlAttribute.cs",3,"Unity New Input System : \bUnityEngine\.InputSystem\b","using UnityEngine.InputSystem.LowLevel;"
"Packages/com.unity.inputsystem/InputSystem/Controls/InputControlAttribute.cs",5,"Unity New Input System : \bUnityEngine\.InputSystem\b","namespace UnityEngine.InputSystem.Layouts"
"Packages/com.unity.inputsystem/InputSystem/Controls/InputControlExtensions.cs",8,"Unity New Input System : \bUnityEngine\.InputSystem\b","using UnityEngine.InputSystem.Controls;"
"Packages/com.unity.inputsystem/InputSystem/Controls/InputControlExtensions.cs",9,"Unity New Input System : \bUnityEngine\.InputSystem\b","using UnityEngine.InputSystem.LowLevel;"
"Packages/com.unity.inputsystem/InputSystem/Controls/InputControlExtensions.cs",10,"Unity New Input System : \bUnityEngine\.InputSystem\b","using UnityEngine.InputSystem.Utilities;"
"Packages/com.unity.inputsystem/InputSystem/Controls/InputControlExtensions.cs",14,"Unity New Input System : \bUnityEngine\.InputSystem\b","namespace UnityEngine.InputSystem"
"Packages/com.unity.inputsystem/InputSystem/Controls/InputControlLayout.cs",8,"Unity New Input System : \bUnityEngine\.InputSystem\b","using UnityEngine.InputSystem.LowLevel;"
"Packages/com.unity.inputsystem/InputSystem/Controls/InputControlLayout.cs",9,"Unity New Input System : \bUnityEngine\.InputSystem\b","using UnityEngine.InputSystem.Utilities;"
"Packages/com.unity.inputsystem/InputSystem/Controls/InputControlLayout.cs",60,"Unity New Input System : \bUnityEngine\.InputSystem\b","namespace UnityEngine.InputSystem.Layouts"
"Packages/com.unity.inputsystem/InputSystem/Controls/InputControlLayoutAttribute.cs",2,"Unity New Input System : \bUnityEngine\.InputSystem\b","using UnityEngine.InputSystem.Utilities;"
"Packages/com.unity.inputsystem/InputSystem/Controls/InputControlLayoutAttribute.cs",7,"Unity New Input System : \bUnityEngine\.InputSystem\b","namespace UnityEngine.InputSystem.Layouts"
"Packages/com.unity.inputsystem/InputSystem/Controls/InputControlLayoutAttribute.cs",97,"Unity New Input System : \bUnityEngine\.InputSystem\b","/// the control picker (<see cref=""UnityEngine.InputSystem.Editor.InputControlPicker""/>), for example."
"Packages/com.unity.inputsystem/InputSystem/Controls/InputControlLayoutChange.cs",1,"Unity New Input System : \bUnityEngine\.InputSystem\b","namespace UnityEngine.InputSystem"
"Packages/com.unity.inputsystem/InputSystem/Controls/InputControlList.cs",9,"Unity New Input System : \bUnityEngine\.InputSystem\b","using UnityEngine.InputSystem.Utilities;"
"Packages/com.unity.inputsystem/InputSystem/Controls/InputControlList.cs",17,"Unity New Input System : \bUnityEngine\.InputSystem\b","namespace UnityEngine.InputSystem"
"Packages/com.unity.inputsystem/InputSystem/Controls/InputControlPath.cs",7,"Unity New Input System : \bUnityEngine\.InputSystem\b","using UnityEngine.InputSystem.Layouts;"
"Packages/com.unity.inputsystem/InputSystem/Controls/InputControlPath.cs",8,"Unity New Input System : \bUnityEngine\.InputSystem\b","using UnityEngine.InputSystem.Utilities;"
"Packages/com.unity.inputsystem/InputSystem/Controls/InputControlPath.cs",19,"Unity New Input System : \bUnityEngine\.InputSystem\b","namespace UnityEngine.InputSystem"
"Packages/com.unity.inputsystem/InputSystem/Controls/InputProcessor.cs",3,"Unity New Input System : \bUnityEngine\.InputSystem\b","using UnityEngine.InputSystem.Layouts;"
"Packages/com.unity.inputsystem/InputSystem/Controls/InputProcessor.cs",4,"Unity New Input System : \bUnityEngine\.InputSystem\b","using UnityEngine.InputSystem.Utilities;"
"Packages/com.unity.inputsystem/InputSystem/Controls/InputProcessor.cs",12,"Unity New Input System : \bUnityEngine\.InputSystem\b","namespace UnityEngine.InputSystem"
"Packages/com.unity.inputsystem/InputSystem/Controls/InputProcessor.cs",41,"Unity New Input System : \bUnityEngine\.InputSystem\b","/// the value type of a processor at compile time and call <see cref=""InputProcessor{TValue}.Process(TValue,UnityEngine.InputSystem.InputControl)""/>"
"Packages/com.unity.inputsystem/InputSystem/Controls/IntegerControl.cs",1,"Unity New Input System : \bUnityEngine\.InputSystem\b","using UnityEngine.InputSystem.LowLevel;"
"Packages/com.unity.inputsystem/InputSystem/Controls/IntegerControl.cs",2,"Unity New Input System : \bUnityEngine\.InputSystem\b","using UnityEngine.InputSystem.Utilities;"
"Packages/com.unity.inputsystem/InputSystem/Controls/IntegerControl.cs",6,"Unity New Input System : \bUnityEngine\.InputSystem\b","namespace UnityEngine.InputSystem.Controls"
"Packages/com.unity.inputsystem/InputSystem/Controls/KeyControl.cs",2,"Unity New Input System : \bUnityEngine\.InputSystem\b","using UnityEngine.InputSystem.LowLevel;"
"Packages/com.unity.inputsystem/InputSystem/Controls/KeyControl.cs",5,"Unity New Input System : \bUnityEngine\.InputSystem\b","namespace UnityEngine.InputSystem.Controls"
"Packages/com.unity.inputsystem/InputSystem/Controls/QuaternionControl.cs",1,"Unity New Input System : \bUnityEngine\.InputSystem\b","using UnityEngine.InputSystem.Layouts;"
"Packages/com.unity.inputsystem/InputSystem/Controls/QuaternionControl.cs",2,"Unity New Input System : \bUnityEngine\.InputSystem\b","using UnityEngine.InputSystem.LowLevel;"
"Packages/com.unity.inputsystem/InputSystem/Controls/QuaternionControl.cs",3,"Unity New Input System : \bUnityEngine\.InputSystem\b","using UnityEngine.InputSystem.Utilities;"
"Packages/com.unity.inputsystem/InputSystem/Controls/QuaternionControl.cs",7,"Unity New Input System : \bUnityEngine\.InputSystem\b","namespace UnityEngine.InputSystem.Controls"
"Packages/com.unity.inputsystem/InputSystem/Controls/StickControl.cs",1,"Unity New Input System : \bUnityEngine\.InputSystem\b","using UnityEngine.InputSystem.Layouts;"
"Packages/com.unity.inputsystem/InputSystem/Controls/StickControl.cs",2,"Unity New Input System : \bUnityEngine\.InputSystem\b","using UnityEngine.InputSystem.Processors;"
"Packages/com.unity.inputsystem/InputSystem/Controls/StickControl.cs",4,"Unity New Input System : \bUnityEngine\.InputSystem\b","namespace UnityEngine.InputSystem.Controls"
"Packages/com.unity.inputsystem/InputSystem/Controls/TouchControl.cs",1,"Unity New Input System : \bUnityEngine\.InputSystem\b","using UnityEngine.InputSystem.Utilities;"
"Packages/com.unity.inputsystem/InputSystem/Controls/TouchControl.cs",3,"Unity New Input System : \bUnityEngine\.InputSystem\b","using UnityEngine.InputSystem.Layouts;"
"Packages/com.unity.inputsystem/InputSystem/Controls/TouchControl.cs",4,"Unity New Input System : \bUnityEngine\.InputSystem\b","using UnityEngine.InputSystem.LowLevel;"
"Packages/com.unity.inputsystem/InputSystem/Controls/TouchControl.cs",9,"Unity New Input System : \bUnityEngine\.InputSystem\b","namespace UnityEngine.InputSystem.Controls"
"Packages/com.unity.inputsystem/InputSystem/Controls/TouchPhaseControl.cs",1,"Unity New Input System : \bUnityEngine\.InputSystem\b","using UnityEngine.InputSystem.Layouts;"
"Packages/com.unity.inputsystem/InputSystem/Controls/TouchPhaseControl.cs",2,"Unity New Input System : \bUnityEngine\.InputSystem\b","using UnityEngine.InputSystem.LowLevel;"
"Packages/com.unity.inputsystem/InputSystem/Controls/TouchPhaseControl.cs",10,"Unity New Input System : \bUnityEngine\.InputSystem\b","namespace UnityEngine.InputSystem.Controls"
"Packages/com.unity.inputsystem/InputSystem/Controls/TouchPressControl.cs",2,"Unity New Input System : \bUnityEngine\.InputSystem\b","using UnityEngine.InputSystem.Layouts;"
"Packages/com.unity.inputsystem/InputSystem/Controls/TouchPressControl.cs",3,"Unity New Input System : \bUnityEngine\.InputSystem\b","using UnityEngine.InputSystem.LowLevel;"
"Packages/com.unity.inputsystem/InputSystem/Controls/TouchPressControl.cs",4,"Unity New Input System : \bUnityEngine\.InputSystem\b","using UnityEngine.InputSystem.Utilities;"
"Packages/com.unity.inputsystem/InputSystem/Controls/TouchPressControl.cs",6,"Unity New Input System : \bUnityEngine\.InputSystem\b","namespace UnityEngine.InputSystem.Controls"
"Packages/com.unity.inputsystem/InputSystem/Controls/Vector2Control.cs",1,"Unity New Input System : \bUnityEngine\.InputSystem\b","using UnityEngine.InputSystem.Layouts;"
"Packages/com.unity.inputsystem/InputSystem/Controls/Vector2Control.cs",2,"Unity New Input System : \bUnityEngine\.InputSystem\b","using UnityEngine.InputSystem.LowLevel;"
"Packages/com.unity.inputsystem/InputSystem/Controls/Vector2Control.cs",3,"Unity New Input System : \bUnityEngine\.InputSystem\b","using UnityEngine.InputSystem.Utilities;"
"Packages/com.unity.inputsystem/InputSystem/Controls/Vector2Control.cs",5,"Unity New Input System : \bUnityEngine\.InputSystem\b","namespace UnityEngine.InputSystem.Controls"
"Packages/com.unity.inputsystem/InputSystem/Controls/Vector3Control.cs",1,"Unity New Input System : \bUnityEngine\.InputSystem\b","using UnityEngine.InputSystem.Layouts;"
"Packages/com.unity.inputsystem/InputSystem/Controls/Vector3Control.cs",2,"Unity New Input System : \bUnityEngine\.InputSystem\b","using UnityEngine.InputSystem.LowLevel;"
"Packages/com.unity.inputsystem/InputSystem/Controls/Vector3Control.cs",3,"Unity New Input System : \bUnityEngine\.InputSystem\b","using UnityEngine.InputSystem.Utilities;"
"Packages/com.unity.inputsystem/InputSystem/Controls/Vector3Control.cs",5,"Unity New Input System : \bUnityEngine\.InputSystem\b","namespace UnityEngine.InputSystem.Controls"
"Packages/com.unity.inputsystem/InputSystem/Devices/Gamepad.cs",4,"Unity New Input System : \bUnityEngine\.InputSystem\b","using UnityEngine.InputSystem.Controls;"
"Packages/com.unity.inputsystem/InputSystem/Devices/Gamepad.cs",5,"Unity New Input System : \bUnityEngine\.InputSystem\b","using UnityEngine.InputSystem.Haptics;"
"Packages/com.unity.inputsystem/InputSystem/Devices/Gamepad.cs",6,"Unity New Input System : \bUnityEngine\.InputSystem\b","using UnityEngine.InputSystem.Layouts;"
"Packages/com.unity.inputsystem/InputSystem/Devices/Gamepad.cs",7,"Unity New Input System : \bUnityEngine\.InputSystem\b","using UnityEngine.InputSystem.LowLevel;"
"Packages/com.unity.inputsystem/InputSystem/Devices/Gamepad.cs",8,"Unity New Input System : \bUnityEngine\.InputSystem\b","using UnityEngine.InputSystem.Utilities;"
"Packages/com.unity.inputsystem/InputSystem/Devices/Gamepad.cs",17,"Unity New Input System : \bUnityEngine\.InputSystem\b","namespace UnityEngine.InputSystem.LowLevel"
"Packages/com.unity.inputsystem/InputSystem/Devices/Gamepad.cs",393,"Unity New Input System : \bUnityEngine\.InputSystem\b","namespace UnityEngine.InputSystem"
"Packages/com.unity.inputsystem/InputSystem/Devices/Gamepad.cs",687,"Unity New Input System : \bUnityEngine\.InputSystem\b","/// using UnityEngine.InputSystem;"
"Packages/com.unity.inputsystem/InputSystem/Devices/ICustomDeviceReset.cs",1,"Unity New Input System : \bUnityEngine\.InputSystem\b","namespace UnityEngine.InputSystem.LowLevel"
"Packages/com.unity.inputsystem/InputSystem/Devices/IEventMerger.cs",1,"Unity New Input System : \bUnityEngine\.InputSystem\b","namespace UnityEngine.InputSystem.LowLevel"
"Packages/com.unity.inputsystem/InputSystem/Devices/IEventPreProcessor.cs",1,"Unity New Input System : \bUnityEngine\.InputSystem\b","namespace UnityEngine.InputSystem.LowLevel"
"Packages/com.unity.inputsystem/InputSystem/Devices/IInputUpdateCallbackReceiver.cs",1,"Unity New Input System : \bUnityEngine\.InputSystem\b","namespace UnityEngine.InputSystem.LowLevel"
"Packages/com.unity.inputsystem/InputSystem/Devices/InputDevice.cs",4,"Unity New Input System : \bUnityEngine\.InputSystem\b","using UnityEngine.InputSystem.LowLevel;"
"Packages/com.unity.inputsystem/InputSystem/Devices/InputDevice.cs",5,"Unity New Input System : \bUnityEngine\.InputSystem\b","using UnityEngine.InputSystem.Utilities;"
"Packages/com.unity.inputsystem/InputSystem/Devices/InputDevice.cs",7,"Unity New Input System : \bUnityEngine\.InputSystem\b","using UnityEngine.InputSystem.Controls;"
"Packages/com.unity.inputsystem/InputSystem/Devices/InputDevice.cs",8,"Unity New Input System : \bUnityEngine\.InputSystem\b","using UnityEngine.InputSystem.Layouts;"
"Packages/com.unity.inputsystem/InputSystem/Devices/InputDevice.cs",31,"Unity New Input System : \bUnityEngine\.InputSystem\b","namespace UnityEngine.InputSystem"
"Packages/com.unity.inputsystem/InputSystem/Devices/InputDevice.cs",63,"Unity New Input System : \bUnityEngine\.InputSystem\b","/// using UnityEngine.InputSystem;"
"Packages/com.unity.inputsystem/InputSystem/Devices/InputDevice.cs",64,"Unity New Input System : \bUnityEngine\.InputSystem\b","/// using UnityEngine.InputSystem.Controls;"
"Packages/com.unity.inputsystem/InputSystem/Devices/InputDevice.cs",65,"Unity New Input System : \bUnityEngine\.InputSystem\b","/// using UnityEngine.InputSystem.Layouts;"
"Packages/com.unity.inputsystem/InputSystem/Devices/InputDevice.cs",66,"Unity New Input System : \bUnityEngine\.InputSystem\b","/// using UnityEngine.InputSystem.LowLevel;"
"Packages/com.unity.inputsystem/InputSystem/Devices/InputDevice.cs",67,"Unity New Input System : \bUnityEngine\.InputSystem\b","/// using UnityEngine.InputSystem.Utilities;"
"Packages/com.unity.inputsystem/InputSystem/Devices/InputDevice.cs",520,"Unity New Input System : \bUnityEngine\.InputSystem\b","/// using UnityEngine.InputSystem;"
"Packages/com.unity.inputsystem/InputSystem/Devices/InputDevice.cs",549,"Unity New Input System : \bUnityEngine\.InputSystem\b","/// using UnityEngine.InputSystem;"
"Packages/com.unity.inputsystem/InputSystem/Devices/InputDeviceBuilder.cs",4,"Unity New Input System : \bUnityEngine\.InputSystem\b","using UnityEngine.InputSystem.Controls;"
"Packages/com.unity.inputsystem/InputSystem/Devices/InputDeviceBuilder.cs",5,"Unity New Input System : \bUnityEngine\.InputSystem\b","using UnityEngine.InputSystem.LowLevel;"
"Packages/com.unity.inputsystem/InputSystem/Devices/InputDeviceBuilder.cs",6,"Unity New Input System : \bUnityEngine\.InputSystem\b","using UnityEngine.InputSystem.Utilities;"
"Packages/com.unity.inputsystem/InputSystem/Devices/InputDeviceBuilder.cs",21,"Unity New Input System : \bUnityEngine\.InputSystem\b","namespace UnityEngine.InputSystem.Layouts"
"Packages/com.unity.inputsystem/InputSystem/Devices/InputDeviceChange.cs",2,"Unity New Input System : \bUnityEngine\.InputSystem\b","using UnityEngine.InputSystem.LowLevel;"
"Packages/com.unity.inputsystem/InputSystem/Devices/InputDeviceChange.cs",3,"Unity New Input System : \bUnityEngine\.InputSystem\b","using UnityEngine.InputSystem.Utilities;"
"Packages/com.unity.inputsystem/InputSystem/Devices/InputDeviceChange.cs",5,"Unity New Input System : \bUnityEngine\.InputSystem\b","namespace UnityEngine.InputSystem"
"Packages/com.unity.inputsystem/InputSystem/Devices/InputDeviceDescription.cs",2,"Unity New Input System : \bUnityEngine\.InputSystem\b","using UnityEngine.InputSystem.Utilities;"
"Packages/com.unity.inputsystem/InputSystem/Devices/InputDeviceDescription.cs",7,"Unity New Input System : \bUnityEngine\.InputSystem\b","namespace UnityEngine.InputSystem.Layouts"
"Packages/com.unity.inputsystem/InputSystem/Devices/InputDeviceMatcher.cs",5,"Unity New Input System : \bUnityEngine\.InputSystem\b","using UnityEngine.InputSystem.Utilities;"
"Packages/com.unity.inputsystem/InputSystem/Devices/InputDeviceMatcher.cs",7,"Unity New Input System : \bUnityEngine\.InputSystem\b","namespace UnityEngine.InputSystem.Layouts"
"Packages/com.unity.inputsystem/InputSystem/Devices/ITextInputReceiver.cs",1,"Unity New Input System : \bUnityEngine\.InputSystem\b","namespace UnityEngine.InputSystem.LowLevel"
"Packages/com.unity.inputsystem/InputSystem/Devices/Joystick.cs",1,"Unity New Input System : \bUnityEngine\.InputSystem\b","using UnityEngine.InputSystem.Controls;"
"Packages/com.unity.inputsystem/InputSystem/Devices/Joystick.cs",2,"Unity New Input System : \bUnityEngine\.InputSystem\b","using UnityEngine.InputSystem.Layouts;"
"Packages/com.unity.inputsystem/InputSystem/Devices/Joystick.cs",3,"Unity New Input System : \bUnityEngine\.InputSystem\b","using UnityEngine.InputSystem.LowLevel;"
"Packages/com.unity.inputsystem/InputSystem/Devices/Joystick.cs",4,"Unity New Input System : \bUnityEngine\.InputSystem\b","using UnityEngine.InputSystem.Utilities;"
"Packages/com.unity.inputsystem/InputSystem/Devices/Joystick.cs",6,"Unity New Input System : \bUnityEngine\.InputSystem\b","namespace UnityEngine.InputSystem.LowLevel"
"Packages/com.unity.inputsystem/InputSystem/Devices/Joystick.cs",33,"Unity New Input System : \bUnityEngine\.InputSystem\b","namespace UnityEngine.InputSystem"
"Packages/com.unity.inputsystem/InputSystem/Devices/Keyboard.cs",3,"Unity New Input System : \bUnityEngine\.InputSystem\b","using UnityEngine.InputSystem.Controls;"
"Packages/com.unity.inputsystem/InputSystem/Devices/Keyboard.cs",4,"Unity New Input System : \bUnityEngine\.InputSystem\b","using UnityEngine.InputSystem.LowLevel;"
"Packages/com.unity.inputsystem/InputSystem/Devices/Keyboard.cs",5,"Unity New Input System : \bUnityEngine\.InputSystem\b","using UnityEngine.InputSystem.Utilities;"
"Packages/com.unity.inputsystem/InputSystem/Devices/Keyboard.cs",7,"Unity New Input System : \bUnityEngine\.InputSystem\b","using UnityEngine.InputSystem.Layouts;"
"Packages/com.unity.inputsystem/InputSystem/Devices/Keyboard.cs",13,"Unity New Input System : \bUnityEngine\.InputSystem\b","namespace UnityEngine.InputSystem.LowLevel"
"Packages/com.unity.inputsystem/InputSystem/Devices/Keyboard.cs",24,"Unity New Input System : \bUnityEngine\.InputSystem\b","/// using UnityEngine.InputSystem;"
"Packages/com.unity.inputsystem/InputSystem/Devices/Keyboard.cs",25,"Unity New Input System : \bUnityEngine\.InputSystem\b","/// using UnityEngine.InputSystem.LowLevel;"
"Packages/com.unity.inputsystem/InputSystem/Devices/Keyboard.cs",246,"Unity New Input System : \bUnityEngine\.InputSystem\b","namespace UnityEngine.InputSystem"
"Packages/com.unity.inputsystem/InputSystem/Devices/Keyboard.cs",279,"Unity New Input System : \bUnityEngine\.InputSystem\b","/// using UnityEngine.InputSystem;"
"Packages/com.unity.inputsystem/InputSystem/Devices/Keyboard.cs",1019,"Unity New Input System : \bUnityEngine\.InputSystem\b","/// using UnityEngine.InputSystem;"
"Packages/com.unity.inputsystem/InputSystem/Devices/Keyboard.cs",1061,"Unity New Input System : \bUnityEngine\.InputSystem\b","/// using UnityEngine.InputSystem;"
"Packages/com.unity.inputsystem/InputSystem/Devices/Keyboard.cs",1132,"Unity New Input System : \bUnityEngine\.InputSystem\b","/// The composition string is held by the <see cref=""UnityEngine.InputSystem.LowLevel.IMECompositionString""/> struct."
"Packages/com.unity.inputsystem/InputSystem/Devices/Keyboard.cs",1147,"Unity New Input System : \bUnityEngine\.InputSystem\b","/// using UnityEngine.InputSystem;"
"Packages/com.unity.inputsystem/InputSystem/Devices/Keyboard.cs",1192,"Unity New Input System : \bUnityEngine\.InputSystem\b","/// using UnityEngine.InputSystem;"
"Packages/com.unity.inputsystem/InputSystem/Devices/Keyboard.cs",1229,"Unity New Input System : \bUnityEngine\.InputSystem\b","/// using UnityEngine.InputSystem;"
"Packages/com.unity.inputsystem/InputSystem/Devices/Keyboard.cs",2355,"Unity New Input System : \bUnityEngine\.InputSystem\b","/// using UnityEngine.InputSystem;"
"Packages/com.unity.inputsystem/InputSystem/Devices/Keyboard.cs",2392,"Unity New Input System : \bUnityEngine\.InputSystem\b","/// using UnityEngine.InputSystem;"
"Packages/com.unity.inputsystem/InputSystem/Devices/Keyboard.cs",2393,"Unity New Input System : \bUnityEngine\.InputSystem\b","/// using UnityEngine.InputSystem.Controls;"
"Packages/com.unity.inputsystem/InputSystem/Devices/Keyboard.cs",2577,"Unity New Input System : \bUnityEngine\.InputSystem\b","/// using UnityEngine.InputSystem;"
"Packages/com.unity.inputsystem/InputSystem/Devices/Keyboard.cs",2610,"Unity New Input System : \bUnityEngine\.InputSystem\b","/// using UnityEngine.InputSystem;"
"Packages/com.unity.inputsystem/InputSystem/Devices/Keyboard.cs",2642,"Unity New Input System : \bUnityEngine\.InputSystem\b","/// using UnityEngine.InputSystem;"
"Packages/com.unity.inputsystem/InputSystem/Devices/Keyboard.cs",2643,"Unity New Input System : \bUnityEngine\.InputSystem\b","/// using UnityEngine.InputSystem.LowLevel;"
"Packages/com.unity.inputsystem/InputSystem/Devices/Mouse.cs",2,"Unity New Input System : \bUnityEngine\.InputSystem\b","using UnityEngine.InputSystem.Controls;"
"Packages/com.unity.inputsystem/InputSystem/Devices/Mouse.cs",3,"Unity New Input System : \bUnityEngine\.InputSystem\b","using UnityEngine.InputSystem.Layouts;"
"Packages/com.unity.inputsystem/InputSystem/Devices/Mouse.cs",4,"Unity New Input System : \bUnityEngine\.InputSystem\b","using UnityEngine.InputSystem.LowLevel;"
"Packages/com.unity.inputsystem/InputSystem/Devices/Mouse.cs",5,"Unity New Input System : \bUnityEngine\.InputSystem\b","using UnityEngine.InputSystem.Utilities;"
"Packages/com.unity.inputsystem/InputSystem/Devices/Mouse.cs",9,"Unity New Input System : \bUnityEngine\.InputSystem\b","namespace UnityEngine.InputSystem.LowLevel"
"Packages/com.unity.inputsystem/InputSystem/Devices/Mouse.cs",168,"Unity New Input System : \bUnityEngine\.InputSystem\b","namespace UnityEngine.InputSystem"
"Packages/com.unity.inputsystem/InputSystem/Devices/Mouse.cs",183,"Unity New Input System : \bUnityEngine\.InputSystem\b","/// using UnityEngine.InputSystem;"
"Packages/com.unity.inputsystem/InputSystem/Devices/Pen.cs",4,"Unity New Input System : \bUnityEngine\.InputSystem\b","using UnityEngine.InputSystem.Controls;"
"Packages/com.unity.inputsystem/InputSystem/Devices/Pen.cs",5,"Unity New Input System : \bUnityEngine\.InputSystem\b","using UnityEngine.InputSystem.Layouts;"
"Packages/com.unity.inputsystem/InputSystem/Devices/Pen.cs",6,"Unity New Input System : \bUnityEngine\.InputSystem\b","using UnityEngine.InputSystem.LowLevel;"
"Packages/com.unity.inputsystem/InputSystem/Devices/Pen.cs",7,"Unity New Input System : \bUnityEngine\.InputSystem\b","using UnityEngine.InputSystem.Utilities;"
"Packages/com.unity.inputsystem/InputSystem/Devices/Pen.cs",17,"Unity New Input System : \bUnityEngine\.InputSystem\b","namespace UnityEngine.InputSystem.LowLevel"
"Packages/com.unity.inputsystem/InputSystem/Devices/Pen.cs",130,"Unity New Input System : \bUnityEngine\.InputSystem\b","namespace UnityEngine.InputSystem"
"Packages/com.unity.inputsystem/InputSystem/Devices/Pointer.cs",2,"Unity New Input System : \bUnityEngine\.InputSystem\b","using UnityEngine.InputSystem.Controls;"
"Packages/com.unity.inputsystem/InputSystem/Devices/Pointer.cs",3,"Unity New Input System : \bUnityEngine\.InputSystem\b","using UnityEngine.InputSystem.Layouts;"
"Packages/com.unity.inputsystem/InputSystem/Devices/Pointer.cs",4,"Unity New Input System : \bUnityEngine\.InputSystem\b","using UnityEngine.InputSystem.LowLevel;"
"Packages/com.unity.inputsystem/InputSystem/Devices/Pointer.cs",5,"Unity New Input System : \bUnityEngine\.InputSystem\b","using UnityEngine.InputSystem.Utilities;"
"Packages/com.unity.inputsystem/InputSystem/Devices/Pointer.cs",28,"Unity New Input System : \bUnityEngine\.InputSystem\b","namespace UnityEngine.InputSystem.LowLevel"
"Packages/com.unity.inputsystem/InputSystem/Devices/Pointer.cs",70,"Unity New Input System : \bUnityEngine\.InputSystem\b","namespace UnityEngine.InputSystem"
"Packages/com.unity.inputsystem/InputSystem/Devices/Sensor.cs",2,"Unity New Input System : \bUnityEngine\.InputSystem\b","using UnityEngine.InputSystem.Controls;"
"Packages/com.unity.inputsystem/InputSystem/Devices/Sensor.cs",3,"Unity New Input System : \bUnityEngine\.InputSystem\b","using UnityEngine.InputSystem.Layouts;"
"Packages/com.unity.inputsystem/InputSystem/Devices/Sensor.cs",4,"Unity New Input System : \bUnityEngine\.InputSystem\b","using UnityEngine.InputSystem.LowLevel;"
"Packages/com.unity.inputsystem/InputSystem/Devices/Sensor.cs",5,"Unity New Input System : \bUnityEngine\.InputSystem\b","using UnityEngine.InputSystem.Utilities;"
"Packages/com.unity.inputsystem/InputSystem/Devices/Sensor.cs",8,"Unity New Input System : \b(Accelerometer|Gyroscope|Compass|AttitudeSensor|GravitySensor|LinearAccelerationSensor|OrientationSensor|Magnetometer|Barometer|ProximitySensor|LightSensor|StepCounter|Pedometer)\b","////      (e.g. GravitySensor should itself be an InputControl returning a Vector3 value which is the gravity value)"
"Packages/com.unity.inputsystem/InputSystem/Devices/Sensor.cs",12,"Unity New Input System : \bUnityEngine\.InputSystem\b","namespace UnityEngine.InputSystem.LowLevel"
"Packages/com.unity.inputsystem/InputSystem/Devices/Sensor.cs",65,"Unity New Input System : \bUnityEngine\.InputSystem\b","namespace UnityEngine.InputSystem"
"Packages/com.unity.inputsystem/InputSystem/Devices/Sensor.cs",71,"Unity Old Input System : \bInput\.gyro\b|\bGyroscope\b","/// Sensors represent device environmental sensors, such as <see cref=""Accelerometer""/>s, <see cref=""Gyroscope""/>s,"
"Packages/com.unity.inputsystem/InputSystem/Devices/Sensor.cs",72,"Unity New Input System : \b(Accelerometer|Gyroscope|Compass|AttitudeSensor|GravitySensor|LinearAccelerationSensor|OrientationSensor|Magnetometer|Barometer|ProximitySensor|LightSensor|StepCounter|Pedometer)\b","/// <see cref=""GravitySensor""/>s and others."
"Packages/com.unity.inputsystem/InputSystem/Devices/Sensor.cs",80,"Unity Old Input System : \bInput\.gyro\b|\bGyroscope\b","/// // Enable the gyroscope."
"Packages/com.unity.inputsystem/InputSystem/Devices/Sensor.cs",81,"Unity Old Input System : \bInput\.gyro\b|\bGyroscope\b","/// InputSystem.EnableDevice(Gyroscope.current);"
"Packages/com.unity.inputsystem/InputSystem/Devices/Sensor.cs",127,"Unity New Input System : \b(Accelerometer|Gyroscope|Compass|AttitudeSensor|GravitySensor|LinearAccelerationSensor|OrientationSensor|Magnetometer|Barometer|ProximitySensor|LightSensor|StepCounter|Pedometer)\b","/// Input device representing an accelerometer sensor."
"Packages/com.unity.inputsystem/InputSystem/Devices/Sensor.cs",130,"Unity New Input System : \b(Accelerometer|Gyroscope|Compass|AttitudeSensor|GravitySensor|LinearAccelerationSensor|OrientationSensor|Magnetometer|Barometer|ProximitySensor|LightSensor|StepCounter|Pedometer)\b","/// An accelerometer let's you measure the acceleration of a device, and can be useful to control content by moving a device around."
"Packages/com.unity.inputsystem/InputSystem/Devices/Sensor.cs",131,"Unity New Input System : \b(Accelerometer|Gyroscope|Compass|AttitudeSensor|GravitySensor|LinearAccelerationSensor|OrientationSensor|Magnetometer|Barometer|ProximitySensor|LightSensor|StepCounter|Pedometer)\b","/// Note that the accelerometer will report the acceleration measured on a device both due to moving the device around, and due gravity"
"Packages/com.unity.inputsystem/InputSystem/Devices/Sensor.cs",132,"Unity New Input System : \b(Accelerometer|Gyroscope|Compass|AttitudeSensor|GravitySensor|LinearAccelerationSensor|OrientationSensor|Magnetometer|Barometer|ProximitySensor|LightSensor|StepCounter|Pedometer)\b","/// pulling the device down. You can use <see cref=""GravitySensor""/> and <see cref=""LinearAccelerationSensor""/> to get decoupled values"
"Packages/com.unity.inputsystem/InputSystem/Devices/Sensor.cs",142,"Unity New Input System : \b(Accelerometer|Gyroscope|Compass|AttitudeSensor|GravitySensor|LinearAccelerationSensor|OrientationSensor|Magnetometer|Barometer|ProximitySensor|LightSensor|StepCounter|Pedometer)\b","///         InputSystem.EnableDevice(Accelerometer.current);"
"Packages/com.unity.inputsystem/InputSystem/Devices/Sensor.cs",147,"Unity New Input System : \b(Accelerometer|Gyroscope|Compass|AttitudeSensor|GravitySensor|LinearAccelerationSensor|OrientationSensor|Magnetometer|Barometer|ProximitySensor|LightSensor|StepCounter|Pedometer)\b","///         InputSystem.DisableDevice(Accelerometer.current);"
"Packages/com.unity.inputsystem/InputSystem/Devices/Sensor.cs",152,"Unity New Input System : \b(Accelerometer|Gyroscope|Compass|AttitudeSensor|GravitySensor|LinearAccelerationSensor|OrientationSensor|Magnetometer|Barometer|ProximitySensor|LightSensor|StepCounter|Pedometer)\b","///         var acceleration = Accelerometer.current.acceleration.ReadValue();"
"Packages/com.unity.inputsystem/InputSystem/Devices/Sensor.cs",160,"Unity New Input System : \b(Accelerometer|Gyroscope|Compass|AttitudeSensor|GravitySensor|LinearAccelerationSensor|OrientationSensor|Magnetometer|Barometer|ProximitySensor|LightSensor|StepCounter|Pedometer)\b","public class Accelerometer : Sensor"
"Packages/com.unity.inputsystem/InputSystem/Devices/Sensor.cs",165,"Unity New Input System : \b(Accelerometer|Gyroscope|Compass|AttitudeSensor|GravitySensor|LinearAccelerationSensor|OrientationSensor|Magnetometer|Barometer|ProximitySensor|LightSensor|StepCounter|Pedometer)\b","/// The accelerometer that was last added or had activity last."
"Packages/com.unity.inputsystem/InputSystem/Devices/Sensor.cs",167,"Unity New Input System : \b(Accelerometer|Gyroscope|Compass|AttitudeSensor|GravitySensor|LinearAccelerationSensor|OrientationSensor|Magnetometer|Barometer|ProximitySensor|LightSensor|StepCounter|Pedometer)\b","/// <value>Current accelerometer or <c>null</c>.</value>"
"Packages/com.unity.inputsystem/InputSystem/Devices/Sensor.cs",168,"Unity New Input System : \b(Accelerometer|Gyroscope|Compass|AttitudeSensor|GravitySensor|LinearAccelerationSensor|OrientationSensor|Magnetometer|Barometer|ProximitySensor|LightSensor|StepCounter|Pedometer)\b","public static Accelerometer current { get; private set; }"
"Packages/com.unity.inputsystem/InputSystem/Devices/Sensor.cs",194,"Unity Old Input System : \bInput\.gyro\b|\bGyroscope\b","/// Input device representing a gyroscope sensor."
"Packages/com.unity.inputsystem/InputSystem/Devices/Sensor.cs",197,"Unity Old Input System : \bInput\.gyro\b|\bGyroscope\b","/// A gyroscope lets you measure the angular velocity of a device, and can be useful to control content by rotating a device."
"Packages/com.unity.inputsystem/InputSystem/Devices/Sensor.cs",200,"Unity Old Input System : \bInput\.gyro\b|\bGyroscope\b","public class Gyroscope : Sensor"
"Packages/com.unity.inputsystem/InputSystem/Devices/Sensor.cs",205,"Unity Old Input System : \bInput\.gyro\b|\bGyroscope\b","/// The gyroscope that was last added or had activity last."
"Packages/com.unity.inputsystem/InputSystem/Devices/Sensor.cs",207,"Unity Old Input System : \bInput\.gyro\b|\bGyroscope\b","/// <value>Current gyroscope or <c>null</c>.</value>"
"Packages/com.unity.inputsystem/InputSystem/Devices/Sensor.cs",208,"Unity Old Input System : \bInput\.gyro\b|\bGyroscope\b","public static Gyroscope current { get; private set; }"
"Packages/com.unity.inputsystem/InputSystem/Devices/Sensor.cs",238,"Unity New Input System : \b(Accelerometer|Gyroscope|Compass|AttitudeSensor|GravitySensor|LinearAccelerationSensor|OrientationSensor|Magnetometer|Barometer|ProximitySensor|LightSensor|StepCounter|Pedometer)\b","/// This is usually derived from a hardware <see cref=""Accelerometer""/>, by subtracting the effect of linear acceleration (see <see cref=""LinearAccelerationSensor""/>)."
"Packages/com.unity.inputsystem/InputSystem/Devices/Sensor.cs",241,"Unity New Input System : \b(Accelerometer|Gyroscope|Compass|AttitudeSensor|GravitySensor|LinearAccelerationSensor|OrientationSensor|Magnetometer|Barometer|ProximitySensor|LightSensor|StepCounter|Pedometer)\b","public class GravitySensor : Sensor"
"Packages/com.unity.inputsystem/InputSystem/Devices/Sensor.cs",249,"Unity New Input System : \b(Accelerometer|Gyroscope|Compass|AttitudeSensor|GravitySensor|LinearAccelerationSensor|OrientationSensor|Magnetometer|Barometer|ProximitySensor|LightSensor|StepCounter|Pedometer)\b","public static GravitySensor current { get; private set; }"
"Packages/com.unity.inputsystem/InputSystem/Devices/Sensor.cs",275,"Unity Old Input System : \bInput\.gyro\b|\bGyroscope\b","////         This is the same as https://docs.unity3d.com/ScriptReference/Gyroscope-attitude.html"
"Packages/com.unity.inputsystem/InputSystem/Devices/Sensor.cs",283,"Unity New Input System : \b(Accelerometer|Gyroscope|Compass|AttitudeSensor|GravitySensor|LinearAccelerationSensor|OrientationSensor|Magnetometer|Barometer|ProximitySensor|LightSensor|StepCounter|Pedometer)\b","public class AttitudeSensor : Sensor"
"Packages/com.unity.inputsystem/InputSystem/Devices/Sensor.cs",291,"Unity New Input System : \b(Accelerometer|Gyroscope|Compass|AttitudeSensor|GravitySensor|LinearAccelerationSensor|OrientationSensor|Magnetometer|Barometer|ProximitySensor|LightSensor|StepCounter|Pedometer)\b","public static AttitudeSensor current { get; private set; }"
"Packages/com.unity.inputsystem/InputSystem/Devices/Sensor.cs",320,"Unity New Input System : \b(Accelerometer|Gyroscope|Compass|AttitudeSensor|GravitySensor|LinearAccelerationSensor|OrientationSensor|Magnetometer|Barometer|ProximitySensor|LightSensor|StepCounter|Pedometer)\b","/// An accelerometer let's you measure the acceleration of a device, and can be useful to control content by moving a device around."
"Packages/com.unity.inputsystem/InputSystem/Devices/Sensor.cs",322,"Unity New Input System : \b(Accelerometer|Gyroscope|Compass|AttitudeSensor|GravitySensor|LinearAccelerationSensor|OrientationSensor|Magnetometer|Barometer|ProximitySensor|LightSensor|StepCounter|Pedometer)\b","/// This is usually derived from a hardware <see cref=""Accelerometer""/>, by subtracting the effect of gravity (see <see cref=""GravitySensor""/>)."
"Packages/com.unity.inputsystem/InputSystem/Devices/Sensor.cs",325,"Unity New Input System : \b(Accelerometer|Gyroscope|Compass|AttitudeSensor|GravitySensor|LinearAccelerationSensor|OrientationSensor|Magnetometer|Barometer|ProximitySensor|LightSensor|StepCounter|Pedometer)\b","public class LinearAccelerationSensor : Sensor"
"Packages/com.unity.inputsystem/InputSystem/Devices/Sensor.cs",333,"Unity New Input System : \b(Accelerometer|Gyroscope|Compass|AttitudeSensor|GravitySensor|LinearAccelerationSensor|OrientationSensor|Magnetometer|Barometer|ProximitySensor|LightSensor|StepCounter|Pedometer)\b","public static LinearAccelerationSensor current { get; private set; }"
"Packages/com.unity.inputsystem/InputSystem/Devices/Sensor.cs",407,"Unity New Input System : \b(Accelerometer|Gyroscope|Compass|AttitudeSensor|GravitySensor|LinearAccelerationSensor|OrientationSensor|Magnetometer|Barometer|ProximitySensor|LightSensor|StepCounter|Pedometer)\b","public class LightSensor : Sensor"
"Packages/com.unity.inputsystem/InputSystem/Devices/Sensor.cs",419,"Unity New Input System : \b(Accelerometer|Gyroscope|Compass|AttitudeSensor|GravitySensor|LinearAccelerationSensor|OrientationSensor|Magnetometer|Barometer|ProximitySensor|LightSensor|StepCounter|Pedometer)\b","public static LightSensor current { get; private set; }"
"Packages/com.unity.inputsystem/InputSystem/Devices/Sensor.cs",492,"Unity New Input System : \b(Accelerometer|Gyroscope|Compass|AttitudeSensor|GravitySensor|LinearAccelerationSensor|OrientationSensor|Magnetometer|Barometer|ProximitySensor|LightSensor|StepCounter|Pedometer)\b","public class ProximitySensor : Sensor"
"Packages/com.unity.inputsystem/InputSystem/Devices/Sensor.cs",504,"Unity New Input System : \b(Accelerometer|Gyroscope|Compass|AttitudeSensor|GravitySensor|LinearAccelerationSensor|OrientationSensor|Magnetometer|Barometer|ProximitySensor|LightSensor|StepCounter|Pedometer)\b","public static ProximitySensor current { get; private set; }"
"Packages/com.unity.inputsystem/InputSystem/Devices/Sensor.cs",618,"Unity New Input System : \b(Accelerometer|Gyroscope|Compass|AttitudeSensor|GravitySensor|LinearAccelerationSensor|OrientationSensor|Magnetometer|Barometer|ProximitySensor|LightSensor|StepCounter|Pedometer)\b","public class StepCounter : Sensor"
"Packages/com.unity.inputsystem/InputSystem/Devices/Sensor.cs",624,"Unity New Input System : \b(Accelerometer|Gyroscope|Compass|AttitudeSensor|GravitySensor|LinearAccelerationSensor|OrientationSensor|Magnetometer|Barometer|ProximitySensor|LightSensor|StepCounter|Pedometer)\b","public IntegerControl stepCounter { get; protected set; }"
"Packages/com.unity.inputsystem/InputSystem/Devices/Sensor.cs",630,"Unity New Input System : \b(Accelerometer|Gyroscope|Compass|AttitudeSensor|GravitySensor|LinearAccelerationSensor|OrientationSensor|Magnetometer|Barometer|ProximitySensor|LightSensor|StepCounter|Pedometer)\b","public static StepCounter current { get; private set; }"
"Packages/com.unity.inputsystem/InputSystem/Devices/Sensor.cs",650,"Unity New Input System : \b(Accelerometer|Gyroscope|Compass|AttitudeSensor|GravitySensor|LinearAccelerationSensor|OrientationSensor|Magnetometer|Barometer|ProximitySensor|LightSensor|StepCounter|Pedometer)\b","stepCounter = GetChildControl<IntegerControl>(""stepCounter"");"
"Packages/com.unity.inputsystem/InputSystem/Devices/Touchscreen.cs",5,"Unity New Input System : \bUnityEngine\.InputSystem\b","using UnityEngine.InputSystem.Controls;"
"Packages/com.unity.inputsystem/InputSystem/Devices/Touchscreen.cs",6,"Unity New Input System : \bUnityEngine\.InputSystem\b","using UnityEngine.InputSystem.Layouts;"
"Packages/com.unity.inputsystem/InputSystem/Devices/Touchscreen.cs",7,"Unity New Input System : \bUnityEngine\.InputSystem\b","using UnityEngine.InputSystem.LowLevel;"
"Packages/com.unity.inputsystem/InputSystem/Devices/Touchscreen.cs",8,"Unity New Input System : \bUnityEngine\.InputSystem\b","using UnityEngine.InputSystem.Utilities;"
"Packages/com.unity.inputsystem/InputSystem/Devices/Touchscreen.cs",30,"Unity New Input System : \bUnityEngine\.InputSystem\b","namespace UnityEngine.InputSystem.LowLevel"
"Packages/com.unity.inputsystem/InputSystem/Devices/Touchscreen.cs",409,"Unity New Input System : \bUnityEngine\.InputSystem\b","namespace UnityEngine.InputSystem"
"Packages/com.unity.inputsystem/InputSystem/Devices/Touchscreen.cs",453,"Unity New Input System : \bUnityEngine\.InputSystem\b","/// return this value for <see cref=""TouchControl.phase""/>. It is, however, used by <see cref=""UnityEngine.InputSystem.EnhancedTouch.Touch""/>."
"Packages/com.unity.inputsystem/InputSystem/Devices/TrackedDevice.cs",1,"Unity New Input System : \bUnityEngine\.InputSystem\b","using UnityEngine.InputSystem.Controls;"
"Packages/com.unity.inputsystem/InputSystem/Devices/TrackedDevice.cs",2,"Unity New Input System : \bUnityEngine\.InputSystem\b","using UnityEngine.InputSystem.Layouts;"
"Packages/com.unity.inputsystem/InputSystem/Devices/TrackedDevice.cs",5,"Unity New Input System : \bUnityEngine\.InputSystem\b","namespace UnityEngine.InputSystem"
"Packages/com.unity.inputsystem/InputSystem/Devices/TrackedDevice.cs",10,"Unity New Input System : \bUnityEngine\.InputSystem\b","/// <seealso cref=""UnityEngine.InputSystem.XR.XRController""/>"
"Packages/com.unity.inputsystem/InputSystem/Devices/TrackedDevice.cs",11,"Unity New Input System : \bUnityEngine\.InputSystem\b","/// <seealso cref=""UnityEngine.InputSystem.XR.XRHMD""/>"
"Packages/com.unity.inputsystem/InputSystem/Editor/Dialog.cs",6,"Unity New Input System : \bUnityEngine\.InputSystem\b","namespace UnityEngine.InputSystem.Editor"
"Packages/com.unity.inputsystem/InputSystem/Editor/DownloadableSample.cs",5,"Unity New Input System : \bUnityEngine\.InputSystem\b","using UnityEngine.InputSystem;"
"Packages/com.unity.inputsystem/InputSystem/Editor/EditorInputControlLayoutCache.cs",5,"Unity New Input System : \bUnityEngine\.InputSystem\b","using UnityEngine.InputSystem.Layouts;"
"Packages/com.unity.inputsystem/InputSystem/Editor/EditorInputControlLayoutCache.cs",6,"Unity New Input System : \bUnityEngine\.InputSystem\b","using UnityEngine.InputSystem.DualShock;"
"Packages/com.unity.inputsystem/InputSystem/Editor/EditorInputControlLayoutCache.cs",7,"Unity New Input System : \bUnityEngine\.InputSystem\b","using UnityEngine.InputSystem.Utilities;"
"Packages/com.unity.inputsystem/InputSystem/Editor/EditorInputControlLayoutCache.cs",9,"Unity New Input System : \bUnityEngine\.InputSystem\b","namespace UnityEngine.InputSystem.Editor"
"Packages/com.unity.inputsystem/InputSystem/Editor/InputAssetEditorUtils.cs",7,"Unity New Input System : \bUnityEngine\.InputSystem\b","namespace UnityEngine.InputSystem.Editor"
"Packages/com.unity.inputsystem/InputSystem/Editor/InputDiagnostics.cs",2,"Unity New Input System : \bUnityEngine\.InputSystem\b","using UnityEngine.InputSystem.LowLevel;"
"Packages/com.unity.inputsystem/InputSystem/Editor/InputDiagnostics.cs",4,"Unity New Input System : \bUnityEngine\.InputSystem\b","namespace UnityEngine.InputSystem.Editor"
"Packages/com.unity.inputsystem/InputSystem/Editor/InputLayoutCodeGenerator.cs",9,"Unity New Input System : \bUnityEngine\.InputSystem\b","using UnityEngine.InputSystem.Controls;"
"Packages/com.unity.inputsystem/InputSystem/Editor/InputLayoutCodeGenerator.cs",10,"Unity New Input System : \bUnityEngine\.InputSystem\b","using UnityEngine.InputSystem.Layouts;"
"Packages/com.unity.inputsystem/InputSystem/Editor/InputLayoutCodeGenerator.cs",11,"Unity New Input System : \bUnityEngine\.InputSystem\b","using UnityEngine.InputSystem.Processors;"
"Packages/com.unity.inputsystem/InputSystem/Editor/InputLayoutCodeGenerator.cs",12,"Unity New Input System : \bUnityEngine\.InputSystem\b","using UnityEngine.InputSystem.Utilities;"
"Packages/com.unity.inputsystem/InputSystem/Editor/InputLayoutCodeGenerator.cs",14,"Unity New Input System : \bUnityEngine\.InputSystem\b","namespace UnityEngine.InputSystem.Editor"
"Packages/com.unity.inputsystem/InputSystem/Editor/InputLayoutCodeGenerator.cs",104,"Unity New Input System : \bUnityEngine\.InputSystem\b","writer.WriteLine(""using UnityEngine.InputSystem;"");"
"Packages/com.unity.inputsystem/InputSystem/Editor/InputLayoutCodeGenerator.cs",105,"Unity New Input System : \bUnityEngine\.InputSystem\b","writer.WriteLine(""using UnityEngine.InputSystem.LowLevel;"");"
"Packages/com.unity.inputsystem/InputSystem/Editor/InputLayoutCodeGenerator.cs",106,"Unity New Input System : \bUnityEngine\.InputSystem\b","writer.WriteLine(""using UnityEngine.InputSystem.Utilities;"");"
"Packages/com.unity.inputsystem/InputSystem/Editor/InputLayoutCodeGenerator.cs",390,"Unity New Input System : \bUnityEngine\.InputSystem\b","writer.WriteLine($""{controlVariableName}.keyCode = UnityEngine.InputSystem.Key.{key.keyCode};"");"
"Packages/com.unity.inputsystem/InputSystem/Editor/InputParameterEditor.cs",6,"Unity New Input System : \bUnityEngine\.InputSystem\b","using UnityEngine.InputSystem.Utilities;"
"Packages/com.unity.inputsystem/InputSystem/Editor/InputParameterEditor.cs",11,"Unity New Input System : \bUnityEngine\.InputSystem\b","namespace UnityEngine.InputSystem.Editor"
"Packages/com.unity.inputsystem/InputSystem/Editor/InputSystemPackageControl.cs",7,"Unity New Input System : \bUnityEngine\.InputSystem\b","namespace UnityEngine.InputSystem.Editor"
"Packages/com.unity.inputsystem/InputSystem/Editor/InputSystemPluginControl.cs",6,"Unity New Input System : \bUnityEngine\.InputSystem\b","namespace UnityEngine.InputSystem.Editor"
"Packages/com.unity.inputsystem/InputSystem/Events/ActionEvent.cs",3,"Unity New Input System : \bUnityEngine\.InputSystem\b","using UnityEngine.InputSystem.Utilities;"
"Packages/com.unity.inputsystem/InputSystem/Events/ActionEvent.cs",7,"Unity New Input System : \bUnityEngine\.InputSystem\b","namespace UnityEngine.InputSystem.LowLevel"
"Packages/com.unity.inputsystem/InputSystem/Events/DeltaStateEvent.cs",5,"Unity New Input System : \bUnityEngine\.InputSystem\b","using UnityEngine.InputSystem.Utilities;"
"Packages/com.unity.inputsystem/InputSystem/Events/DeltaStateEvent.cs",7,"Unity New Input System : \bUnityEngine\.InputSystem\b","namespace UnityEngine.InputSystem.LowLevel"
"Packages/com.unity.inputsystem/InputSystem/Events/DeviceConfigurationEvent.cs",2,"Unity New Input System : \bUnityEngine\.InputSystem\b","using UnityEngine.InputSystem.Utilities;"
"Packages/com.unity.inputsystem/InputSystem/Events/DeviceConfigurationEvent.cs",6,"Unity New Input System : \bUnityEngine\.InputSystem\b","namespace UnityEngine.InputSystem.LowLevel"
"Packages/com.unity.inputsystem/InputSystem/Events/DeviceRemoveEvent.cs",2,"Unity New Input System : \bUnityEngine\.InputSystem\b","using UnityEngine.InputSystem.Utilities;"
"Packages/com.unity.inputsystem/InputSystem/Events/DeviceRemoveEvent.cs",4,"Unity New Input System : \bUnityEngine\.InputSystem\b","namespace UnityEngine.InputSystem.LowLevel"
"Packages/com.unity.inputsystem/InputSystem/Events/DeviceResetEvent.cs",2,"Unity New Input System : \bUnityEngine\.InputSystem\b","using UnityEngine.InputSystem.Utilities;"
"Packages/com.unity.inputsystem/InputSystem/Events/DeviceResetEvent.cs",4,"Unity New Input System : \bUnityEngine\.InputSystem\b","namespace UnityEngine.InputSystem.LowLevel"
"Packages/com.unity.inputsystem/InputSystem/Events/IInputEventTypeInfo.cs",1,"Unity New Input System : \bUnityEngine\.InputSystem\b","using UnityEngine.InputSystem.Utilities;"
"Packages/com.unity.inputsystem/InputSystem/Events/IInputEventTypeInfo.cs",3,"Unity New Input System : \bUnityEngine\.InputSystem\b","namespace UnityEngine.InputSystem.LowLevel"
"Packages/com.unity.inputsystem/InputSystem/Events/IMECompositionEvent.cs",5,"Unity New Input System : \bUnityEngine\.InputSystem\b","using UnityEngine.InputSystem.Utilities;"
"Packages/com.unity.inputsystem/InputSystem/Events/IMECompositionEvent.cs",7,"Unity New Input System : \bUnityEngine\.InputSystem\b","namespace UnityEngine.InputSystem.LowLevel"
"Packages/com.unity.inputsystem/InputSystem/Events/InputEvent.cs",4,"Unity New Input System : \bUnityEngine\.InputSystem\b","using UnityEngine.InputSystem.Utilities;"
"Packages/com.unity.inputsystem/InputSystem/Events/InputEvent.cs",9,"Unity New Input System : \bUnityEngine\.InputSystem\b","namespace UnityEngine.InputSystem.LowLevel"
"Packages/com.unity.inputsystem/InputSystem/Events/InputEventBuffer.cs",6,"Unity New Input System : \bUnityEngine\.InputSystem\b","using UnityEngine.InputSystem.Utilities;"
"Packages/com.unity.inputsystem/InputSystem/Events/InputEventBuffer.cs",15,"Unity New Input System : \bUnityEngine\.InputSystem\b","namespace UnityEngine.InputSystem.LowLevel"
"Packages/com.unity.inputsystem/InputSystem/Events/InputEventListener.cs",2,"Unity New Input System : \bUnityEngine\.InputSystem\b","using UnityEngine.InputSystem.Utilities;"
"Packages/com.unity.inputsystem/InputSystem/Events/InputEventListener.cs",5,"Unity New Input System : \bUnityEngine\.InputSystem\b","namespace UnityEngine.InputSystem.LowLevel"
"Packages/com.unity.inputsystem/InputSystem/Events/InputEventPtr.cs",2,"Unity New Input System : \bUnityEngine\.InputSystem\b","using UnityEngine.InputSystem.Utilities;"
"Packages/com.unity.inputsystem/InputSystem/Events/InputEventPtr.cs",6,"Unity New Input System : \bUnityEngine\.InputSystem\b","namespace UnityEngine.InputSystem.LowLevel"
"Packages/com.unity.inputsystem/InputSystem/Events/InputEventStream.cs",4,"Unity New Input System : \bUnityEngine\.InputSystem\b","namespace UnityEngine.InputSystem.LowLevel"
"Packages/com.unity.inputsystem/InputSystem/Events/InputEventTrace.cs",5,"Unity New Input System : \bUnityEngine\.InputSystem\b","using UnityEngine.InputSystem.Utilities;"
"Packages/com.unity.inputsystem/InputSystem/Events/InputEventTrace.cs",8,"Unity New Input System : \bUnityEngine\.InputSystem\b","using UnityEngine.InputSystem.Layouts;"
"Packages/com.unity.inputsystem/InputSystem/Events/InputEventTrace.cs",11,"Unity New Input System : \bUnityEngine\.InputSystem\b","namespace UnityEngine.InputSystem.LowLevel"
"Packages/com.unity.inputsystem/InputSystem/Events/StateEvent.cs",4,"Unity New Input System : \bUnityEngine\.InputSystem\b","using UnityEngine.InputSystem.Utilities;"
"Packages/com.unity.inputsystem/InputSystem/Events/StateEvent.cs",7,"Unity New Input System : \bUnityEngine\.InputSystem\b","namespace UnityEngine.InputSystem.LowLevel"
"Packages/com.unity.inputsystem/InputSystem/Events/TextEvent.cs",3,"Unity New Input System : \bUnityEngine\.InputSystem\b","using UnityEngine.InputSystem.Utilities;"
"Packages/com.unity.inputsystem/InputSystem/Events/TextEvent.cs",5,"Unity New Input System : \bUnityEngine\.InputSystem\b","namespace UnityEngine.InputSystem.LowLevel"
"Packages/com.unity.inputsystem/InputSystem/State/IInputStateCallbackReceiver.cs",12,"Unity New Input System : \bUnityEngine\.InputSystem\b","namespace UnityEngine.InputSystem.LowLevel"
"Packages/com.unity.inputsystem/InputSystem/State/IInputStateChangeMonitor.cs",4,"Unity New Input System : \bUnityEngine\.InputSystem\b","namespace UnityEngine.InputSystem.LowLevel"
"Packages/com.unity.inputsystem/InputSystem/State/IInputStateTypeInfo.cs",1,"Unity New Input System : \bUnityEngine\.InputSystem\b","using UnityEngine.InputSystem.Utilities;"
"Packages/com.unity.inputsystem/InputSystem/State/IInputStateTypeInfo.cs",3,"Unity New Input System : \bUnityEngine\.InputSystem\b","namespace UnityEngine.InputSystem.LowLevel"
"Packages/com.unity.inputsystem/InputSystem/State/InputState.cs",3,"Unity New Input System : \bUnityEngine\.InputSystem\b","using UnityEngine.InputSystem.Utilities;"
"Packages/com.unity.inputsystem/InputSystem/State/InputState.cs",9,"Unity New Input System : \bUnityEngine\.InputSystem\b","namespace UnityEngine.InputSystem.LowLevel"
"Packages/com.unity.inputsystem/InputSystem/State/InputStateBlock.cs",4,"Unity New Input System : \bUnityEngine\.InputSystem\b","using UnityEngine.InputSystem.Utilities;"
"Packages/com.unity.inputsystem/InputSystem/State/InputStateBlock.cs",22,"Unity New Input System : \bUnityEngine\.InputSystem\b","namespace UnityEngine.InputSystem.LowLevel"
"Packages/com.unity.inputsystem/InputSystem/State/InputStateBuffers.cs",2,"Unity New Input System : \bUnityEngine\.InputSystem\b","using UnityEngine.InputSystem.Utilities;"
"Packages/com.unity.inputsystem/InputSystem/State/InputStateBuffers.cs",9,"Unity New Input System : \bUnityEngine\.InputSystem\b","namespace UnityEngine.InputSystem.LowLevel"
"Packages/com.unity.inputsystem/InputSystem/State/InputStateHistory.cs",8,"Unity New Input System : \bUnityEngine\.InputSystem\b","using UnityEngine.InputSystem;"
"Packages/com.unity.inputsystem/InputSystem/State/InputStateHistory.cs",9,"Unity New Input System : \bUnityEngine\.InputSystem\b","using UnityEngine.InputSystem.LowLevel;"
"Packages/com.unity.inputsystem/InputSystem/State/InputStateHistory.cs",10,"Unity New Input System : \bUnityEngine\.InputSystem\b","using UnityEngine.InputSystem.Utilities;"
"Packages/com.unity.inputsystem/InputSystem/State/InputStateHistory.cs",20,"Unity New Input System : \bUnityEngine\.InputSystem\b","namespace UnityEngine.InputSystem.LowLevel"
"Packages/com.unity.inputsystem/InputSystem/Utilities/ArrayHelpers.cs",7,"Unity New Input System : \bUnityEngine\.InputSystem\b","namespace UnityEngine.InputSystem.Utilities"
"Packages/com.unity.inputsystem/InputSystem/Utilities/CallbackArray.cs",1,"Unity New Input System : \bUnityEngine\.InputSystem\b","namespace UnityEngine.InputSystem.Utilities"
"Packages/com.unity.inputsystem/InputSystem/Utilities/Comparers.cs",3,"Unity New Input System : \bUnityEngine\.InputSystem\b","namespace UnityEngine.InputSystem.Utilities"
"Packages/com.unity.inputsystem/InputSystem/Utilities/CSharpCodeHelpers.cs",8,"Unity New Input System : \bUnityEngine\.InputSystem\b","namespace UnityEngine.InputSystem.Utilities"
"Packages/com.unity.inputsystem/InputSystem/Utilities/DelegateHelpers.cs",4,"Unity New Input System : \bUnityEngine\.InputSystem\b","namespace UnityEngine.InputSystem.Utilities"
"Packages/com.unity.inputsystem/InputSystem/Utilities/DisplayStringFormatAttribute.cs",3,"Unity New Input System : \bUnityEngine\.InputSystem\b","namespace UnityEngine.InputSystem.Utilities"
"Packages/com.unity.inputsystem/InputSystem/Utilities/DynamicBitfield.cs",1,"Unity New Input System : \bUnityEngine\.InputSystem\b","using UnityEngine.InputSystem.Utilities;"
"Packages/com.unity.inputsystem/InputSystem/Utilities/DynamicBitfield.cs",3,"Unity New Input System : \bUnityEngine\.InputSystem\b","namespace UnityEngine.InputSystem"
"Packages/com.unity.inputsystem/InputSystem/Utilities/ExceptionHelpers.cs",3,"Unity New Input System : \bUnityEngine\.InputSystem\b","namespace UnityEngine.InputSystem.Utilities"
"Packages/com.unity.inputsystem/InputSystem/Utilities/FourCC.cs",4,"Unity New Input System : \bUnityEngine\.InputSystem\b","namespace UnityEngine.InputSystem.Utilities"
"Packages/com.unity.inputsystem/InputSystem/Utilities/InlinedArray.cs",8,"Unity New Input System : \bUnityEngine\.InputSystem\b","namespace UnityEngine.InputSystem.Utilities"
"Packages/com.unity.inputsystem/InputSystem/Utilities/InternedString.cs",10,"Unity New Input System : \bUnityEngine\.InputSystem\b","namespace UnityEngine.InputSystem.Utilities"
"Packages/com.unity.inputsystem/InputSystem/Utilities/JsonParser.cs",8,"Unity New Input System : \bUnityEngine\.InputSystem\b","namespace UnityEngine.InputSystem.Utilities"
"Packages/com.unity.inputsystem/InputSystem/Utilities/MemoryHelpers.cs",4,"Unity New Input System : \bUnityEngine\.InputSystem\b","namespace UnityEngine.InputSystem.Utilities"
"Packages/com.unity.inputsystem/InputSystem/Utilities/MiscHelpers.cs",3,"Unity New Input System : \bUnityEngine\.InputSystem\b","namespace UnityEngine.InputSystem.Utilities"
"Packages/com.unity.inputsystem/InputSystem/Utilities/NameAndParameters.cs",12,"Unity New Input System : \bUnityEngine\.InputSystem\b","namespace UnityEngine.InputSystem.Utilities"
"Packages/com.unity.inputsystem/InputSystem/Utilities/NamedValue.cs",5,"Unity New Input System : \bUnityEngine\.InputSystem\b","namespace UnityEngine.InputSystem.Utilities"
"Packages/com.unity.inputsystem/InputSystem/Utilities/NumberHelpers.cs",4,"Unity New Input System : \bUnityEngine\.InputSystem\b","namespace UnityEngine.InputSystem.Utilities"
"Packages/com.unity.inputsystem/InputSystem/Utilities/OneOrMore.cs",5,"Unity New Input System : \bUnityEngine\.InputSystem\b","namespace UnityEngine.InputSystem.Utilities"
"Packages/com.unity.inputsystem/InputSystem/Utilities/PredictiveParser.cs",3,"Unity New Input System : \bUnityEngine\.InputSystem\b","namespace UnityEngine.InputSystem.Utilities"
"Packages/com.unity.inputsystem/InputSystem/Utilities/PrimitiveValue.cs",8,"Unity New Input System : \bUnityEngine\.InputSystem\b","namespace UnityEngine.InputSystem.Utilities"
"Packages/com.unity.inputsystem/InputSystem/Utilities/ReadOnlyArray.cs",9,"Unity New Input System : \bUnityEngine\.InputSystem\b","namespace UnityEngine.InputSystem.Utilities"
"Packages/com.unity.inputsystem/InputSystem/Utilities/SavedState.cs",3,"Unity New Input System : \bUnityEngine\.InputSystem\b","namespace UnityEngine.InputSystem.Utilities"
"Packages/com.unity.inputsystem/InputSystem/Utilities/SpriteUtilities.cs",4,"Unity New Input System : \bUnityEngine\.InputSystem\b","namespace UnityEngine.InputSystem.Utilities"
"Packages/com.unity.inputsystem/InputSystem/Utilities/StringHelpers.cs",6,"Unity New Input System : \bUnityEngine\.InputSystem\b","namespace UnityEngine.InputSystem.Utilities"
"Packages/com.unity.inputsystem/InputSystem/Utilities/Substring.cs",3,"Unity New Input System : \bUnityEngine\.InputSystem\b","namespace UnityEngine.InputSystem.Utilities"
"Packages/com.unity.inputsystem/InputSystem/Utilities/TypeHelpers.cs",4,"Unity New Input System : \bUnityEngine\.InputSystem\b","namespace UnityEngine.InputSystem.Utilities"
"Packages/com.unity.inputsystem/InputSystem/Utilities/TypeTable.cs",10,"Unity New Input System : \bUnityEngine\.InputSystem\b","namespace UnityEngine.InputSystem.Utilities"
"Packages/com.unity.inputsystem/Samples~/CustomComposite/CustomComposite.cs",3,"Unity New Input System : \bUnityEngine\.InputSystem\b","using UnityEngine.InputSystem;"
"Packages/com.unity.inputsystem/Samples~/CustomComposite/CustomComposite.cs",4,"Unity New Input System : \bUnityEngine\.InputSystem\b","using UnityEngine.InputSystem.Layouts;"
"Packages/com.unity.inputsystem/Samples~/CustomComposite/CustomComposite.cs",5,"Unity New Input System : \bUnityEngine\.InputSystem\b","using UnityEngine.InputSystem.Utilities;"
"Packages/com.unity.inputsystem/Samples~/CustomComposite/CustomComposite.cs",9,"Unity New Input System : \bUnityEngine\.InputSystem\b","using UnityEngine.InputSystem.Editor;"
"Packages/com.unity.inputsystem/Samples~/CustomDevice/CustomDevice.cs",4,"Unity New Input System : \bUnityEngine\.InputSystem\b","using UnityEngine.InputSystem;"
"Packages/com.unity.inputsystem/Samples~/CustomDevice/CustomDevice.cs",5,"Unity New Input System : \bUnityEngine\.InputSystem\b","using UnityEngine.InputSystem.Controls;"
"Packages/com.unity.inputsystem/Samples~/CustomDevice/CustomDevice.cs",6,"Unity New Input System : \bUnityEngine\.InputSystem\b","using UnityEngine.InputSystem.Layouts;"
"Packages/com.unity.inputsystem/Samples~/CustomDevice/CustomDevice.cs",7,"Unity New Input System : \bUnityEngine\.InputSystem\b","using UnityEngine.InputSystem.LowLevel;"
"Packages/com.unity.inputsystem/Samples~/CustomDevice/CustomDevice.cs",8,"Unity New Input System : \bUnityEngine\.InputSystem\b","using UnityEngine.InputSystem.Utilities;"
"Packages/com.unity.inputsystem/Samples~/CustomDeviceUsages/CustomDeviceUsages.cs",2,"Unity New Input System : \bUnityEngine\.InputSystem\b","using UnityEngine.InputSystem;"
"Packages/com.unity.inputsystem/Samples~/IMEInput/IMEInputHandler.cs",1,"Unity New Input System : \bUnityEngine\.InputSystem\b","using UnityEngine.InputSystem.LowLevel;"
"Packages/com.unity.inputsystem/Samples~/IMEInput/IMEInputHandler.cs",4,"Unity New Input System : \bUnityEngine\.InputSystem\b","namespace UnityEngine.InputSystem.Samples.IMEInput"
"Packages/com.unity.inputsystem/Samples~/InGameHints/InGameHintsActions.cs",15,"Unity New Input System : \bUnityEngine\.InputSystem\b","using UnityEngine.InputSystem;"
"Packages/com.unity.inputsystem/Samples~/InGameHints/InGameHintsActions.cs",16,"Unity New Input System : \bUnityEngine\.InputSystem\b","using UnityEngine.InputSystem.Utilities;"
"Packages/com.unity.inputsystem/Samples~/InGameHints/InGameHintsActions.cs",18,"Unity New Input System : \bUnityEngine\.InputSystem\b","namespace UnityEngine.InputSystem.Samples.InGameHints"
"Packages/com.unity.inputsystem/Samples~/InGameHints/InGameHintsActions.cs",29,"Unity New Input System : \bUnityEngine\.InputSystem\b","/// using UnityEngine.InputSystem;"
"Packages/com.unity.inputsystem/Samples~/InGameHints/InGameHintsActions.cs",352,"Unity New Input System : \bUnityEngine\.InputSystem\b","/// <inheritdoc cref=""UnityEngine.InputSystem.InputActionAsset.bindingMask"" />"
"Packages/com.unity.inputsystem/Samples~/InGameHints/InGameHintsActions.cs",359,"Unity New Input System : \bUnityEngine\.InputSystem\b","/// <inheritdoc cref=""UnityEngine.InputSystem.InputActionAsset.devices"" />"
"Packages/com.unity.inputsystem/Samples~/InGameHints/InGameHintsActions.cs",366,"Unity New Input System : \bUnityEngine\.InputSystem\b","/// <inheritdoc cref=""UnityEngine.InputSystem.InputActionAsset.controlSchemes"" />"
"Packages/com.unity.inputsystem/Samples~/InGameHints/InGameHintsActions.cs",369,"Unity New Input System : \bUnityEngine\.InputSystem\b","/// <inheritdoc cref=""UnityEngine.InputSystem.InputActionAsset.Contains(InputAction)"" />"
"Packages/com.unity.inputsystem/Samples~/InGameHints/InGameHintsActions.cs",375,"Unity New Input System : \bUnityEngine\.InputSystem\b","/// <inheritdoc cref=""UnityEngine.InputSystem.InputActionAsset.GetEnumerator()"" />"
"Packages/com.unity.inputsystem/Samples~/InGameHints/InGameHintsActions.cs",387,"Unity New Input System : \bUnityEngine\.InputSystem\b","/// <inheritdoc cref=""UnityEngine.InputSystem.InputActionAsset.Enable()"" />"
"Packages/com.unity.inputsystem/Samples~/InGameHints/InGameHintsActions.cs",393,"Unity New Input System : \bUnityEngine\.InputSystem\b","/// <inheritdoc cref=""UnityEngine.InputSystem.InputActionAsset.Disable()"" />"
"Packages/com.unity.inputsystem/Samples~/InGameHints/InGameHintsActions.cs",399,"Unity New Input System : \bUnityEngine\.InputSystem\b","/// <inheritdoc cref=""UnityEngine.InputSystem.InputActionAsset.bindings"" />"
"Packages/com.unity.inputsystem/Samples~/InGameHints/InGameHintsActions.cs",402,"Unity New Input System : \bUnityEngine\.InputSystem\b","/// <inheritdoc cref=""UnityEngine.InputSystem.InputActionAsset.FindAction(string, bool)"" />"
"Packages/com.unity.inputsystem/Samples~/InGameHints/InGameHintsActions.cs",408,"Unity New Input System : \bUnityEngine\.InputSystem\b","/// <inheritdoc cref=""UnityEngine.InputSystem.InputActionAsset.FindBinding(InputBinding, out InputAction)"" />"
"Packages/com.unity.inputsystem/Samples~/InGameHints/InGameHintsActions.cs",457,"Unity New Input System : \bUnityEngine\.InputSystem\b","/// <inheritdoc cref=""UnityEngine.InputSystem.InputActionMap.Enable()"" />"
"Packages/com.unity.inputsystem/Samples~/InGameHints/InGameHintsActions.cs",459,"Unity New Input System : \bUnityEngine\.InputSystem\b","/// <inheritdoc cref=""UnityEngine.InputSystem.InputActionMap.Disable()"" />"
"Packages/com.unity.inputsystem/Samples~/InGameHints/InGameHintsActions.cs",461,"Unity New Input System : \bUnityEngine\.InputSystem\b","/// <inheritdoc cref=""UnityEngine.InputSystem.InputActionMap.enabled"" />"
"Packages/com.unity.inputsystem/Samples~/InGameHints/InGameHintsActions.cs",557,"Unity New Input System : \bUnityEngine\.InputSystem\b","/// <seealso cref=""UnityEngine.InputSystem.InputControlScheme"" />"
"Packages/com.unity.inputsystem/Samples~/InGameHints/InGameHintsActions.cs",570,"Unity New Input System : \bUnityEngine\.InputSystem\b","/// <seealso cref=""UnityEngine.InputSystem.InputControlScheme"" />"
"Packages/com.unity.inputsystem/Samples~/InGameHints/InGameHintsActions.cs",587,"Unity New Input System : \bUnityEngine\.InputSystem\b","/// Method invoked when associated input action ""Move"" is either <see cref=""UnityEngine.InputSystem.InputAction.started"" />, <see cref=""UnityEngine.InputSystem.InputAction.performed"" /> or <see cref=""UnityEngine.InputSystem.InputAction.canc …"
"Packages/com.unity.inputsystem/Samples~/InGameHints/InGameHintsActions.cs",589,"Unity New Input System : \bUnityEngine\.InputSystem\b","/// <seealso cref=""UnityEngine.InputSystem.InputAction.started"" />"
"Packages/com.unity.inputsystem/Samples~/InGameHints/InGameHintsActions.cs",590,"Unity New Input System : \bUnityEngine\.InputSystem\b","/// <seealso cref=""UnityEngine.InputSystem.InputAction.performed"" />"
"Packages/com.unity.inputsystem/Samples~/InGameHints/InGameHintsActions.cs",591,"Unity New Input System : \bUnityEngine\.InputSystem\b","/// <seealso cref=""UnityEngine.InputSystem.InputAction.canceled"" />"
"Packages/com.unity.inputsystem/Samples~/InGameHints/InGameHintsActions.cs",594,"Unity New Input System : \bUnityEngine\.InputSystem\b","/// Method invoked when associated input action ""Look"" is either <see cref=""UnityEngine.InputSystem.InputAction.started"" />, <see cref=""UnityEngine.InputSystem.InputAction.performed"" /> or <see cref=""UnityEngine.InputSystem.InputAction.canc …"
"Packages/com.unity.inputsystem/Samples~/InGameHints/InGameHintsActions.cs",596,"Unity New Input System : \bUnityEngine\.InputSystem\b","/// <seealso cref=""UnityEngine.InputSystem.InputAction.started"" />"
"Packages/com.unity.inputsystem/Samples~/InGameHints/InGameHintsActions.cs",597,"Unity New Input System : \bUnityEngine\.InputSystem\b","/// <seealso cref=""UnityEngine.InputSystem.InputAction.performed"" />"
"Packages/com.unity.inputsystem/Samples~/InGameHints/InGameHintsActions.cs",598,"Unity New Input System : \bUnityEngine\.InputSystem\b","/// <seealso cref=""UnityEngine.InputSystem.InputAction.canceled"" />"
"Packages/com.unity.inputsystem/Samples~/InGameHints/InGameHintsActions.cs",601,"Unity New Input System : \bUnityEngine\.InputSystem\b","/// Method invoked when associated input action ""PickUp"" is either <see cref=""UnityEngine.InputSystem.InputAction.started"" />, <see cref=""UnityEngine.InputSystem.InputAction.performed"" /> or <see cref=""UnityEngine.InputSystem.InputAction.ca …"
"Packages/com.unity.inputsystem/Samples~/InGameHints/InGameHintsActions.cs",603,"Unity New Input System : \bUnityEngine\.InputSystem\b","/// <seealso cref=""UnityEngine.InputSystem.InputAction.started"" />"
"Packages/com.unity.inputsystem/Samples~/InGameHints/InGameHintsActions.cs",604,"Unity New Input System : \bUnityEngine\.InputSystem\b","/// <seealso cref=""UnityEngine.InputSystem.InputAction.performed"" />"
"Packages/com.unity.inputsystem/Samples~/InGameHints/InGameHintsActions.cs",605,"Unity New Input System : \bUnityEngine\.InputSystem\b","/// <seealso cref=""UnityEngine.InputSystem.InputAction.canceled"" />"
"Packages/com.unity.inputsystem/Samples~/InGameHints/InGameHintsActions.cs",608,"Unity New Input System : \bUnityEngine\.InputSystem\b","/// Method invoked when associated input action ""Drop"" is either <see cref=""UnityEngine.InputSystem.InputAction.started"" />, <see cref=""UnityEngine.InputSystem.InputAction.performed"" /> or <see cref=""UnityEngine.InputSystem.InputAction.canc …"
"Packages/com.unity.inputsystem/Samples~/InGameHints/InGameHintsActions.cs",610,"Unity New Input System : \bUnityEngine\.InputSystem\b","/// <seealso cref=""UnityEngine.InputSystem.InputAction.started"" />"
"Packages/com.unity.inputsystem/Samples~/InGameHints/InGameHintsActions.cs",611,"Unity New Input System : \bUnityEngine\.InputSystem\b","/// <seealso cref=""UnityEngine.InputSystem.InputAction.performed"" />"
"Packages/com.unity.inputsystem/Samples~/InGameHints/InGameHintsActions.cs",612,"Unity New Input System : \bUnityEngine\.InputSystem\b","/// <seealso cref=""UnityEngine.InputSystem.InputAction.canceled"" />"
"Packages/com.unity.inputsystem/Samples~/InGameHints/InGameHintsActions.cs",615,"Unity New Input System : \bUnityEngine\.InputSystem\b","/// Method invoked when associated input action ""Throw"" is either <see cref=""UnityEngine.InputSystem.InputAction.started"" />, <see cref=""UnityEngine.InputSystem.InputAction.performed"" /> or <see cref=""UnityEngine.InputSystem.InputAction.can …"
"Packages/com.unity.inputsystem/Samples~/InGameHints/InGameHintsActions.cs",617,"Unity New Input System : \bUnityEngine\.InputSystem\b","/// <seealso cref=""UnityEngine.InputSystem.InputAction.started"" />"
"Packages/com.unity.inputsystem/Samples~/InGameHints/InGameHintsActions.cs",618,"Unity New Input System : \bUnityEngine\.InputSystem\b","/// <seealso cref=""UnityEngine.InputSystem.InputAction.performed"" />"
"Packages/com.unity.inputsystem/Samples~/InGameHints/InGameHintsActions.cs",619,"Unity New Input System : \bUnityEngine\.InputSystem\b","/// <seealso cref=""UnityEngine.InputSystem.InputAction.canceled"" />"
"Packages/com.unity.inputsystem/Samples~/InGameHints/InGameHintsExample.cs",16,"Unity New Input System : \bUnityEngine\.InputSystem\b","namespace UnityEngine.InputSystem.Samples.InGameHints"
"Packages/com.unity.inputsystem/Samples~/InputRecorder/InputRecorder.cs",3,"Unity New Input System : \bUnityEngine\.InputSystem\b","using UnityEngine.InputSystem.Layouts;"
"Packages/com.unity.inputsystem/Samples~/InputRecorder/InputRecorder.cs",4,"Unity New Input System : \bUnityEngine\.InputSystem\b","using UnityEngine.InputSystem.LowLevel;"
"Packages/com.unity.inputsystem/Samples~/InputRecorder/InputRecorder.cs",12,"Unity New Input System : \bUnityEngine\.InputSystem\b","namespace UnityEngine.InputSystem"
"Packages/com.unity.inputsystem/Samples~/InputRecorder/InputRecorderInspector.cs",7,"Unity New Input System : \bUnityEngine\.InputSystem\b","namespace UnityEngine.InputSystem.Editor"
"Packages/com.unity.inputsystem/Samples~/LightbarAndRumble/LightbarSettings.cs",3,"Unity New Input System : \bUnityEngine\.InputSystem\b","using UnityEngine.InputSystem;"
"Packages/com.unity.inputsystem/Samples~/LightbarAndRumble/LightbarSettings.cs",4,"Unity New Input System : \bUnityEngine\.InputSystem\b","using UnityEngine.InputSystem.DualShock;"
"Packages/com.unity.inputsystem/Samples~/LightbarAndRumble/MotorSettings.cs",2,"Unity New Input System : \bUnityEngine\.InputSystem\b","using UnityEngine.InputSystem;"
"Packages/com.unity.inputsystem/Samples~/LightbarAndRumble/MotorSettings.cs",3,"Unity New Input System : \bUnityEngine\.InputSystem\b","using UnityEngine.InputSystem.DualShock;"
"Packages/com.unity.inputsystem/Samples~/ProjectWideActions/ProjectWideActionsExample.cs",3,"Unity New Input System : \bUnityEngine\.InputSystem\b","namespace UnityEngine.InputSystem.Samples.ProjectWideActions"
"Packages/com.unity.inputsystem/Samples~/ProjectWideActions/ProjectWideActionsExample.cs",78,"Unity New Input System : \bUnityEngine\.InputSystem\b","} // namespace UnityEngine.InputSystem.Samples.ProjectWideActions"
"Packages/com.unity.inputsystem/Samples~/RebindingUI/GamepadIconsExample.cs",6,"Unity New Input System : \bUnityEngine\.InputSystem\b","namespace UnityEngine.InputSystem.Samples.RebindUI"
"Packages/com.unity.inputsystem/Samples~/RebindingUI/RebindActionUI.cs",10,"Unity New Input System : \bUnityEngine\.InputSystem\b","namespace UnityEngine.InputSystem.Samples.RebindUI"
"Packages/com.unity.inputsystem/Samples~/RebindingUI/RebindActionUIEditor.cs",7,"Unity New Input System : \bUnityEngine\.InputSystem\b","namespace UnityEngine.InputSystem.Samples.RebindUI"
"Packages/com.unity.inputsystem/Samples~/RebindingUI/RebindSaveLoad.cs",2,"Unity New Input System : \bUnityEngine\.InputSystem\b","using UnityEngine.InputSystem;"
"Packages/com.unity.inputsystem/Samples~/SimpleDemo/SimpleController_UsingActionAsset.cs",3,"Unity New Input System : \bUnityEngine\.InputSystem\b","using UnityEngine.InputSystem.Interactions;"
"Packages/com.unity.inputsystem/Samples~/SimpleDemo/SimpleController_UsingActions.cs",2,"Unity New Input System : \bUnityEngine\.InputSystem\b","using UnityEngine.InputSystem;"
"Packages/com.unity.inputsystem/Samples~/SimpleDemo/SimpleController_UsingActions.cs",4,"Unity New Input System : \bUnityEngine\.InputSystem\b","using UnityEngine.InputSystem.Interactions;"
"Packages/com.unity.inputsystem/Samples~/SimpleDemo/SimpleController_UsingPlayerInput.cs",3,"Unity New Input System : \bUnityEngine\.InputSystem\b","using UnityEngine.InputSystem;"
"Packages/com.unity.inputsystem/Samples~/SimpleDemo/SimpleController_UsingPlayerInput.cs",4,"Unity New Input System : \bUnityEngine\.InputSystem\b","using UnityEngine.InputSystem.Interactions;"
"Packages/com.unity.inputsystem/Samples~/SimpleDemo/SimpleController_UsingState.cs",1,"Unity New Input System : \bUnityEngine\.InputSystem\b","using UnityEngine.InputSystem;"
"Packages/com.unity.inputsystem/Samples~/SimpleDemo/SimpleControls.cs",15,"Unity New Input System : \bUnityEngine\.InputSystem\b","using UnityEngine.InputSystem;"
"Packages/com.unity.inputsystem/Samples~/SimpleDemo/SimpleControls.cs",16,"Unity New Input System : \bUnityEngine\.InputSystem\b","using UnityEngine.InputSystem.Utilities;"
"Packages/com.unity.inputsystem/Samples~/SimpleDemo/SimpleControls.cs",27,"Unity New Input System : \bUnityEngine\.InputSystem\b","/// using UnityEngine.InputSystem;"
"Packages/com.unity.inputsystem/Samples~/SimpleDemo/SimpleControls.cs",247,"Unity New Input System : \bUnityEngine\.InputSystem\b","/// <inheritdoc cref=""UnityEngine.InputSystem.InputActionAsset.bindingMask"" />"
"Packages/com.unity.inputsystem/Samples~/SimpleDemo/SimpleControls.cs",254,"Unity New Input System : \bUnityEngine\.InputSystem\b","/// <inheritdoc cref=""UnityEngine.InputSystem.InputActionAsset.devices"" />"
"Packages/com.unity.inputsystem/Samples~/SimpleDemo/SimpleControls.cs",261,"Unity New Input System : \bUnityEngine\.InputSystem\b","/// <inheritdoc cref=""UnityEngine.InputSystem.InputActionAsset.controlSchemes"" />"
"Packages/com.unity.inputsystem/Samples~/SimpleDemo/SimpleControls.cs",264,"Unity New Input System : \bUnityEngine\.InputSystem\b","/// <inheritdoc cref=""UnityEngine.InputSystem.InputActionAsset.Contains(InputAction)"" />"
"Packages/com.unity.inputsystem/Samples~/SimpleDemo/SimpleControls.cs",270,"Unity New Input System : \bUnityEngine\.InputSystem\b","/// <inheritdoc cref=""UnityEngine.InputSystem.InputActionAsset.GetEnumerator()"" />"
"Packages/com.unity.inputsystem/Samples~/SimpleDemo/SimpleControls.cs",282,"Unity New Input System : \bUnityEngine\.InputSystem\b","/// <inheritdoc cref=""UnityEngine.InputSystem.InputActionAsset.Enable()"" />"
"Packages/com.unity.inputsystem/Samples~/SimpleDemo/SimpleControls.cs",288,"Unity New Input System : \bUnityEngine\.InputSystem\b","/// <inheritdoc cref=""UnityEngine.InputSystem.InputActionAsset.Disable()"" />"
"Packages/com.unity.inputsystem/Samples~/SimpleDemo/SimpleControls.cs",294,"Unity New Input System : \bUnityEngine\.InputSystem\b","/// <inheritdoc cref=""UnityEngine.InputSystem.InputActionAsset.bindings"" />"
"Packages/com.unity.inputsystem/Samples~/SimpleDemo/SimpleControls.cs",297,"Unity New Input System : \bUnityEngine\.InputSystem\b","/// <inheritdoc cref=""UnityEngine.InputSystem.InputActionAsset.FindAction(string, bool)"" />"
"Packages/com.unity.inputsystem/Samples~/SimpleDemo/SimpleControls.cs",303,"Unity New Input System : \bUnityEngine\.InputSystem\b","/// <inheritdoc cref=""UnityEngine.InputSystem.InputActionAsset.FindBinding(InputBinding, out InputAction)"" />"
"Packages/com.unity.inputsystem/Samples~/SimpleDemo/SimpleControls.cs",342,"Unity New Input System : \bUnityEngine\.InputSystem\b","/// <inheritdoc cref=""UnityEngine.InputSystem.InputActionMap.Enable()"" />"
"Packages/com.unity.inputsystem/Samples~/SimpleDemo/SimpleControls.cs",344,"Unity New Input System : \bUnityEngine\.InputSystem\b","/// <inheritdoc cref=""UnityEngine.InputSystem.InputActionMap.Disable()"" />"
"Packages/com.unity.inputsystem/Samples~/SimpleDemo/SimpleControls.cs",346,"Unity New Input System : \bUnityEngine\.InputSystem\b","/// <inheritdoc cref=""UnityEngine.InputSystem.InputActionMap.enabled"" />"
"Packages/com.unity.inputsystem/Samples~/SimpleDemo/SimpleControls.cs",434,"Unity New Input System : \bUnityEngine\.InputSystem\b","/// Method invoked when associated input action ""fire"" is either <see cref=""UnityEngine.InputSystem.InputAction.started"" />, <see cref=""UnityEngine.InputSystem.InputAction.performed"" /> or <see cref=""UnityEngine.InputSystem.InputAction.canc …"
"Packages/com.unity.inputsystem/Samples~/SimpleDemo/SimpleControls.cs",436,"Unity New Input System : \bUnityEngine\.InputSystem\b","/// <seealso cref=""UnityEngine.InputSystem.InputAction.started"" />"
"Packages/com.unity.inputsystem/Samples~/SimpleDemo/SimpleControls.cs",437,"Unity New Input System : \bUnityEngine\.InputSystem\b","/// <seealso cref=""UnityEngine.InputSystem.InputAction.performed"" />"
"Packages/com.unity.inputsystem/Samples~/SimpleDemo/SimpleControls.cs",438,"Unity New Input System : \bUnityEngine\.InputSystem\b","/// <seealso cref=""UnityEngine.InputSystem.InputAction.canceled"" />"
"Packages/com.unity.inputsystem/Samples~/SimpleDemo/SimpleControls.cs",441,"Unity New Input System : \bUnityEngine\.InputSystem\b","/// Method invoked when associated input action ""move"" is either <see cref=""UnityEngine.InputSystem.InputAction.started"" />, <see cref=""UnityEngine.InputSystem.InputAction.performed"" /> or <see cref=""UnityEngine.InputSystem.InputAction.canc …"
"Packages/com.unity.inputsystem/Samples~/SimpleDemo/SimpleControls.cs",443,"Unity New Input System : \bUnityEngine\.InputSystem\b","/// <seealso cref=""UnityEngine.InputSystem.InputAction.started"" />"
"Packages/com.unity.inputsystem/Samples~/SimpleDemo/SimpleControls.cs",444,"Unity New Input System : \bUnityEngine\.InputSystem\b","/// <seealso cref=""UnityEngine.InputSystem.InputAction.performed"" />"
"Packages/com.unity.inputsystem/Samples~/SimpleDemo/SimpleControls.cs",445,"Unity New Input System : \bUnityEngine\.InputSystem\b","/// <seealso cref=""UnityEngine.InputSystem.InputAction.canceled"" />"
"Packages/com.unity.inputsystem/Samples~/SimpleDemo/SimpleControls.cs",448,"Unity New Input System : \bUnityEngine\.InputSystem\b","/// Method invoked when associated input action ""look"" is either <see cref=""UnityEngine.InputSystem.InputAction.started"" />, <see cref=""UnityEngine.InputSystem.InputAction.performed"" /> or <see cref=""UnityEngine.InputSystem.InputAction.canc …"
"Packages/com.unity.inputsystem/Samples~/SimpleDemo/SimpleControls.cs",450,"Unity New Input System : \bUnityEngine\.InputSystem\b","/// <seealso cref=""UnityEngine.InputSystem.InputAction.started"" />"
"Packages/com.unity.inputsystem/Samples~/SimpleDemo/SimpleControls.cs",451,"Unity New Input System : \bUnityEngine\.InputSystem\b","/// <seealso cref=""UnityEngine.InputSystem.InputAction.performed"" />"
"Packages/com.unity.inputsystem/Samples~/SimpleDemo/SimpleControls.cs",452,"Unity New Input System : \bUnityEngine\.InputSystem\b","/// <seealso cref=""UnityEngine.InputSystem.InputAction.canceled"" />"
"Packages/com.unity.inputsystem/Samples~/UIvsGameInput/UIvsGameInputHandler.cs",4,"Unity New Input System : \bUnityEngine\.InputSystem\b","using UnityEngine.InputSystem;"
"Packages/com.unity.inputsystem/Samples~/UnityRemote/UnityRemoteTestScript.cs",2,"Unity New Input System : \bUnityEngine\.InputSystem\b","using UnityEngine.InputSystem;"
"Packages/com.unity.inputsystem/Samples~/UnityRemote/UnityRemoteTestScript.cs",3,"Unity New Input System : \bUnityEngine\.InputSystem\b","using UnityEngine.InputSystem.EnhancedTouch;"
"Packages/com.unity.inputsystem/Samples~/UnityRemote/UnityRemoteTestScript.cs",5,"Unity Old Input System : \bInput\.gyro\b|\bGyroscope\b","using Gyroscope = UnityEngine.InputSystem.Gyroscope;"
"Packages/com.unity.inputsystem/Samples~/UnityRemote/UnityRemoteTestScript.cs",6,"Unity New Input System : \bUnityEngine\.InputSystem\b","using Touch = UnityEngine.InputSystem.EnhancedTouch.Touch;"
"Packages/com.unity.inputsystem/Samples~/UnityRemote/UnityRemoteTestScript.cs",92,"Unity New Input System : \b(Accelerometer|Gyroscope|Compass|AttitudeSensor|GravitySensor|LinearAccelerationSensor|OrientationSensor|Magnetometer|Barometer|ProximitySensor|LightSensor|StepCounter|Pedometer)\b","var accelerometer = GetRemoteDevice<Accelerometer>();"
"Packages/com.unity.inputsystem/Samples~/UnityRemote/UnityRemoteTestScript.cs",93,"Unity New Input System : \b(Accelerometer|Gyroscope|Compass|AttitudeSensor|GravitySensor|LinearAccelerationSensor|OrientationSensor|Magnetometer|Barometer|ProximitySensor|LightSensor|StepCounter|Pedometer)\b","if (accelerometer == null)"
"Packages/com.unity.inputsystem/Samples~/UnityRemote/UnityRemoteTestScript.cs",95,"Unity New Input System : \b(Accelerometer|Gyroscope|Compass|AttitudeSensor|GravitySensor|LinearAccelerationSensor|OrientationSensor|Magnetometer|Barometer|ProximitySensor|LightSensor|StepCounter|Pedometer)\b","accelerometerInputText.text = ""No remote accelerometer found."";"
"Packages/com.unity.inputsystem/Samples~/UnityRemote/UnityRemoteTestScript.cs",99,"Unity New Input System : \b(Accelerometer|Gyroscope|Compass|AttitudeSensor|GravitySensor|LinearAccelerationSensor|OrientationSensor|Magnetometer|Barometer|ProximitySensor|LightSensor|StepCounter|Pedometer)\b","var value = accelerometer.acceleration.ReadValue();"
"Packages/com.unity.inputsystem/Samples~/UnityRemote/UnityRemoteTestScript.cs",100,"Unity New Input System : \b(Accelerometer|Gyroscope|Compass|AttitudeSensor|GravitySensor|LinearAccelerationSensor|OrientationSensor|Magnetometer|Barometer|ProximitySensor|LightSensor|StepCounter|Pedometer)\b","accelerometerInputText.text = $""Accelerometer: x={value.x} y={value.y} z={value.z}"";"
"Packages/com.unity.inputsystem/Samples~/UnityRemote/UnityRemoteTestScript.cs",105,"Unity Old Input System : \bInput\.gyro\b|\bGyroscope\b","var gyro = GetRemoteDevice<Gyroscope>();"
"Packages/com.unity.inputsystem/Samples~/UnityRemote/UnityRemoteTestScript.cs",106,"Unity New Input System : \b(Accelerometer|Gyroscope|Compass|AttitudeSensor|GravitySensor|LinearAccelerationSensor|OrientationSensor|Magnetometer|Barometer|ProximitySensor|LightSensor|StepCounter|Pedometer)\b","var attitude = GetRemoteDevice<AttitudeSensor>();"
"Packages/com.unity.inputsystem/Samples~/UnityRemote/UnityRemoteTestScript.cs",107,"Unity New Input System : \b(Accelerometer|Gyroscope|Compass|AttitudeSensor|GravitySensor|LinearAccelerationSensor|OrientationSensor|Magnetometer|Barometer|ProximitySensor|LightSensor|StepCounter|Pedometer)\b","var gravity = GetRemoteDevice<GravitySensor>();"
"Packages/com.unity.inputsystem/Samples~/UnityRemote/UnityRemoteTestScript.cs",108,"Unity New Input System : \b(Accelerometer|Gyroscope|Compass|AttitudeSensor|GravitySensor|LinearAccelerationSensor|OrientationSensor|Magnetometer|Barometer|ProximitySensor|LightSensor|StepCounter|Pedometer)\b","var acceleration = GetRemoteDevice<LinearAccelerationSensor>();"
"Packages/com.unity.inputsystem/Samples~/Visualizers/InputActionVisualizer.cs",10,"Unity New Input System : \bUnityEngine\.InputSystem\b","namespace UnityEngine.InputSystem.Samples"
"Packages/com.unity.inputsystem/Samples~/Visualizers/InputControlVisualizer.cs",3,"Unity New Input System : \bUnityEngine\.InputSystem\b","using UnityEngine.InputSystem.Layouts;"
"Packages/com.unity.inputsystem/Samples~/Visualizers/InputControlVisualizer.cs",4,"Unity New Input System : \bUnityEngine\.InputSystem\b","using UnityEngine.InputSystem.LowLevel;"
"Packages/com.unity.inputsystem/Samples~/Visualizers/InputControlVisualizer.cs",16,"Unity New Input System : \bUnityEngine\.InputSystem\b","namespace UnityEngine.InputSystem.Samples"
"Packages/com.unity.inputsystem/Samples~/Visualizers/InputVisualizer.cs",6,"Unity New Input System : \bUnityEngine\.InputSystem\b","namespace UnityEngine.InputSystem.Samples"
"Packages/com.unity.inputsystem/Samples~/Visualizers/VisualizationHelpers.cs",2,"Unity New Input System : \bUnityEngine\.InputSystem\b","using UnityEngine.InputSystem.Utilities;"
"Packages/com.unity.inputsystem/Samples~/Visualizers/VisualizationHelpers.cs",4,"Unity New Input System : \bUnityEngine\.InputSystem\b","using UnityEngine.InputSystem.LowLevel;"
"Packages/com.unity.inputsystem/Samples~/Visualizers/VisualizationHelpers.cs",8,"Unity New Input System : \bUnityEngine\.InputSystem\b","namespace UnityEngine.InputSystem.Samples"
"Packages/com.unity.inputsystem/Tests/IntegrationTests/IntegrationTests.cs",4,"Unity New Input System : \bUnityEngine\.InputSystem\b","using UnityEngine.InputSystem;"
"Packages/com.unity.inputsystem/Tests/IntegrationTests/IntegrationTests.cs",5,"Unity New Input System : \bUnityEngine\.InputSystem\b","using UnityEngine.InputSystem.LowLevel;"
"Packages/com.unity.inputsystem/Tests/IntegrationTests/IntegrationTests.cs",9,"Unity New Input System : \bUnityEngine\.InputSystem\b","using UnityEngine.InputSystem.Editor;"
"Packages/com.unity.inputsystem/Tests/TestFixture/AssetDatabaseUtils.cs",7,"Unity New Input System : \bUnityEngine\.InputSystem\b","namespace UnityEngine.InputSystem"
"Packages/com.unity.inputsystem/Tests/TestFixture/InputTestFixture.cs",5,"Unity New Input System : \bUnityEngine\.InputSystem\b","using UnityEngine.InputSystem.Controls;"
"Packages/com.unity.inputsystem/Tests/TestFixture/InputTestFixture.cs",10,"Unity New Input System : \bUnityEngine\.InputSystem\b","using UnityEngine.InputSystem.LowLevel;"
"Packages/com.unity.inputsystem/Tests/TestFixture/InputTestFixture.cs",11,"Unity New Input System : \bUnityEngine\.InputSystem\b","using UnityEngine.InputSystem.Utilities;"
"Packages/com.unity.inputsystem/Tests/TestFixture/InputTestFixture.cs",16,"Unity New Input System : \bUnityEngine\.InputSystem\b","using UnityEngine.InputSystem.Editor;"
"Packages/com.unity.inputsystem/Tests/TestFixture/InputTestFixture.cs",25,"Unity New Input System : \bUnityEngine\.InputSystem\b","namespace UnityEngine.InputSystem"
"Packages/com.unity.inputsystem/Tests/TestFixture/InputTestRuntime.cs",5,"Unity New Input System : \bUnityEngine\.InputSystem\b","using UnityEngine.InputSystem.LowLevel;"
"Packages/com.unity.inputsystem/Tests/TestFixture/InputTestRuntime.cs",9,"Unity New Input System : \bUnityEngine\.InputSystem\b","using UnityEngine.InputSystem.Layouts;"
"Packages/com.unity.inputsystem/Tests/TestFixture/InputTestRuntime.cs",10,"Unity New Input System : \bUnityEngine\.InputSystem\b","using UnityEngine.InputSystem.Utilities;"
"Packages/com.unity.inputsystem/Tests/TestFixture/InputTestRuntime.cs",16,"Unity New Input System : \bUnityEngine\.InputSystem\b","namespace UnityEngine.InputSystem"
"Packages/com.unity.inputsystem/Tests/TestFixture/ScopedDisposable.cs",4,"Unity New Input System : \bUnityEngine\.InputSystem\b","namespace UnityEngine.InputSystem"
"Packages/com.unity.render-pipelines.core/Runtime/Camera/FreeCamera.cs",3,"Unity New Input System : \bUnityEngine\.InputSystem\b","using UnityEngine.InputSystem;"
"Packages/com.unity.render-pipelines.core/Runtime/Debugging/DebugManager.Actions.cs",3,"Unity New Input System : \bUnityEngine\.InputSystem\b","using UnityEngine.InputSystem;"
"Packages/com.unity.render-pipelines.core/Runtime/Debugging/DebugManager.Actions.cs",4,"Unity New Input System : \bUnityEngine\.InputSystem\b","using UnityEngine.InputSystem.EnhancedTouch;"
"Packages/com.unity.render-pipelines.core/Runtime/Debugging/DebugUpdater.cs",3,"Unity New Input System : \bUnityEngine\.InputSystem\b","using UnityEngine.InputSystem;"
"Packages/com.unity.render-pipelines.core/Runtime/Debugging/DebugUpdater.cs",4,"Unity New Input System : \bUnityEngine\.InputSystem\b","using UnityEngine.InputSystem.UI;"
"Packages/com.unity.render-pipelines.core/Runtime/Debugging/DebugUpdater.cs",5,"Unity New Input System : \bUnityEngine\.InputSystem\b","using UnityEngine.InputSystem.EnhancedTouch;"
"Packages/com.unity.render-pipelines.core/Runtime/Debugging/MousePositionDebug.cs",3,"Unity New Input System : \bUnityEngine\.InputSystem\b","using UnityEngine.InputSystem;"
"Packages/com.unity.render-pipelines.core/Runtime/Debugging/MousePositionDebug.cs",4,"Unity New Input System : \bUnityEngine\.InputSystem\b","using UnityEngine.InputSystem.Controls;"
"Packages/com.unity.inputsystem/InputSystem/Actions/Composites/AxisComposite.cs",2,"Unity New Input System : \bUnityEngine\.InputSystem\b","using UnityEngine.InputSystem.Layouts;"
"Packages/com.unity.inputsystem/InputSystem/Actions/Composites/AxisComposite.cs",3,"Unity New Input System : \bUnityEngine\.InputSystem\b","using UnityEngine.InputSystem.Processors;"
"Packages/com.unity.inputsystem/InputSystem/Actions/Composites/AxisComposite.cs",4,"Unity New Input System : \bUnityEngine\.InputSystem\b","using UnityEngine.InputSystem.Utilities;"
"Packages/com.unity.inputsystem/InputSystem/Actions/Composites/AxisComposite.cs",9,"Unity New Input System : \bUnityEngine\.InputSystem\b","using UnityEngine.InputSystem.Editor;"
"Packages/com.unity.inputsystem/InputSystem/Actions/Composites/AxisComposite.cs",13,"Unity New Input System : \bUnityEngine\.InputSystem\b","namespace UnityEngine.InputSystem.Composites"
"Packages/com.unity.inputsystem/InputSystem/Actions/Composites/ButtonWithOneModifier.cs",3,"Unity New Input System : \bUnityEngine\.InputSystem\b","using UnityEngine.InputSystem.Layouts;"
"Packages/com.unity.inputsystem/InputSystem/Actions/Composites/ButtonWithOneModifier.cs",4,"Unity New Input System : \bUnityEngine\.InputSystem\b","using UnityEngine.InputSystem.Utilities;"
"Packages/com.unity.inputsystem/InputSystem/Actions/Composites/ButtonWithOneModifier.cs",9,"Unity New Input System : \bUnityEngine\.InputSystem\b","namespace UnityEngine.InputSystem.Composites"
"Packages/com.unity.inputsystem/InputSystem/Actions/Composites/ButtonWithTwoModifiers.cs",3,"Unity New Input System : \bUnityEngine\.InputSystem\b","using UnityEngine.InputSystem.Layouts;"
"Packages/com.unity.inputsystem/InputSystem/Actions/Composites/ButtonWithTwoModifiers.cs",4,"Unity New Input System : \bUnityEngine\.InputSystem\b","using UnityEngine.InputSystem.Utilities;"
"Packages/com.unity.inputsystem/InputSystem/Actions/Composites/ButtonWithTwoModifiers.cs",9,"Unity New Input System : \bUnityEngine\.InputSystem\b","namespace UnityEngine.InputSystem.Composites"
"Packages/com.unity.inputsystem/InputSystem/Actions/Composites/OneModifierComposite.cs",4,"Unity New Input System : \bUnityEngine\.InputSystem\b","using UnityEngine.InputSystem.Layouts;"
"Packages/com.unity.inputsystem/InputSystem/Actions/Composites/OneModifierComposite.cs",5,"Unity New Input System : \bUnityEngine\.InputSystem\b","using UnityEngine.InputSystem.Utilities;"
"Packages/com.unity.inputsystem/InputSystem/Actions/Composites/OneModifierComposite.cs",10,"Unity New Input System : \bUnityEngine\.InputSystem\b","namespace UnityEngine.InputSystem.Composites"
"Packages/com.unity.inputsystem/InputSystem/Actions/Composites/TwoModifiersComposite.cs",4,"Unity New Input System : \bUnityEngine\.InputSystem\b","using UnityEngine.InputSystem.Layouts;"
"Packages/com.unity.inputsystem/InputSystem/Actions/Composites/TwoModifiersComposite.cs",5,"Unity New Input System : \bUnityEngine\.InputSystem\b","using UnityEngine.InputSystem.Utilities;"
"Packages/com.unity.inputsystem/InputSystem/Actions/Composites/TwoModifiersComposite.cs",7,"Unity New Input System : \bUnityEngine\.InputSystem\b","namespace UnityEngine.InputSystem.Composites"
"Packages/com.unity.inputsystem/InputSystem/Actions/Composites/Vector2Composite.cs",3,"Unity New Input System : \bUnityEngine\.InputSystem\b","using UnityEngine.InputSystem.Controls;"
"Packages/com.unity.inputsystem/InputSystem/Actions/Composites/Vector2Composite.cs",4,"Unity New Input System : \bUnityEngine\.InputSystem\b","using UnityEngine.InputSystem.Layouts;"
"Packages/com.unity.inputsystem/InputSystem/Actions/Composites/Vector2Composite.cs",5,"Unity New Input System : \bUnityEngine\.InputSystem\b","using UnityEngine.InputSystem.Utilities;"
"Packages/com.unity.inputsystem/InputSystem/Actions/Composites/Vector2Composite.cs",9,"Unity New Input System : \bUnityEngine\.InputSystem\b","using UnityEngine.InputSystem.Editor;"
"Packages/com.unity.inputsystem/InputSystem/Actions/Composites/Vector2Composite.cs",15,"Unity New Input System : \bUnityEngine\.InputSystem\b","namespace UnityEngine.InputSystem.Composites"
"Packages/com.unity.inputsystem/InputSystem/Actions/Composites/Vector3Composite.cs",3,"Unity New Input System : \bUnityEngine\.InputSystem\b","using UnityEngine.InputSystem.Layouts;"
"Packages/com.unity.inputsystem/InputSystem/Actions/Composites/Vector3Composite.cs",4,"Unity New Input System : \bUnityEngine\.InputSystem\b","using UnityEngine.InputSystem.Utilities;"
"Packages/com.unity.inputsystem/InputSystem/Actions/Composites/Vector3Composite.cs",8,"Unity New Input System : \bUnityEngine\.InputSystem\b","using UnityEngine.InputSystem.Editor;"
"Packages/com.unity.inputsystem/InputSystem/Actions/Composites/Vector3Composite.cs",12,"Unity New Input System : \bUnityEngine\.InputSystem\b","namespace UnityEngine.InputSystem.Composites"
"Packages/com.unity.inputsystem/InputSystem/Actions/Interactions/HoldInteraction.cs",3,"Unity New Input System : \bUnityEngine\.InputSystem\b","using UnityEngine.InputSystem.Controls;"
"Packages/com.unity.inputsystem/InputSystem/Actions/Interactions/HoldInteraction.cs",6,"Unity New Input System : \bUnityEngine\.InputSystem\b","using UnityEngine.InputSystem.Editor;"
"Packages/com.unity.inputsystem/InputSystem/Actions/Interactions/HoldInteraction.cs",10,"Unity New Input System : \bUnityEngine\.InputSystem\b","namespace UnityEngine.InputSystem.Interactions"
"Packages/com.unity.inputsystem/InputSystem/Actions/Interactions/MultiTapInteraction.cs",2,"Unity New Input System : \bUnityEngine\.InputSystem\b","using UnityEngine.InputSystem.Controls;"
"Packages/com.unity.inputsystem/InputSystem/Actions/Interactions/MultiTapInteraction.cs",6,"Unity New Input System : \bUnityEngine\.InputSystem\b","using UnityEngine.InputSystem.Editor;"
"Packages/com.unity.inputsystem/InputSystem/Actions/Interactions/MultiTapInteraction.cs",17,"Unity New Input System : \bUnityEngine\.InputSystem\b","namespace UnityEngine.InputSystem.Interactions"
"Packages/com.unity.inputsystem/InputSystem/Actions/Interactions/PressInteraction.cs",3,"Unity New Input System : \bUnityEngine\.InputSystem\b","using UnityEngine.InputSystem.Controls;"
"Packages/com.unity.inputsystem/InputSystem/Actions/Interactions/PressInteraction.cs",7,"Unity New Input System : \bUnityEngine\.InputSystem\b","using UnityEngine.InputSystem.Editor;"
"Packages/com.unity.inputsystem/InputSystem/Actions/Interactions/PressInteraction.cs",17,"Unity New Input System : \bUnityEngine\.InputSystem\b","namespace UnityEngine.InputSystem.Interactions"
"Packages/com.unity.inputsystem/InputSystem/Actions/Interactions/PressInteraction.cs",34,"Unity New Input System : \bUnityEngine\.InputSystem\b","/// (<see cref=""UnityEngine.InputSystem.Controls.ButtonControl""/>) corresponds to using a press modifier with <see cref=""behavior""/>"
"Packages/com.unity.inputsystem/InputSystem/Actions/Interactions/SlowTapInteraction.cs",3,"Unity New Input System : \bUnityEngine\.InputSystem\b","using UnityEngine.InputSystem.Controls;"
"Packages/com.unity.inputsystem/InputSystem/Actions/Interactions/SlowTapInteraction.cs",6,"Unity New Input System : \bUnityEngine\.InputSystem\b","using UnityEngine.InputSystem.Editor;"
"Packages/com.unity.inputsystem/InputSystem/Actions/Interactions/SlowTapInteraction.cs",12,"Unity New Input System : \bUnityEngine\.InputSystem\b","namespace UnityEngine.InputSystem.Interactions"
"Packages/com.unity.inputsystem/InputSystem/Actions/Interactions/TapInteraction.cs",3,"Unity New Input System : \bUnityEngine\.InputSystem\b","using UnityEngine.InputSystem.Controls;"
"Packages/com.unity.inputsystem/InputSystem/Actions/Interactions/TapInteraction.cs",6,"Unity New Input System : \bUnityEngine\.InputSystem\b","using UnityEngine.InputSystem.Editor;"
"Packages/com.unity.inputsystem/InputSystem/Actions/Interactions/TapInteraction.cs",10,"Unity New Input System : \bUnityEngine\.InputSystem\b","namespace UnityEngine.InputSystem.Interactions"
"Packages/com.unity.inputsystem/InputSystem/Controls/Processors/AxisDeadzoneProcessor.cs",5,"Unity New Input System : \bUnityEngine\.InputSystem\b","using UnityEngine.InputSystem.Editor;"
"Packages/com.unity.inputsystem/InputSystem/Controls/Processors/AxisDeadzoneProcessor.cs",9,"Unity New Input System : \bUnityEngine\.InputSystem\b","namespace UnityEngine.InputSystem.Processors"
"Packages/com.unity.inputsystem/InputSystem/Controls/Processors/ClampProcessor.cs",5,"Unity New Input System : \bUnityEngine\.InputSystem\b","namespace UnityEngine.InputSystem.Processors"
"Packages/com.unity.inputsystem/InputSystem/Controls/Processors/CompensateDirectionProcessor.cs",2,"Unity New Input System : \bUnityEngine\.InputSystem\b","using UnityEngine.InputSystem.LowLevel;"
"Packages/com.unity.inputsystem/InputSystem/Controls/Processors/CompensateDirectionProcessor.cs",4,"Unity New Input System : \bUnityEngine\.InputSystem\b","namespace UnityEngine.InputSystem.Processors"
"Packages/com.unity.inputsystem/InputSystem/Controls/Processors/CompensateRotationProcessor.cs",2,"Unity New Input System : \bUnityEngine\.InputSystem\b","using UnityEngine.InputSystem.LowLevel;"
"Packages/com.unity.inputsystem/InputSystem/Controls/Processors/CompensateRotationProcessor.cs",4,"Unity New Input System : \bUnityEngine\.InputSystem\b","namespace UnityEngine.InputSystem.Processors"
"Packages/com.unity.inputsystem/InputSystem/Controls/Processors/EditorWindowSpaceProcessor.cs",3,"Unity New Input System : \bUnityEngine\.InputSystem\b","using UnityEngine.InputSystem.LowLevel;"
"Packages/com.unity.inputsystem/InputSystem/Controls/Processors/EditorWindowSpaceProcessor.cs",6,"Unity New Input System : \bUnityEngine\.InputSystem\b","namespace UnityEngine.InputSystem.Processors"
"Packages/com.unity.inputsystem/InputSystem/Controls/Processors/InvertProcessor.cs",3,"Unity New Input System : \bUnityEngine\.InputSystem\b","namespace UnityEngine.InputSystem.Processors"
"Packages/com.unity.inputsystem/InputSystem/Controls/Processors/InvertVector2Processor.cs",3,"Unity New Input System : \bUnityEngine\.InputSystem\b","namespace UnityEngine.InputSystem.Processors"
"Packages/com.unity.inputsystem/InputSystem/Controls/Processors/InvertVector3Processor.cs",3,"Unity New Input System : \bUnityEngine\.InputSystem\b","namespace UnityEngine.InputSystem.Processors"
"Packages/com.unity.inputsystem/InputSystem/Controls/Processors/InvertVector3Processor.cs",14,"Unity New Input System : \b(Accelerometer|Gyroscope|Compass|AttitudeSensor|GravitySensor|LinearAccelerationSensor|OrientationSensor|Magnetometer|Barometer|ProximitySensor|LightSensor|StepCounter|Pedometer)\b","/// new InputAction(binding: ""&lt;GravitySensor&gt;/gravity"", processors=""invertVector3(invertX=false,invertY,invertZ=false)"");"
"Packages/com.unity.inputsystem/InputSystem/Controls/Processors/NormalizeProcessor.cs",5,"Unity New Input System : \bUnityEngine\.InputSystem\b","namespace UnityEngine.InputSystem.Processors"
"Packages/com.unity.inputsystem/InputSystem/Controls/Processors/NormalizeVector2Processor.cs",3,"Unity New Input System : \bUnityEngine\.InputSystem\b","namespace UnityEngine.InputSystem.Processors"
"Packages/com.unity.inputsystem/InputSystem/Controls/Processors/NormalizeVector3Processor.cs",3,"Unity New Input System : \bUnityEngine\.InputSystem\b","namespace UnityEngine.InputSystem.Processors"
"Packages/com.unity.inputsystem/InputSystem/Controls/Processors/ScaleProcessor.cs",3,"Unity New Input System : \bUnityEngine\.InputSystem\b","namespace UnityEngine.InputSystem.Processors"
"Packages/com.unity.inputsystem/InputSystem/Controls/Processors/ScaleVector2Processor.cs",1,"Unity New Input System : \bUnityEngine\.InputSystem\b","namespace UnityEngine.InputSystem.Processors"
"Packages/com.unity.inputsystem/InputSystem/Controls/Processors/ScaleVector3Processor.cs",3,"Unity New Input System : \bUnityEngine\.InputSystem\b","namespace UnityEngine.InputSystem.Processors"
"Packages/com.unity.inputsystem/InputSystem/Controls/Processors/ScaleVector3Processor.cs",14,"Unity New Input System : \b(Accelerometer|Gyroscope|Compass|AttitudeSensor|GravitySensor|LinearAccelerationSensor|OrientationSensor|Magnetometer|Barometer|ProximitySensor|LightSensor|StepCounter|Pedometer)\b","/// myAction.AddBinding(""&lt;GravitySensor&gt;/gravity"").WithProcessor(""scaleVector3(x=2,y=2,z=2)"");"
"Packages/com.unity.inputsystem/InputSystem/Controls/Processors/StickDeadzoneProcessor.cs",5,"Unity New Input System : \bUnityEngine\.InputSystem\b","using UnityEngine.InputSystem.Editor;"
"Packages/com.unity.inputsystem/InputSystem/Controls/Processors/StickDeadzoneProcessor.cs",13,"Unity New Input System : \bUnityEngine\.InputSystem\b","namespace UnityEngine.InputSystem.Processors"
"Packages/com.unity.inputsystem/InputSystem/Devices/Commands/DisableDeviceCommand.cs",2,"Unity New Input System : \bUnityEngine\.InputSystem\b","using UnityEngine.InputSystem.Utilities;"
"Packages/com.unity.inputsystem/InputSystem/Devices/Commands/DisableDeviceCommand.cs",4,"Unity New Input System : \bUnityEngine\.InputSystem\b","namespace UnityEngine.InputSystem.LowLevel"
"Packages/com.unity.inputsystem/InputSystem/Devices/Commands/EnableDeviceCommand.cs",2,"Unity New Input System : \bUnityEngine\.InputSystem\b","using UnityEngine.InputSystem.Utilities;"
"Packages/com.unity.inputsystem/InputSystem/Devices/Commands/EnableDeviceCommand.cs",4,"Unity New Input System : \bUnityEngine\.InputSystem\b","namespace UnityEngine.InputSystem.LowLevel"
"Packages/com.unity.inputsystem/InputSystem/Devices/Commands/EnableIMECompositionCommand.cs",2,"Unity New Input System : \bUnityEngine\.InputSystem\b","using UnityEngine.InputSystem.Utilities;"
"Packages/com.unity.inputsystem/InputSystem/Devices/Commands/EnableIMECompositionCommand.cs",4,"Unity New Input System : \bUnityEngine\.InputSystem\b","namespace UnityEngine.InputSystem.LowLevel"
"Packages/com.unity.inputsystem/InputSystem/Devices/Commands/IInputDeviceCommandInfo.cs",1,"Unity New Input System : \bUnityEngine\.InputSystem\b","using UnityEngine.InputSystem.Utilities;"
"Packages/com.unity.inputsystem/InputSystem/Devices/Commands/IInputDeviceCommandInfo.cs",3,"Unity New Input System : \bUnityEngine\.InputSystem\b","namespace UnityEngine.InputSystem.LowLevel"
"Packages/com.unity.inputsystem/InputSystem/Devices/Commands/InitiateUserAccountPairingCommand.cs",2,"Unity New Input System : \bUnityEngine\.InputSystem\b","using UnityEngine.InputSystem.Utilities;"
"Packages/com.unity.inputsystem/InputSystem/Devices/Commands/InitiateUserAccountPairingCommand.cs",4,"Unity New Input System : \bUnityEngine\.InputSystem\b","namespace UnityEngine.InputSystem.LowLevel"
"Packages/com.unity.inputsystem/InputSystem/Devices/Commands/InputDeviceCommand.cs",2,"Unity New Input System : \bUnityEngine\.InputSystem\b","using UnityEngine.InputSystem.Utilities;"
"Packages/com.unity.inputsystem/InputSystem/Devices/Commands/InputDeviceCommand.cs",6,"Unity New Input System : \bUnityEngine\.InputSystem\b","namespace UnityEngine.InputSystem.LowLevel"
"Packages/com.unity.inputsystem/InputSystem/Devices/Commands/QueryCanRunInBackground.cs",2,"Unity New Input System : \bUnityEngine\.InputSystem\b","using UnityEngine.InputSystem.Utilities;"
"Packages/com.unity.inputsystem/InputSystem/Devices/Commands/QueryCanRunInBackground.cs",4,"Unity New Input System : \bUnityEngine\.InputSystem\b","namespace UnityEngine.InputSystem.LowLevel"
"Packages/com.unity.inputsystem/InputSystem/Devices/Commands/QueryDimensionsCommand.cs",2,"Unity New Input System : \bUnityEngine\.InputSystem\b","using UnityEngine.InputSystem.Utilities;"
"Packages/com.unity.inputsystem/InputSystem/Devices/Commands/QueryDimensionsCommand.cs",4,"Unity New Input System : \bUnityEngine\.InputSystem\b","namespace UnityEngine.InputSystem.LowLevel"
"Packages/com.unity.inputsystem/InputSystem/Devices/Commands/QueryEditorWindowCoordinatesCommand.cs",3,"Unity New Input System : \bUnityEngine\.InputSystem\b","using UnityEngine.InputSystem.Utilities;"
"Packages/com.unity.inputsystem/InputSystem/Devices/Commands/QueryEditorWindowCoordinatesCommand.cs",8,"Unity New Input System : \bUnityEngine\.InputSystem\b","namespace UnityEngine.InputSystem.LowLevel"
"Packages/com.unity.inputsystem/InputSystem/Devices/Commands/QueryEnabledStateCommand.cs",2,"Unity New Input System : \bUnityEngine\.InputSystem\b","using UnityEngine.InputSystem.Utilities;"
"Packages/com.unity.inputsystem/InputSystem/Devices/Commands/QueryEnabledStateCommand.cs",4,"Unity New Input System : \bUnityEngine\.InputSystem\b","namespace UnityEngine.InputSystem.LowLevel"
"Packages/com.unity.inputsystem/InputSystem/Devices/Commands/QueryKeyboardLayoutCommand.cs",3,"Unity New Input System : \bUnityEngine\.InputSystem\b","using UnityEngine.InputSystem.Utilities;"
"Packages/com.unity.inputsystem/InputSystem/Devices/Commands/QueryKeyboardLayoutCommand.cs",5,"Unity New Input System : \bUnityEngine\.InputSystem\b","namespace UnityEngine.InputSystem.LowLevel"
"Packages/com.unity.inputsystem/InputSystem/Devices/Commands/QueryKeyNameCommand.cs",3,"Unity New Input System : \bUnityEngine\.InputSystem\b","using UnityEngine.InputSystem.Utilities;"
"Packages/com.unity.inputsystem/InputSystem/Devices/Commands/QueryKeyNameCommand.cs",5,"Unity New Input System : \bUnityEngine\.InputSystem\b","namespace UnityEngine.InputSystem.LowLevel"
"Packages/com.unity.inputsystem/InputSystem/Devices/Commands/QueryPairedUserAccountCommand.cs",3,"Unity New Input System : \bUnityEngine\.InputSystem\b","using UnityEngine.InputSystem.Utilities;"
"Packages/com.unity.inputsystem/InputSystem/Devices/Commands/QueryPairedUserAccountCommand.cs",5,"Unity New Input System : \bUnityEngine\.InputSystem\b","namespace UnityEngine.InputSystem.LowLevel"
"Packages/com.unity.inputsystem/InputSystem/Devices/Commands/QuerySamplingFrequencyCommand.cs",2,"Unity New Input System : \bUnityEngine\.InputSystem\b","using UnityEngine.InputSystem.Utilities;"
"Packages/com.unity.inputsystem/InputSystem/Devices/Commands/QuerySamplingFrequencyCommand.cs",4,"Unity New Input System : \bUnityEngine\.InputSystem\b","namespace UnityEngine.InputSystem.LowLevel"
"Packages/com.unity.inputsystem/InputSystem/Devices/Commands/QueryUserIdCommand.cs",3,"Unity New Input System : \bUnityEngine\.InputSystem\b","using UnityEngine.InputSystem.Utilities;"
"Packages/com.unity.inputsystem/InputSystem/Devices/Commands/QueryUserIdCommand.cs",7,"Unity New Input System : \bUnityEngine\.InputSystem\b","namespace UnityEngine.InputSystem.LowLevel"
"Packages/com.unity.inputsystem/InputSystem/Devices/Commands/RequestResetCommand.cs",2,"Unity New Input System : \bUnityEngine\.InputSystem\b","using UnityEngine.InputSystem.Utilities;"
"Packages/com.unity.inputsystem/InputSystem/Devices/Commands/RequestResetCommand.cs",4,"Unity New Input System : \bUnityEngine\.InputSystem\b","namespace UnityEngine.InputSystem.LowLevel"
"Packages/com.unity.inputsystem/InputSystem/Devices/Commands/RequestSyncCommand.cs",2,"Unity New Input System : \bUnityEngine\.InputSystem\b","using UnityEngine.InputSystem.Utilities;"
"Packages/com.unity.inputsystem/InputSystem/Devices/Commands/RequestSyncCommand.cs",4,"Unity New Input System : \bUnityEngine\.InputSystem\b","namespace UnityEngine.InputSystem.LowLevel"
"Packages/com.unity.inputsystem/InputSystem/Devices/Commands/SetIMECursorPositionCommand.cs",3,"Unity New Input System : \bUnityEngine\.InputSystem\b","using UnityEngine.InputSystem.Utilities;"
"Packages/com.unity.inputsystem/InputSystem/Devices/Commands/SetIMECursorPositionCommand.cs",5,"Unity New Input System : \bUnityEngine\.InputSystem\b","namespace UnityEngine.InputSystem.LowLevel"
"Packages/com.unity.inputsystem/InputSystem/Devices/Commands/SetSamplingFrequencyCommand.cs",2,"Unity New Input System : \bUnityEngine\.InputSystem\b","using UnityEngine.InputSystem.Utilities;"
"Packages/com.unity.inputsystem/InputSystem/Devices/Commands/SetSamplingFrequencyCommand.cs",6,"Unity New Input System : \bUnityEngine\.InputSystem\b","namespace UnityEngine.InputSystem.LowLevel"
"Packages/com.unity.inputsystem/InputSystem/Devices/Commands/WarpMousePositionCommand.cs",2,"Unity New Input System : \bUnityEngine\.InputSystem\b","using UnityEngine.InputSystem.Utilities;"
"Packages/com.unity.inputsystem/InputSystem/Devices/Commands/WarpMousePositionCommand.cs",4,"Unity New Input System : \bUnityEngine\.InputSystem\b","namespace UnityEngine.InputSystem.LowLevel"
"Packages/com.unity.inputsystem/InputSystem/Devices/Haptics/DualMotorRumble.cs",2,"Unity New Input System : \bUnityEngine\.InputSystem\b","using UnityEngine.InputSystem.LowLevel;"
"Packages/com.unity.inputsystem/InputSystem/Devices/Haptics/DualMotorRumble.cs",6,"Unity New Input System : \bUnityEngine\.InputSystem\b","namespace UnityEngine.InputSystem.Haptics"
"Packages/com.unity.inputsystem/InputSystem/Devices/Haptics/DualMotorRumbleCommand.cs",2,"Unity New Input System : \bUnityEngine\.InputSystem\b","using UnityEngine.InputSystem.Utilities;"
"Packages/com.unity.inputsystem/InputSystem/Devices/Haptics/DualMotorRumbleCommand.cs",4,"Unity New Input System : \bUnityEngine\.InputSystem\b","namespace UnityEngine.InputSystem.LowLevel"
"Packages/com.unity.inputsystem/InputSystem/Devices/Haptics/IDualMotorRumble.cs",1,"Unity New Input System : \bUnityEngine\.InputSystem\b","namespace UnityEngine.InputSystem.Haptics"
"Packages/com.unity.inputsystem/InputSystem/Devices/Haptics/IHaptics.cs",6,"Unity New Input System : \bUnityEngine\.InputSystem\b","namespace UnityEngine.InputSystem.Haptics"
"Packages/com.unity.inputsystem/InputSystem/Devices/Precompiled/FastKeyboard.cs",12,"Unity New Input System : \bUnityEngine\.InputSystem\b","using UnityEngine.InputSystem;"
"Packages/com.unity.inputsystem/InputSystem/Devices/Precompiled/FastKeyboard.cs",13,"Unity New Input System : \bUnityEngine\.InputSystem\b","using UnityEngine.InputSystem.LowLevel;"
"Packages/com.unity.inputsystem/InputSystem/Devices/Precompiled/FastKeyboard.cs",14,"Unity New Input System : \bUnityEngine\.InputSystem\b","using UnityEngine.InputSystem.Utilities;"
"Packages/com.unity.inputsystem/InputSystem/Devices/Precompiled/FastKeyboard.cs",20,"Unity New Input System : \bUnityEngine\.InputSystem\b","namespace UnityEngine.InputSystem"
"Packages/com.unity.inputsystem/InputSystem/Devices/Precompiled/FastKeyboard.cs",22,"Unity New Input System : \bUnityEngine\.InputSystem\b","internal partial class FastKeyboard : UnityEngine.InputSystem.Keyboard"
"Packages/com.unity.inputsystem/InputSystem/Devices/Precompiled/FastKeyboard.cs",447,"Unity New Input System : \bUnityEngine\.InputSystem\b","this.keys = new UnityEngine.InputSystem.Controls.KeyControl[123];"
"Packages/com.unity.inputsystem/InputSystem/Devices/Precompiled/FastKeyboard.cs",671,"Unity New Input System : \bUnityEngine\.InputSystem\b","private UnityEngine.InputSystem.Controls.AnyKeyControl Initialize_ctrlKeyboardanyKey(InternedString kAnyKeyLayout, InputControl parent)"
"Packages/com.unity.inputsystem/InputSystem/Devices/Precompiled/FastKeyboard.cs",673,"Unity New Input System : \bUnityEngine\.InputSystem\b","var ctrlKeyboardanyKey = new UnityEngine.InputSystem.Controls.AnyKeyControl();"
"Packages/com.unity.inputsystem/InputSystem/Devices/Precompiled/FastKeyboard.cs",694,"Unity New Input System : \bUnityEngine\.InputSystem\b","private UnityEngine.InputSystem.Controls.KeyControl Initialize_ctrlKeyboardescape(InternedString kKeyLayout, InputControl parent)"
"Packages/com.unity.inputsystem/InputSystem/Devices/Precompiled/FastKeyboard.cs",696,"Unity New Input System : \bUnityEngine\.InputSystem\b","var ctrlKeyboardescape = new UnityEngine.InputSystem.Controls.KeyControl();"
"Packages/com.unity.inputsystem/InputSystem/Devices/Precompiled/FastKeyboard.cs",714,"Unity New Input System : \bUnityEngine\.InputSystem\b","ctrlKeyboardescape.keyCode = UnityEngine.InputSystem.Key.Escape;"
"Packages/com.unity.inputsystem/InputSystem/Devices/Precompiled/FastKeyboard.cs",718,"Unity New Input System : \bUnityEngine\.InputSystem\b","private UnityEngine.InputSystem.Controls.KeyControl Initialize_ctrlKeyboardspace(InternedString kKeyLayout, InputControl parent)"
"Packages/com.unity.inputsystem/InputSystem/Devices/Precompiled/FastKeyboard.cs",720,"Unity New Input System : \bUnityEngine\.InputSystem\b","var ctrlKeyboardspace = new UnityEngine.InputSystem.Controls.KeyControl();"
"Packages/com.unity.inputsystem/InputSystem/Devices/Precompiled/FastKeyboard.cs",737,"Unity New Input System : \bUnityEngine\.InputSystem\b","ctrlKeyboardspace.keyCode = UnityEngine.InputSystem.Key.Space;"
"Packages/com.unity.inputsystem/InputSystem/Devices/Precompiled/FastKeyboard.cs",741,"Unity New Input System : \bUnityEngine\.InputSystem\b","private UnityEngine.InputSystem.Controls.KeyControl Initialize_ctrlKeyboardenter(InternedString kKeyLayout, InputControl parent)"
"Packages/com.unity.inputsystem/InputSystem/Devices/Precompiled/FastKeyboard.cs",743,"Unity New Input System : \bUnityEngine\.InputSystem\b","var ctrlKeyboardenter = new UnityEngine.InputSystem.Controls.KeyControl();"
"Packages/com.unity.inputsystem/InputSystem/Devices/Precompiled/FastKeyboard.cs",761,"Unity New Input System : \bUnityEngine\.InputSystem\b","ctrlKeyboardenter.keyCode = UnityEngine.InputSystem.Key.Enter;"
"Packages/com.unity.inputsystem/InputSystem/Devices/Precompiled/FastKeyboard.cs",765,"Unity New Input System : \bUnityEngine\.InputSystem\b","private UnityEngine.InputSystem.Controls.KeyControl Initialize_ctrlKeyboardtab(InternedString kKeyLayout, InputControl parent)"
"Packages/com.unity.inputsystem/InputSystem/Devices/Precompiled/FastKeyboard.cs",767,"Unity New Input System : \bUnityEngine\.InputSystem\b","var ctrlKeyboardtab = new UnityEngine.InputSystem.Controls.KeyControl();"
"Packages/com.unity.inputsystem/InputSystem/Devices/Precompiled/FastKeyboard.cs",784,"Unity New Input System : \bUnityEngine\.InputSystem\b","ctrlKeyboardtab.keyCode = UnityEngine.InputSystem.Key.Tab;"
"Packages/com.unity.inputsystem/InputSystem/Devices/Precompiled/FastKeyboard.cs",788,"Unity New Input System : \bUnityEngine\.InputSystem\b","private UnityEngine.InputSystem.Controls.KeyControl Initialize_ctrlKeyboardbackquote(InternedString kKeyLayout, InputControl parent)"
"Packages/com.unity.inputsystem/InputSystem/Devices/Precompiled/FastKeyboard.cs",790,"Unity New Input System : \bUnityEngine\.InputSystem\b","var ctrlKeyboardbackquote = new UnityEngine.InputSystem.Controls.KeyControl();"
"Packages/com.unity.inputsystem/InputSystem/Devices/Precompiled/FastKeyboard.cs",807,"Unity New Input System : \bUnityEngine\.InputSystem\b","ctrlKeyboardbackquote.keyCode = UnityEngine.InputSystem.Key.Backquote;"
"Packages/com.unity.inputsystem/InputSystem/Devices/Precompiled/FastKeyboard.cs",811,"Unity New Input System : \bUnityEngine\.InputSystem\b","private UnityEngine.InputSystem.Controls.KeyControl Initialize_ctrlKeyboardquote(InternedString kKeyLayout, InputControl parent)"
"Packages/com.unity.inputsystem/InputSystem/Devices/Precompiled/FastKeyboard.cs",813,"Unity New Input System : \bUnityEngine\.InputSystem\b","var ctrlKeyboardquote = new UnityEngine.InputSystem.Controls.KeyControl();"
"Packages/com.unity.inputsystem/InputSystem/Devices/Precompiled/FastKeyboard.cs",830,"Unity New Input System : \bUnityEngine\.InputSystem\b","ctrlKeyboardquote.keyCode = UnityEngine.InputSystem.Key.Quote;"
"Packages/com.unity.inputsystem/InputSystem/Devices/Precompiled/FastKeyboard.cs",834,"Unity New Input System : \bUnityEngine\.InputSystem\b","private UnityEngine.InputSystem.Controls.KeyControl Initialize_ctrlKeyboardsemicolon(InternedString kKeyLayout, InputControl parent)"
"Packages/com.unity.inputsystem/InputSystem/Devices/Precompiled/FastKeyboard.cs",836,"Unity New Input System : \bUnityEngine\.InputSystem\b","var ctrlKeyboardsemicolon = new UnityEngine.InputSystem.Controls.KeyControl();"
"Packages/com.unity.inputsystem/InputSystem/Devices/Precompiled/FastKeyboard.cs",853,"Unity New Input System : \bUnityEngine\.InputSystem\b","ctrlKeyboardsemicolon.keyCode = UnityEngine.InputSystem.Key.Semicolon;"
"Packages/com.unity.inputsystem/InputSystem/Devices/Precompiled/FastKeyboard.cs",857,"Unity New Input System : \bUnityEngine\.InputSystem\b","private UnityEngine.InputSystem.Controls.KeyControl Initialize_ctrlKeyboardcomma(InternedString kKeyLayout, InputControl parent)"
"Packages/com.unity.inputsystem/InputSystem/Devices/Precompiled/FastKeyboard.cs",859,"Unity New Input System : \bUnityEngine\.InputSystem\b","var ctrlKeyboardcomma = new UnityEngine.InputSystem.Controls.KeyControl();"
"Packages/com.unity.inputsystem/InputSystem/Devices/Precompiled/FastKeyboard.cs",876,"Unity New Input System : \bUnityEngine\.InputSystem\b","ctrlKeyboardcomma.keyCode = UnityEngine.InputSystem.Key.Comma;"
"Packages/com.unity.inputsystem/InputSystem/Devices/Precompiled/FastKeyboard.cs",880,"Unity New Input System : \bUnityEngine\.InputSystem\b","private UnityEngine.InputSystem.Controls.KeyControl Initialize_ctrlKeyboardperiod(InternedString kKeyLayout, InputControl parent)"
"Packages/com.unity.inputsystem/InputSystem/Devices/Precompiled/FastKeyboard.cs",882,"Unity New Input System : \bUnityEngine\.InputSystem\b","var ctrlKeyboardperiod = new UnityEngine.InputSystem.Controls.KeyControl();"
"Packages/com.unity.inputsystem/InputSystem/Devices/Precompiled/FastKeyboard.cs",899,"Unity New Input System : \bUnityEngine\.InputSystem\b","ctrlKeyboardperiod.keyCode = UnityEngine.InputSystem.Key.Period;"
"Packages/com.unity.inputsystem/InputSystem/Devices/Precompiled/FastKeyboard.cs",903,"Unity New Input System : \bUnityEngine\.InputSystem\b","private UnityEngine.InputSystem.Controls.KeyControl Initialize_ctrlKeyboardslash(InternedString kKeyLayout, InputControl parent)"
"Packages/com.unity.inputsystem/InputSystem/Devices/Precompiled/FastKeyboard.cs",905,"Unity New Input System : \bUnityEngine\.InputSystem\b","var ctrlKeyboardslash = new UnityEngine.InputSystem.Controls.KeyControl();"
"Packages/com.unity.inputsystem/InputSystem/Devices/Precompiled/FastKeyboard.cs",922,"Unity New Input System : \bUnityEngine\.InputSystem\b","ctrlKeyboardslash.keyCode = UnityEngine.InputSystem.Key.Slash;"
"Packages/com.unity.inputsystem/InputSystem/Devices/Precompiled/FastKeyboard.cs",926,"Unity New Input System : \bUnityEngine\.InputSystem\b","private UnityEngine.InputSystem.Controls.KeyControl Initialize_ctrlKeyboardbackslash(InternedString kKeyLayout, InputControl parent)"
"Packages/com.unity.inputsystem/InputSystem/Devices/Precompiled/FastKeyboard.cs",928,"Unity New Input System : \bUnityEngine\.InputSystem\b","var ctrlKeyboardbackslash = new UnityEngine.InputSystem.Controls.KeyControl();"
"Packages/com.unity.inputsystem/InputSystem/Devices/Precompiled/FastKeyboard.cs",945,"Unity New Input System : \bUnityEngine\.InputSystem\b","ctrlKeyboardbackslash.keyCode = UnityEngine.InputSystem.Key.Backslash;"
"Packages/com.unity.inputsystem/InputSystem/Devices/Precompiled/FastKeyboard.cs",949,"Unity New Input System : \bUnityEngine\.InputSystem\b","private UnityEngine.InputSystem.Controls.KeyControl Initialize_ctrlKeyboardleftBracket(InternedString kKeyLayout, InputControl parent)"
"Packages/com.unity.inputsystem/InputSystem/Devices/Precompiled/FastKeyboard.cs",951,"Unity New Input System : \bUnityEngine\.InputSystem\b","var ctrlKeyboardleftBracket = new UnityEngine.InputSystem.Controls.KeyControl();"
"Packages/com.unity.inputsystem/InputSystem/Devices/Precompiled/FastKeyboard.cs",968,"Unity New Input System : \bUnityEngine\.InputSystem\b","ctrlKeyboardleftBracket.keyCode = UnityEngine.InputSystem.Key.LeftBracket;"
"Packages/com.unity.inputsystem/InputSystem/Devices/Precompiled/FastKeyboard.cs",972,"Unity New Input System : \bUnityEngine\.InputSystem\b","private UnityEngine.InputSystem.Controls.KeyControl Initialize_ctrlKeyboardrightBracket(InternedString kKeyLayout, InputControl parent)"
"Packages/com.unity.inputsystem/InputSystem/Devices/Precompiled/FastKeyboard.cs",974,"Unity New Input System : \bUnityEngine\.InputSystem\b","var ctrlKeyboardrightBracket = new UnityEngine.InputSystem.Controls.KeyControl();"
"Packages/com.unity.inputsystem/InputSystem/Devices/Precompiled/FastKeyboard.cs",991,"Unity New Input System : \bUnityEngine\.InputSystem\b","ctrlKeyboardrightBracket.keyCode = UnityEngine.InputSystem.Key.RightBracket;"
"Packages/com.unity.inputsystem/InputSystem/Devices/Precompiled/FastKeyboard.cs",995,"Unity New Input System : \bUnityEngine\.InputSystem\b","private UnityEngine.InputSystem.Controls.KeyControl Initialize_ctrlKeyboardminus(InternedString kKeyLayout, InputControl parent)"
"Packages/com.unity.inputsystem/InputSystem/Devices/Precompiled/FastKeyboard.cs",997,"Unity New Input System : \bUnityEngine\.InputSystem\b","var ctrlKeyboardminus = new UnityEngine.InputSystem.Controls.KeyControl();"
"Packages/com.unity.inputsystem/InputSystem/Devices/Precompiled/FastKeyboard.cs",1014,"Unity New Input System : \bUnityEngine\.InputSystem\b","ctrlKeyboardminus.keyCode = UnityEngine.InputSystem.Key.Minus;"
"Packages/com.unity.inputsystem/InputSystem/Devices/Precompiled/FastKeyboard.cs",1018,"Unity New Input System : \bUnityEngine\.InputSystem\b","private UnityEngine.InputSystem.Controls.KeyControl Initialize_ctrlKeyboardequals(InternedString kKeyLayout, InputControl parent)"
"Packages/com.unity.inputsystem/InputSystem/Devices/Precompiled/FastKeyboard.cs",1020,"Unity New Input System : \bUnityEngine\.InputSystem\b","var ctrlKeyboardequals = new UnityEngine.InputSystem.Controls.KeyControl();"
"Packages/com.unity.inputsystem/InputSystem/Devices/Precompiled/FastKeyboard.cs",1037,"Unity New Input System : \bUnityEngine\.InputSystem\b","ctrlKeyboardequals.keyCode = UnityEngine.InputSystem.Key.Equals;"
"Packages/com.unity.inputsystem/InputSystem/Devices/Precompiled/FastKeyboard.cs",1041,"Unity New Input System : \bUnityEngine\.InputSystem\b","private UnityEngine.InputSystem.Controls.KeyControl Initialize_ctrlKeyboardupArrow(InternedString kKeyLayout, InputControl parent)"
"Packages/com.unity.inputsystem/InputSystem/Devices/Precompiled/FastKeyboard.cs",1043,"Unity New Input System : \bUnityEngine\.InputSystem\b","var ctrlKeyboardupArrow = new UnityEngine.InputSystem.Controls.KeyControl();"
"Packages/com.unity.inputsystem/InputSystem/Devices/Precompiled/FastKeyboard.cs",1060,"Unity New Input System : \bUnityEngine\.InputSystem\b","ctrlKeyboardupArrow.keyCode = UnityEngine.InputSystem.Key.UpArrow;"
"Packages/com.unity.inputsystem/InputSystem/Devices/Precompiled/FastKeyboard.cs",1064,"Unity New Input System : \bUnityEngine\.InputSystem\b","private UnityEngine.InputSystem.Controls.KeyControl Initialize_ctrlKeyboarddownArrow(InternedString kKeyLayout, InputControl parent)"
"Packages/com.unity.inputsystem/InputSystem/Devices/Precompiled/FastKeyboard.cs",1066,"Unity New Input System : \bUnityEngine\.InputSystem\b","var ctrlKeyboarddownArrow = new UnityEngine.InputSystem.Controls.KeyControl();"
"Packages/com.unity.inputsystem/InputSystem/Devices/Precompiled/FastKeyboard.cs",1083,"Unity New Input System : \bUnityEngine\.InputSystem\b","ctrlKeyboarddownArrow.keyCode = UnityEngine.InputSystem.Key.DownArrow;"
"Packages/com.unity.inputsystem/InputSystem/Devices/Precompiled/FastKeyboard.cs",1087,"Unity New Input System : \bUnityEngine\.InputSystem\b","private UnityEngine.InputSystem.Controls.KeyControl Initialize_ctrlKeyboardleftArrow(InternedString kKeyLayout, InputControl parent)"
"Packages/com.unity.inputsystem/InputSystem/Devices/Precompiled/FastKeyboard.cs",1089,"Unity New Input System : \bUnityEngine\.InputSystem\b","var ctrlKeyboardleftArrow = new UnityEngine.InputSystem.Controls.KeyControl();"
"Packages/com.unity.inputsystem/InputSystem/Devices/Precompiled/FastKeyboard.cs",1106,"Unity New Input System : \bUnityEngine\.InputSystem\b","ctrlKeyboardleftArrow.keyCode = UnityEngine.InputSystem.Key.LeftArrow;"
"Packages/com.unity.inputsystem/InputSystem/Devices/Precompiled/FastKeyboard.cs",1110,"Unity New Input System : \bUnityEngine\.InputSystem\b","private UnityEngine.InputSystem.Controls.KeyControl Initialize_ctrlKeyboardrightArrow(InternedString kKeyLayout, InputControl parent)"
"Packages/com.unity.inputsystem/InputSystem/Devices/Precompiled/FastKeyboard.cs",1112,"Unity New Input System : \bUnityEngine\.InputSystem\b","var ctrlKeyboardrightArrow = new UnityEngine.InputSystem.Controls.KeyControl();"
"Packages/com.unity.inputsystem/InputSystem/Devices/Precompiled/FastKeyboard.cs",1129,"Unity New Input System : \bUnityEngine\.InputSystem\b","ctrlKeyboardrightArrow.keyCode = UnityEngine.InputSystem.Key.RightArrow;"
"Packages/com.unity.inputsystem/InputSystem/Devices/Precompiled/FastKeyboard.cs",1133,"Unity New Input System : \bUnityEngine\.InputSystem\b","private UnityEngine.InputSystem.Controls.KeyControl Initialize_ctrlKeyboarda(InternedString kKeyLayout, InputControl parent)"
"Packages/com.unity.inputsystem/InputSystem/Devices/Precompiled/FastKeyboard.cs",1135,"Unity New Input System : \bUnityEngine\.InputSystem\b","var ctrlKeyboarda = new UnityEngine.InputSystem.Controls.KeyControl();"
"Packages/com.unity.inputsystem/InputSystem/Devices/Precompiled/FastKeyboard.cs",1152,"Unity New Input System : \bUnityEngine\.InputSystem\b","ctrlKeyboarda.keyCode = UnityEngine.InputSystem.Key.A;"
"Packages/com.unity.inputsystem/InputSystem/Devices/Precompiled/FastKeyboard.cs",1156,"Unity New Input System : \bUnityEngine\.InputSystem\b","private UnityEngine.InputSystem.Controls.KeyControl Initialize_ctrlKeyboardb(InternedString kKeyLayout, InputControl parent)"
"Packages/com.unity.inputsystem/InputSystem/Devices/Precompiled/FastKeyboard.cs",1158,"Unity New Input System : \bUnityEngine\.InputSystem\b","var ctrlKeyboardb = new UnityEngine.InputSystem.Controls.KeyControl();"
"Packages/com.unity.inputsystem/InputSystem/Devices/Precompiled/FastKeyboard.cs",1175,"Unity New Input System : \bUnityEngine\.InputSystem\b","ctrlKeyboardb.keyCode = UnityEngine.InputSystem.Key.B;"
"Packages/com.unity.inputsystem/InputSystem/Devices/Precompiled/FastKeyboard.cs",1179,"Unity New Input System : \bUnityEngine\.InputSystem\b","private UnityEngine.InputSystem.Controls.KeyControl Initialize_ctrlKeyboardc(InternedString kKeyLayout, InputControl parent)"
"Packages/com.unity.inputsystem/InputSystem/Devices/Precompiled/FastKeyboard.cs",1181,"Unity New Input System : \bUnityEngine\.InputSystem\b","var ctrlKeyboardc = new UnityEngine.InputSystem.Controls.KeyControl();"
"Packages/com.unity.inputsystem/InputSystem/Devices/Precompiled/FastKeyboard.cs",1198,"Unity New Input System : \bUnityEngine\.InputSystem\b","ctrlKeyboardc.keyCode = UnityEngine.InputSystem.Key.C;"
"Packages/com.unity.inputsystem/InputSystem/Devices/Precompiled/FastKeyboard.cs",1202,"Unity New Input System : \bUnityEngine\.InputSystem\b","private UnityEngine.InputSystem.Controls.KeyControl Initialize_ctrlKeyboardd(InternedString kKeyLayout, InputControl parent)"
"Packages/com.unity.inputsystem/InputSystem/Devices/Precompiled/FastKeyboard.cs",1204,"Unity New Input System : \bUnityEngine\.InputSystem\b","var ctrlKeyboardd = new UnityEngine.InputSystem.Controls.KeyControl();"
"Packages/com.unity.inputsystem/InputSystem/Devices/Precompiled/FastKeyboard.cs",1221,"Unity New Input System : \bUnityEngine\.InputSystem\b","ctrlKeyboardd.keyCode = UnityEngine.InputSystem.Key.D;"
"Packages/com.unity.inputsystem/InputSystem/Devices/Precompiled/FastKeyboard.cs",1225,"Unity New Input System : \bUnityEngine\.InputSystem\b","private UnityEngine.InputSystem.Controls.KeyControl Initialize_ctrlKeyboarde(InternedString kKeyLayout, InputControl parent)"
"Packages/com.unity.inputsystem/InputSystem/Devices/Precompiled/FastKeyboard.cs",1227,"Unity New Input System : \bUnityEngine\.InputSystem\b","var ctrlKeyboarde = new UnityEngine.InputSystem.Controls.KeyControl();"
"Packages/com.unity.inputsystem/InputSystem/Devices/Precompiled/FastKeyboard.cs",1244,"Unity New Input System : \bUnityEngine\.InputSystem\b","ctrlKeyboarde.keyCode = UnityEngine.InputSystem.Key.E;"
"Packages/com.unity.inputsystem/InputSystem/Devices/Precompiled/FastKeyboard.cs",1248,"Unity New Input System : \bUnityEngine\.InputSystem\b","private UnityEngine.InputSystem.Controls.KeyControl Initialize_ctrlKeyboardf(InternedString kKeyLayout, InputControl parent)"
"Packages/com.unity.inputsystem/InputSystem/Devices/Precompiled/FastKeyboard.cs",1250,"Unity New Input System : \bUnityEngine\.InputSystem\b","var ctrlKeyboardf = new UnityEngine.InputSystem.Controls.KeyControl();"
"Packages/com.unity.inputsystem/InputSystem/Devices/Precompiled/FastKeyboard.cs",1267,"Unity New Input System : \bUnityEngine\.InputSystem\b","ctrlKeyboardf.keyCode = UnityEngine.InputSystem.Key.F;"
"Packages/com.unity.inputsystem/InputSystem/Devices/Precompiled/FastKeyboard.cs",1271,"Unity New Input System : \bUnityEngine\.InputSystem\b","private UnityEngine.InputSystem.Controls.KeyControl Initialize_ctrlKeyboardg(InternedString kKeyLayout, InputControl parent)"
"Packages/com.unity.inputsystem/InputSystem/Devices/Precompiled/FastKeyboard.cs",1273,"Unity New Input System : \bUnityEngine\.InputSystem\b","var ctrlKeyboardg = new UnityEngine.InputSystem.Controls.KeyControl();"
"Packages/com.unity.inputsystem/InputSystem/Devices/Precompiled/FastKeyboard.cs",1290,"Unity New Input System : \bUnityEngine\.InputSystem\b","ctrlKeyboardg.keyCode = UnityEngine.InputSystem.Key.G;"
"Packages/com.unity.inputsystem/InputSystem/Devices/Precompiled/FastKeyboard.cs",1294,"Unity New Input System : \bUnityEngine\.InputSystem\b","private UnityEngine.InputSystem.Controls.KeyControl Initialize_ctrlKeyboardh(InternedString kKeyLayout, InputControl parent)"
"Packages/com.unity.inputsystem/InputSystem/Devices/Precompiled/FastKeyboard.cs",1296,"Unity New Input System : \bUnityEngine\.InputSystem\b","var ctrlKeyboardh = new UnityEngine.InputSystem.Controls.KeyControl();"
"Packages/com.unity.inputsystem/InputSystem/Devices/Precompiled/FastKeyboard.cs",1313,"Unity New Input System : \bUnityEngine\.InputSystem\b","ctrlKeyboardh.keyCode = UnityEngine.InputSystem.Key.H;"
"Packages/com.unity.inputsystem/InputSystem/Devices/Precompiled/FastKeyboard.cs",1317,"Unity New Input System : \bUnityEngine\.InputSystem\b","private UnityEngine.InputSystem.Controls.KeyControl Initialize_ctrlKeyboardi(InternedString kKeyLayout, InputControl parent)"
"Packages/com.unity.inputsystem/InputSystem/Devices/Precompiled/FastKeyboard.cs",1319,"Unity New Input System : \bUnityEngine\.InputSystem\b","var ctrlKeyboardi = new UnityEngine.InputSystem.Controls.KeyControl();"
"Packages/com.unity.inputsystem/InputSystem/Devices/Precompiled/FastKeyboard.cs",1336,"Unity New Input System : \bUnityEngine\.InputSystem\b","ctrlKeyboardi.keyCode = UnityEngine.InputSystem.Key.I;"
"Packages/com.unity.inputsystem/InputSystem/Devices/Precompiled/FastKeyboard.cs",1340,"Unity New Input System : \bUnityEngine\.InputSystem\b","private UnityEngine.InputSystem.Controls.KeyControl Initialize_ctrlKeyboardj(InternedString kKeyLayout, InputControl parent)"
"Packages/com.unity.inputsystem/InputSystem/Devices/Precompiled/FastKeyboard.cs",1342,"Unity New Input System : \bUnityEngine\.InputSystem\b","var ctrlKeyboardj = new UnityEngine.InputSystem.Controls.KeyControl();"
"Packages/com.unity.inputsystem/InputSystem/Devices/Precompiled/FastKeyboard.cs",1359,"Unity New Input System : \bUnityEngine\.InputSystem\b","ctrlKeyboardj.keyCode = UnityEngine.InputSystem.Key.J;"
"Packages/com.unity.inputsystem/InputSystem/Devices/Precompiled/FastKeyboard.cs",1363,"Unity New Input System : \bUnityEngine\.InputSystem\b","private UnityEngine.InputSystem.Controls.KeyControl Initialize_ctrlKeyboardk(InternedString kKeyLayout, InputControl parent)"
"Packages/com.unity.inputsystem/InputSystem/Devices/Precompiled/FastKeyboard.cs",1365,"Unity New Input System : \bUnityEngine\.InputSystem\b","var ctrlKeyboardk = new UnityEngine.InputSystem.Controls.KeyControl();"
"Packages/com.unity.inputsystem/InputSystem/Devices/Precompiled/FastKeyboard.cs",1382,"Unity New Input System : \bUnityEngine\.InputSystem\b","ctrlKeyboardk.keyCode = UnityEngine.InputSystem.Key.K;"
"Packages/com.unity.inputsystem/InputSystem/Devices/Precompiled/FastKeyboard.cs",1386,"Unity New Input System : \bUnityEngine\.InputSystem\b","private UnityEngine.InputSystem.Controls.KeyControl Initialize_ctrlKeyboardl(InternedString kKeyLayout, InputControl parent)"
"Packages/com.unity.inputsystem/InputSystem/Devices/Precompiled/FastKeyboard.cs",1388,"Unity New Input System : \bUnityEngine\.InputSystem\b","var ctrlKeyboardl = new UnityEngine.InputSystem.Controls.KeyControl();"
"Packages/com.unity.inputsystem/InputSystem/Devices/Precompiled/FastKeyboard.cs",1405,"Unity New Input System : \bUnityEngine\.InputSystem\b","ctrlKeyboardl.keyCode = UnityEngine.InputSystem.Key.L;"
"Packages/com.unity.inputsystem/InputSystem/Devices/Precompiled/FastKeyboard.cs",1409,"Unity New Input System : \bUnityEngine\.InputSystem\b","private UnityEngine.InputSystem.Controls.KeyControl Initialize_ctrlKeyboardm(InternedString kKeyLayout, InputControl parent)"
"Packages/com.unity.inputsystem/InputSystem/Devices/Precompiled/FastKeyboard.cs",1411,"Unity New Input System : \bUnityEngine\.InputSystem\b","var ctrlKeyboardm = new UnityEngine.InputSystem.Controls.KeyControl();"
"Packages/com.unity.inputsystem/InputSystem/Devices/Precompiled/FastKeyboard.cs",1428,"Unity New Input System : \bUnityEngine\.InputSystem\b","ctrlKeyboardm.keyCode = UnityEngine.InputSystem.Key.M;"
"Packages/com.unity.inputsystem/InputSystem/Devices/Precompiled/FastKeyboard.cs",1432,"Unity New Input System : \bUnityEngine\.InputSystem\b","private UnityEngine.InputSystem.Controls.KeyControl Initialize_ctrlKeyboardn(InternedString kKeyLayout, InputControl parent)"
"Packages/com.unity.inputsystem/InputSystem/Devices/Precompiled/FastKeyboard.cs",1434,"Unity New Input System : \bUnityEngine\.InputSystem\b","var ctrlKeyboardn = new UnityEngine.InputSystem.Controls.KeyControl();"
"Packages/com.unity.inputsystem/InputSystem/Devices/Precompiled/FastKeyboard.cs",1451,"Unity New Input System : \bUnityEngine\.InputSystem\b","ctrlKeyboardn.keyCode = UnityEngine.InputSystem.Key.N;"
"Packages/com.unity.inputsystem/InputSystem/Devices/Precompiled/FastKeyboard.cs",1455,"Unity New Input System : \bUnityEngine\.InputSystem\b","private UnityEngine.InputSystem.Controls.KeyControl Initialize_ctrlKeyboardo(InternedString kKeyLayout, InputControl parent)"
"Packages/com.unity.inputsystem/InputSystem/Devices/Precompiled/FastKeyboard.cs",1457,"Unity New Input System : \bUnityEngine\.InputSystem\b","var ctrlKeyboardo = new UnityEngine.InputSystem.Controls.KeyControl();"
"Packages/com.unity.inputsystem/InputSystem/Devices/Precompiled/FastKeyboard.cs",1474,"Unity New Input System : \bUnityEngine\.InputSystem\b","ctrlKeyboardo.keyCode = UnityEngine.InputSystem.Key.O;"
"Packages/com.unity.inputsystem/InputSystem/Devices/Precompiled/FastKeyboard.cs",1478,"Unity New Input System : \bUnityEngine\.InputSystem\b","private UnityEngine.InputSystem.Controls.KeyControl Initialize_ctrlKeyboardp(InternedString kKeyLayout, InputControl parent)"
"Packages/com.unity.inputsystem/InputSystem/Devices/Precompiled/FastKeyboard.cs",1480,"Unity New Input System : \bUnityEngine\.InputSystem\b","var ctrlKeyboardp = new UnityEngine.InputSystem.Controls.KeyControl();"
"Packages/com.unity.inputsystem/InputSystem/Devices/Precompiled/FastKeyboard.cs",1497,"Unity New Input System : \bUnityEngine\.InputSystem\b","ctrlKeyboardp.keyCode = UnityEngine.InputSystem.Key.P;"
"Packages/com.unity.inputsystem/InputSystem/Devices/Precompiled/FastKeyboard.cs",1501,"Unity New Input System : \bUnityEngine\.InputSystem\b","private UnityEngine.InputSystem.Controls.KeyControl Initialize_ctrlKeyboardq(InternedString kKeyLayout, InputControl parent)"
"Packages/com.unity.inputsystem/InputSystem/Devices/Precompiled/FastKeyboard.cs",1503,"Unity New Input System : \bUnityEngine\.InputSystem\b","var ctrlKeyboardq = new UnityEngine.InputSystem.Controls.KeyControl();"
"Packages/com.unity.inputsystem/InputSystem/Devices/Precompiled/FastKeyboard.cs",1520,"Unity New Input System : \bUnityEngine\.InputSystem\b","ctrlKeyboardq.keyCode = UnityEngine.InputSystem.Key.Q;"
"Packages/com.unity.inputsystem/InputSystem/Devices/Precompiled/FastKeyboard.cs",1524,"Unity New Input System : \bUnityEngine\.InputSystem\b","private UnityEngine.InputSystem.Controls.KeyControl Initialize_ctrlKeyboardr(InternedString kKeyLayout, InputControl parent)"
"Packages/com.unity.inputsystem/InputSystem/Devices/Precompiled/FastKeyboard.cs",1526,"Unity New Input System : \bUnityEngine\.InputSystem\b","var ctrlKeyboardr = new UnityEngine.InputSystem.Controls.KeyControl();"
"Packages/com.unity.inputsystem/InputSystem/Devices/Precompiled/FastKeyboard.cs",1543,"Unity New Input System : \bUnityEngine\.InputSystem\b","ctrlKeyboardr.keyCode = UnityEngine.InputSystem.Key.R;"
"Packages/com.unity.inputsystem/InputSystem/Devices/Precompiled/FastKeyboard.cs",1547,"Unity New Input System : \bUnityEngine\.InputSystem\b","private UnityEngine.InputSystem.Controls.KeyControl Initialize_ctrlKeyboards(InternedString kKeyLayout, InputControl parent)"
"Packages/com.unity.inputsystem/InputSystem/Devices/Precompiled/FastKeyboard.cs",1549,"Unity New Input System : \bUnityEngine\.InputSystem\b","var ctrlKeyboards = new UnityEngine.InputSystem.Controls.KeyControl();"
"Packages/com.unity.inputsystem/InputSystem/Devices/Precompiled/FastKeyboard.cs",1566,"Unity New Input System : \bUnityEngine\.InputSystem\b","ctrlKeyboards.keyCode = UnityEngine.InputSystem.Key.S;"
"Packages/com.unity.inputsystem/InputSystem/Devices/Precompiled/FastKeyboard.cs",1570,"Unity New Input System : \bUnityEngine\.InputSystem\b","private UnityEngine.InputSystem.Controls.KeyControl Initialize_ctrlKeyboardt(InternedString kKeyLayout, InputControl parent)"
"Packages/com.unity.inputsystem/InputSystem/Devices/Precompiled/FastKeyboard.cs",1572,"Unity New Input System : \bUnityEngine\.InputSystem\b","var ctrlKeyboardt = new UnityEngine.InputSystem.Controls.KeyControl();"
"Packages/com.unity.inputsystem/InputSystem/Devices/Precompiled/FastKeyboard.cs",1589,"Unity New Input System : \bUnityEngine\.InputSystem\b","ctrlKeyboardt.keyCode = UnityEngine.InputSystem.Key.T;"
"Packages/com.unity.inputsystem/InputSystem/Devices/Precompiled/FastKeyboard.cs",1593,"Unity New Input System : \bUnityEngine\.InputSystem\b","private UnityEngine.InputSystem.Controls.KeyControl Initialize_ctrlKeyboardu(InternedString kKeyLayout, InputControl parent)"
"Packages/com.unity.inputsystem/InputSystem/Devices/Precompiled/FastKeyboard.cs",1595,"Unity New Input System : \bUnityEngine\.InputSystem\b","var ctrlKeyboardu = new UnityEngine.InputSystem.Controls.KeyControl();"
"Packages/com.unity.inputsystem/InputSystem/Devices/Precompiled/FastKeyboard.cs",1612,"Unity New Input System : \bUnityEngine\.InputSystem\b","ctrlKeyboardu.keyCode = UnityEngine.InputSystem.Key.U;"
"Packages/com.unity.inputsystem/InputSystem/Devices/Precompiled/FastKeyboard.cs",1616,"Unity New Input System : \bUnityEngine\.InputSystem\b","private UnityEngine.InputSystem.Controls.KeyControl Initialize_ctrlKeyboardv(InternedString kKeyLayout, InputControl parent)"
"Packages/com.unity.inputsystem/InputSystem/Devices/Precompiled/FastKeyboard.cs",1618,"Unity New Input System : \bUnityEngine\.InputSystem\b","var ctrlKeyboardv = new UnityEngine.InputSystem.Controls.KeyControl();"
"Packages/com.unity.inputsystem/InputSystem/Devices/Precompiled/FastKeyboard.cs",1635,"Unity New Input System : \bUnityEngine\.InputSystem\b","ctrlKeyboardv.keyCode = UnityEngine.InputSystem.Key.V;"
"Packages/com.unity.inputsystem/InputSystem/Devices/Precompiled/FastKeyboard.cs",1639,"Unity New Input System : \bUnityEngine\.InputSystem\b","private UnityEngine.InputSystem.Controls.KeyControl Initialize_ctrlKeyboardw(InternedString kKeyLayout, InputControl parent)"
"Packages/com.unity.inputsystem/InputSystem/Devices/Precompiled/FastKeyboard.cs",1641,"Unity New Input System : \bUnityEngine\.InputSystem\b","var ctrlKeyboardw = new UnityEngine.InputSystem.Controls.KeyControl();"
"Packages/com.unity.inputsystem/InputSystem/Devices/Precompiled/FastKeyboard.cs",1658,"Unity New Input System : \bUnityEngine\.InputSystem\b","ctrlKeyboardw.keyCode = UnityEngine.InputSystem.Key.W;"
"Packages/com.unity.inputsystem/InputSystem/Devices/Precompiled/FastKeyboard.cs",1662,"Unity New Input System : \bUnityEngine\.InputSystem\b","private UnityEngine.InputSystem.Controls.KeyControl Initialize_ctrlKeyboardx(InternedString kKeyLayout, InputControl parent)"
"Packages/com.unity.inputsystem/InputSystem/Devices/Precompiled/FastKeyboard.cs",1664,"Unity New Input System : \bUnityEngine\.InputSystem\b","var ctrlKeyboardx = new UnityEngine.InputSystem.Controls.KeyControl();"
"Packages/com.unity.inputsystem/InputSystem/Devices/Precompiled/FastKeyboard.cs",1681,"Unity New Input System : \bUnityEngine\.InputSystem\b","ctrlKeyboardx.keyCode = UnityEngine.InputSystem.Key.X;"
"Packages/com.unity.inputsystem/InputSystem/Devices/Precompiled/FastKeyboard.cs",1685,"Unity New Input System : \bUnityEngine\.InputSystem\b","private UnityEngine.InputSystem.Controls.KeyControl Initialize_ctrlKeyboardy(InternedString kKeyLayout, InputControl parent)"
"Packages/com.unity.inputsystem/InputSystem/Devices/Precompiled/FastKeyboard.cs",1687,"Unity New Input System : \bUnityEngine\.InputSystem\b","var ctrlKeyboardy = new UnityEngine.InputSystem.Controls.KeyControl();"
"Packages/com.unity.inputsystem/InputSystem/Devices/Precompiled/FastKeyboard.cs",1704,"Unity New Input System : \bUnityEngine\.InputSystem\b","ctrlKeyboardy.keyCode = UnityEngine.InputSystem.Key.Y;"
"Packages/com.unity.inputsystem/InputSystem/Devices/Precompiled/FastKeyboard.cs",1708,"Unity New Input System : \bUnityEngine\.InputSystem\b","private UnityEngine.InputSystem.Controls.KeyControl Initialize_ctrlKeyboardz(InternedString kKeyLayout, InputControl parent)"
"Packages/com.unity.inputsystem/InputSystem/Devices/Precompiled/FastKeyboard.cs",1710,"Unity New Input System : \bUnityEngine\.InputSystem\b","var ctrlKeyboardz = new UnityEngine.InputSystem.Controls.KeyControl();"
"Packages/com.unity.inputsystem/InputSystem/Devices/Precompiled/FastKeyboard.cs",1727,"Unity New Input System : \bUnityEngine\.InputSystem\b","ctrlKeyboardz.keyCode = UnityEngine.InputSystem.Key.Z;"
"Packages/com.unity.inputsystem/InputSystem/Devices/Precompiled/FastKeyboard.cs",1731,"Unity New Input System : \bUnityEngine\.InputSystem\b","private UnityEngine.InputSystem.Controls.KeyControl Initialize_ctrlKeyboard1(InternedString kKeyLayout, InputControl parent)"
"Packages/com.unity.inputsystem/InputSystem/Devices/Precompiled/FastKeyboard.cs",1733,"Unity New Input System : \bUnityEngine\.InputSystem\b","var ctrlKeyboard1 = new UnityEngine.InputSystem.Controls.KeyControl();"
"Packages/com.unity.inputsystem/InputSystem/Devices/Precompiled/FastKeyboard.cs",1750,"Unity New Input System : \bUnityEngine\.InputSystem\b","ctrlKeyboard1.keyCode = UnityEngine.InputSystem.Key.Digit1;"
"Packages/com.unity.inputsystem/InputSystem/Devices/Precompiled/FastKeyboard.cs",1754,"Unity New Input System : \bUnityEngine\.InputSystem\b","private UnityEngine.InputSystem.Controls.KeyControl Initialize_ctrlKeyboard2(InternedString kKeyLayout, InputControl parent)"
"Packages/com.unity.inputsystem/InputSystem/Devices/Precompiled/FastKeyboard.cs",1756,"Unity New Input System : \bUnityEngine\.InputSystem\b","var ctrlKeyboard2 = new UnityEngine.InputSystem.Controls.KeyControl();"
"Packages/com.unity.inputsystem/InputSystem/Devices/Precompiled/FastKeyboard.cs",1773,"Unity New Input System : \bUnityEngine\.InputSystem\b","ctrlKeyboard2.keyCode = UnityEngine.InputSystem.Key.Digit2;"
"Packages/com.unity.inputsystem/InputSystem/Devices/Precompiled/FastKeyboard.cs",1777,"Unity New Input System : \bUnityEngine\.InputSystem\b","private UnityEngine.InputSystem.Controls.KeyControl Initialize_ctrlKeyboard3(InternedString kKeyLayout, InputControl parent)"
"Packages/com.unity.inputsystem/InputSystem/Devices/Precompiled/FastKeyboard.cs",1779,"Unity New Input System : \bUnityEngine\.InputSystem\b","var ctrlKeyboard3 = new UnityEngine.InputSystem.Controls.KeyControl();"
"Packages/com.unity.inputsystem/InputSystem/Devices/Precompiled/FastKeyboard.cs",1796,"Unity New Input System : \bUnityEngine\.InputSystem\b","ctrlKeyboard3.keyCode = UnityEngine.InputSystem.Key.Digit3;"
"Packages/com.unity.inputsystem/InputSystem/Devices/Precompiled/FastKeyboard.cs",1800,"Unity New Input System : \bUnityEngine\.InputSystem\b","private UnityEngine.InputSystem.Controls.KeyControl Initialize_ctrlKeyboard4(InternedString kKeyLayout, InputControl parent)"
"Packages/com.unity.inputsystem/InputSystem/Devices/Precompiled/FastKeyboard.cs",1802,"Unity New Input System : \bUnityEngine\.InputSystem\b","var ctrlKeyboard4 = new UnityEngine.InputSystem.Controls.KeyControl();"
"Packages/com.unity.inputsystem/InputSystem/Devices/Precompiled/FastKeyboard.cs",1819,"Unity New Input System : \bUnityEngine\.InputSystem\b","ctrlKeyboard4.keyCode = UnityEngine.InputSystem.Key.Digit4;"
"Packages/com.unity.inputsystem/InputSystem/Devices/Precompiled/FastKeyboard.cs",1823,"Unity New Input System : \bUnityEngine\.InputSystem\b","private UnityEngine.InputSystem.Controls.KeyControl Initialize_ctrlKeyboard5(InternedString kKeyLayout, InputControl parent)"
"Packages/com.unity.inputsystem/InputSystem/Devices/Precompiled/FastKeyboard.cs",1825,"Unity New Input System : \bUnityEngine\.InputSystem\b","var ctrlKeyboard5 = new UnityEngine.InputSystem.Controls.KeyControl();"
"Packages/com.unity.inputsystem/InputSystem/Devices/Precompiled/FastKeyboard.cs",1842,"Unity New Input System : \bUnityEngine\.InputSystem\b","ctrlKeyboard5.keyCode = UnityEngine.InputSystem.Key.Digit5;"
"Packages/com.unity.inputsystem/InputSystem/Devices/Precompiled/FastKeyboard.cs",1846,"Unity New Input System : \bUnityEngine\.InputSystem\b","private UnityEngine.InputSystem.Controls.KeyControl Initialize_ctrlKeyboard6(InternedString kKeyLayout, InputControl parent)"
"Packages/com.unity.inputsystem/InputSystem/Devices/Precompiled/FastKeyboard.cs",1848,"Unity New Input System : \bUnityEngine\.InputSystem\b","var ctrlKeyboard6 = new UnityEngine.InputSystem.Controls.KeyControl();"
"Packages/com.unity.inputsystem/InputSystem/Devices/Precompiled/FastKeyboard.cs",1865,"Unity New Input System : \bUnityEngine\.InputSystem\b","ctrlKeyboard6.keyCode = UnityEngine.InputSystem.Key.Digit6;"
"Packages/com.unity.inputsystem/InputSystem/Devices/Precompiled/FastKeyboard.cs",1869,"Unity New Input System : \bUnityEngine\.InputSystem\b","private UnityEngine.InputSystem.Controls.KeyControl Initialize_ctrlKeyboard7(InternedString kKeyLayout, InputControl parent)"
"Packages/com.unity.inputsystem/InputSystem/Devices/Precompiled/FastKeyboard.cs",1871,"Unity New Input System : \bUnityEngine\.InputSystem\b","var ctrlKeyboard7 = new UnityEngine.InputSystem.Controls.KeyControl();"
"Packages/com.unity.inputsystem/InputSystem/Devices/Precompiled/FastKeyboard.cs",1888,"Unity New Input System : \bUnityEngine\.InputSystem\b","ctrlKeyboard7.keyCode = UnityEngine.InputSystem.Key.Digit7;"
"Packages/com.unity.inputsystem/InputSystem/Devices/Precompiled/FastKeyboard.cs",1892,"Unity New Input System : \bUnityEngine\.InputSystem\b","private UnityEngine.InputSystem.Controls.KeyControl Initialize_ctrlKeyboard8(InternedString kKeyLayout, InputControl parent)"
"Packages/com.unity.inputsystem/InputSystem/Devices/Precompiled/FastKeyboard.cs",1894,"Unity New Input System : \bUnityEngine\.InputSystem\b","var ctrlKeyboard8 = new UnityEngine.InputSystem.Controls.KeyControl();"
"Packages/com.unity.inputsystem/InputSystem/Devices/Precompiled/FastKeyboard.cs",1911,"Unity New Input System : \bUnityEngine\.InputSystem\b","ctrlKeyboard8.keyCode = UnityEngine.InputSystem.Key.Digit8;"
"Packages/com.unity.inputsystem/InputSystem/Devices/Precompiled/FastKeyboard.cs",1915,"Unity New Input System : \bUnityEngine\.InputSystem\b","private UnityEngine.InputSystem.Controls.KeyControl Initialize_ctrlKeyboard9(InternedString kKeyLayout, InputControl parent)"
"Packages/com.unity.inputsystem/InputSystem/Devices/Precompiled/FastKeyboard.cs",1917,"Unity New Input System : \bUnityEngine\.InputSystem\b","var ctrlKeyboard9 = new UnityEngine.InputSystem.Controls.KeyControl();"
"Packages/com.unity.inputsystem/InputSystem/Devices/Precompiled/FastKeyboard.cs",1934,"Unity New Input System : \bUnityEngine\.InputSystem\b","ctrlKeyboard9.keyCode = UnityEngine.InputSystem.Key.Digit9;"
"Packages/com.unity.inputsystem/InputSystem/Devices/Precompiled/FastKeyboard.cs",1938,"Unity New Input System : \bUnityEngine\.InputSystem\b","private UnityEngine.InputSystem.Controls.KeyControl Initialize_ctrlKeyboard0(InternedString kKeyLayout, InputControl parent)"
"Packages/com.unity.inputsystem/InputSystem/Devices/Precompiled/FastKeyboard.cs",1940,"Unity New Input System : \bUnityEngine\.InputSystem\b","var ctrlKeyboard0 = new UnityEngine.InputSystem.Controls.KeyControl();"
"Packages/com.unity.inputsystem/InputSystem/Devices/Precompiled/FastKeyboard.cs",1957,"Unity New Input System : \bUnityEngine\.InputSystem\b","ctrlKeyboard0.keyCode = UnityEngine.InputSystem.Key.Digit0;"
"Packages/com.unity.inputsystem/InputSystem/Devices/Precompiled/FastKeyboard.cs",1961,"Unity New Input System : \bUnityEngine\.InputSystem\b","private UnityEngine.InputSystem.Controls.KeyControl Initialize_ctrlKeyboardleftShift(InternedString kKeyLayout, InputControl parent)"
"Packages/com.unity.inputsystem/InputSystem/Devices/Precompiled/FastKeyboard.cs",1963,"Unity New Input System : \bUnityEngine\.InputSystem\b","var ctrlKeyboardleftShift = new UnityEngine.InputSystem.Controls.KeyControl();"
"Packages/com.unity.inputsystem/InputSystem/Devices/Precompiled/FastKeyboard.cs",1981,"Unity New Input System : \bUnityEngine\.InputSystem\b","ctrlKeyboardleftShift.keyCode = UnityEngine.InputSystem.Key.LeftShift;"
"Packages/com.unity.inputsystem/InputSystem/Devices/Precompiled/FastKeyboard.cs",1985,"Unity New Input System : \bUnityEngine\.InputSystem\b","private UnityEngine.InputSystem.Controls.KeyControl Initialize_ctrlKeyboardrightShift(InternedString kKeyLayout, InputControl parent)"
"Packages/com.unity.inputsystem/InputSystem/Devices/Precompiled/FastKeyboard.cs",1987,"Unity New Input System : \bUnityEngine\.InputSystem\b","var ctrlKeyboardrightShift = new UnityEngine.InputSystem.Controls.KeyControl();"
"Packages/com.unity.inputsystem/InputSystem/Devices/Precompiled/FastKeyboard.cs",2005,"Unity New Input System : \bUnityEngine\.InputSystem\b","ctrlKeyboardrightShift.keyCode = UnityEngine.InputSystem.Key.RightShift;"
"Packages/com.unity.inputsystem/InputSystem/Devices/Precompiled/FastKeyboard.cs",2009,"Unity New Input System : \bUnityEngine\.InputSystem\b","private UnityEngine.InputSystem.Controls.DiscreteButtonControl Initialize_ctrlKeyboardshift(InternedString kDiscreteButtonLayout, InputControl parent)"
"Packages/com.unity.inputsystem/InputSystem/Devices/Precompiled/FastKeyboard.cs",2011,"Unity New Input System : \bUnityEngine\.InputSystem\b","var ctrlKeyboardshift = new UnityEngine.InputSystem.Controls.DiscreteButtonControl { minValue = 1, maxValue = 3, writeMode = UnityEngine.InputSystem.Controls.DiscreteButtonControl.WriteMode.WriteNullAndMaxValue };"
"Packages/com.unity.inputsystem/InputSystem/Devices/Precompiled/FastKeyboard.cs",2033,"Unity New Input System : \bUnityEngine\.InputSystem\b","private UnityEngine.InputSystem.Controls.KeyControl Initialize_ctrlKeyboardleftAlt(InternedString kKeyLayout, InputControl parent)"
"Packages/com.unity.inputsystem/InputSystem/Devices/Precompiled/FastKeyboard.cs",2035,"Unity New Input System : \bUnityEngine\.InputSystem\b","var ctrlKeyboardleftAlt = new UnityEngine.InputSystem.Controls.KeyControl();"
"Packages/com.unity.inputsystem/InputSystem/Devices/Precompiled/FastKeyboard.cs",2053,"Unity New Input System : \bUnityEngine\.InputSystem\b","ctrlKeyboardleftAlt.keyCode = UnityEngine.InputSystem.Key.LeftAlt;"
"Packages/com.unity.inputsystem/InputSystem/Devices/Precompiled/FastKeyboard.cs",2057,"Unity New Input System : \bUnityEngine\.InputSystem\b","private UnityEngine.InputSystem.Controls.KeyControl Initialize_ctrlKeyboardrightAlt(InternedString kKeyLayout, InputControl parent)"
"Packages/com.unity.inputsystem/InputSystem/Devices/Precompiled/FastKeyboard.cs",2059,"Unity New Input System : \bUnityEngine\.InputSystem\b","var ctrlKeyboardrightAlt = new UnityEngine.InputSystem.Controls.KeyControl();"
"Packages/com.unity.inputsystem/InputSystem/Devices/Precompiled/FastKeyboard.cs",2078,"Unity New Input System : \bUnityEngine\.InputSystem\b","ctrlKeyboardrightAlt.keyCode = UnityEngine.InputSystem.Key.RightAlt;"
"Packages/com.unity.inputsystem/InputSystem/Devices/Precompiled/FastKeyboard.cs",2082,"Unity New Input System : \bUnityEngine\.InputSystem\b","private UnityEngine.InputSystem.Controls.DiscreteButtonControl Initialize_ctrlKeyboardalt(InternedString kDiscreteButtonLayout, InputControl parent)"
"Packages/com.unity.inputsystem/InputSystem/Devices/Precompiled/FastKeyboard.cs",2084,"Unity New Input System : \bUnityEngine\.InputSystem\b","var ctrlKeyboardalt = new UnityEngine.InputSystem.Controls.DiscreteButtonControl { minValue = 1, maxValue = 3, writeMode = UnityEngine.InputSystem.Controls.DiscreteButtonControl.WriteMode.WriteNullAndMaxValue };"
"Packages/com.unity.inputsystem/InputSystem/Devices/Precompiled/FastKeyboard.cs",2106,"Unity New Input System : \bUnityEngine\.InputSystem\b","private UnityEngine.InputSystem.Controls.KeyControl Initialize_ctrlKeyboardleftCtrl(InternedString kKeyLayout, InputControl parent)"
"Packages/com.unity.inputsystem/InputSystem/Devices/Precompiled/FastKeyboard.cs",2108,"Unity New Input System : \bUnityEngine\.InputSystem\b","var ctrlKeyboardleftCtrl = new UnityEngine.InputSystem.Controls.KeyControl();"
"Packages/com.unity.inputsystem/InputSystem/Devices/Precompiled/FastKeyboard.cs",2126,"Unity New Input System : \bUnityEngine\.InputSystem\b","ctrlKeyboardleftCtrl.keyCode = UnityEngine.InputSystem.Key.LeftCtrl;"
"Packages/com.unity.inputsystem/InputSystem/Devices/Precompiled/FastKeyboard.cs",2130,"Unity New Input System : \bUnityEngine\.InputSystem\b","private UnityEngine.InputSystem.Controls.KeyControl Initialize_ctrlKeyboardrightCtrl(InternedString kKeyLayout, InputControl parent)"
"Packages/com.unity.inputsystem/InputSystem/Devices/Precompiled/FastKeyboard.cs",2132,"Unity New Input System : \bUnityEngine\.InputSystem\b","var ctrlKeyboardrightCtrl = new UnityEngine.InputSystem.Controls.KeyControl();"
"Packages/com.unity.inputsystem/InputSystem/Devices/Precompiled/FastKeyboard.cs",2150,"Unity New Input System : \bUnityEngine\.InputSystem\b","ctrlKeyboardrightCtrl.keyCode = UnityEngine.InputSystem.Key.RightCtrl;"
"Packages/com.unity.inputsystem/InputSystem/Devices/Precompiled/FastKeyboard.cs",2154,"Unity New Input System : \bUnityEngine\.InputSystem\b","private UnityEngine.InputSystem.Controls.DiscreteButtonControl Initialize_ctrlKeyboardctrl(InternedString kDiscreteButtonLayout, InputControl parent)"
"Packages/com.unity.inputsystem/InputSystem/Devices/Precompiled/FastKeyboard.cs",2156,"Unity New Input System : \bUnityEngine\.InputSystem\b","var ctrlKeyboardctrl = new UnityEngine.InputSystem.Controls.DiscreteButtonControl { minValue = 1, maxValue = 3, writeMode = UnityEngine.InputSystem.Controls.DiscreteButtonControl.WriteMode.WriteNullAndMaxValue };"
"Packages/com.unity.inputsystem/InputSystem/Devices/Precompiled/FastKeyboard.cs",2178,"Unity New Input System : \bUnityEngine\.InputSystem\b","private UnityEngine.InputSystem.Controls.KeyControl Initialize_ctrlKeyboardleftMeta(InternedString kKeyLayout, InputControl parent)"
"Packages/com.unity.inputsystem/InputSystem/Devices/Precompiled/FastKeyboard.cs",2180,"Unity New Input System : \bUnityEngine\.InputSystem\b","var ctrlKeyboardleftMeta = new UnityEngine.InputSystem.Controls.KeyControl();"
"Packages/com.unity.inputsystem/InputSystem/Devices/Precompiled/FastKeyboard.cs",2199,"Unity New Input System : \bUnityEngine\.InputSystem\b","ctrlKeyboardleftMeta.keyCode = UnityEngine.InputSystem.Key.LeftWindows;"
"Packages/com.unity.inputsystem/InputSystem/Devices/Precompiled/FastKeyboard.cs",2203,"Unity New Input System : \bUnityEngine\.InputSystem\b","private UnityEngine.InputSystem.Controls.KeyControl Initialize_ctrlKeyboardrightMeta(InternedString kKeyLayout, InputControl parent)"
"Packages/com.unity.inputsystem/InputSystem/Devices/Precompiled/FastKeyboard.cs",2205,"Unity New Input System : \bUnityEngine\.InputSystem\b","var ctrlKeyboardrightMeta = new UnityEngine.InputSystem.Controls.KeyControl();"
"Packages/com.unity.inputsystem/InputSystem/Devices/Precompiled/FastKeyboard.cs",2224,"Unity New Input System : \bUnityEngine\.InputSystem\b","ctrlKeyboardrightMeta.keyCode = UnityEngine.InputSystem.Key.RightWindows;"
"Packages/com.unity.inputsystem/InputSystem/Devices/Precompiled/FastKeyboard.cs",2228,"Unity New Input System : \bUnityEngine\.InputSystem\b","private UnityEngine.InputSystem.Controls.KeyControl Initialize_ctrlKeyboardcontextMenu(InternedString kKeyLayout, InputControl parent)"
"Packages/com.unity.inputsystem/InputSystem/Devices/Precompiled/FastKeyboard.cs",2230,"Unity New Input System : \bUnityEngine\.InputSystem\b","var ctrlKeyboardcontextMenu = new UnityEngine.InputSystem.Controls.KeyControl();"
"Packages/com.unity.inputsystem/InputSystem/Devices/Precompiled/FastKeyboard.cs",2248,"Unity New Input System : \bUnityEngine\.InputSystem\b","ctrlKeyboardcontextMenu.keyCode = UnityEngine.InputSystem.Key.ContextMenu;"
"Packages/com.unity.inputsystem/InputSystem/Devices/Precompiled/FastKeyboard.cs",2252,"Unity New Input System : \bUnityEngine\.InputSystem\b","private UnityEngine.InputSystem.Controls.KeyControl Initialize_ctrlKeyboardbackspace(InternedString kKeyLayout, InputControl parent)"
"Packages/com.unity.inputsystem/InputSystem/Devices/Precompiled/FastKeyboard.cs",2254,"Unity New Input System : \bUnityEngine\.InputSystem\b","var ctrlKeyboardbackspace = new UnityEngine.InputSystem.Controls.KeyControl();"
"Packages/com.unity.inputsystem/InputSystem/Devices/Precompiled/FastKeyboard.cs",2271,"Unity New Input System : \bUnityEngine\.InputSystem\b","ctrlKeyboardbackspace.keyCode = UnityEngine.InputSystem.Key.Backspace;"
"Packages/com.unity.inputsystem/InputSystem/Devices/Precompiled/FastKeyboard.cs",2275,"Unity New Input System : \bUnityEngine\.InputSystem\b","private UnityEngine.InputSystem.Controls.KeyControl Initialize_ctrlKeyboardpageDown(InternedString kKeyLayout, InputControl parent)"
"Packages/com.unity.inputsystem/InputSystem/Devices/Precompiled/FastKeyboard.cs",2277,"Unity New Input System : \bUnityEngine\.InputSystem\b","var ctrlKeyboardpageDown = new UnityEngine.InputSystem.Controls.KeyControl();"
"Packages/com.unity.inputsystem/InputSystem/Devices/Precompiled/FastKeyboard.cs",2294,"Unity New Input System : \bUnityEngine\.InputSystem\b","ctrlKeyboardpageDown.keyCode = UnityEngine.InputSystem.Key.PageDown;"
"Packages/com.unity.inputsystem/InputSystem/Devices/Precompiled/FastKeyboard.cs",2298,"Unity New Input System : \bUnityEngine\.InputSystem\b","private UnityEngine.InputSystem.Controls.KeyControl Initialize_ctrlKeyboardpageUp(InternedString kKeyLayout, InputControl parent)"
"Packages/com.unity.inputsystem/InputSystem/Devices/Precompiled/FastKeyboard.cs",2300,"Unity New Input System : \bUnityEngine\.InputSystem\b","var ctrlKeyboardpageUp = new UnityEngine.InputSystem.Controls.KeyControl();"
"Packages/com.unity.inputsystem/InputSystem/Devices/Precompiled/FastKeyboard.cs",2317,"Unity New Input System : \bUnityEngine\.InputSystem\b","ctrlKeyboardpageUp.keyCode = UnityEngine.InputSystem.Key.PageUp;"
"Packages/com.unity.inputsystem/InputSystem/Devices/Precompiled/FastKeyboard.cs",2321,"Unity New Input System : \bUnityEngine\.InputSystem\b","private UnityEngine.InputSystem.Controls.KeyControl Initialize_ctrlKeyboardhome(InternedString kKeyLayout, InputControl parent)"
"Packages/com.unity.inputsystem/InputSystem/Devices/Precompiled/FastKeyboard.cs",2323,"Unity New Input System : \bUnityEngine\.InputSystem\b","var ctrlKeyboardhome = new UnityEngine.InputSystem.Controls.KeyControl();"
"Packages/com.unity.inputsystem/InputSystem/Devices/Precompiled/FastKeyboard.cs",2340,"Unity New Input System : \bUnityEngine\.InputSystem\b","ctrlKeyboardhome.keyCode = UnityEngine.InputSystem.Key.Home;"
"Packages/com.unity.inputsystem/InputSystem/Devices/Precompiled/FastKeyboard.cs",2344,"Unity New Input System : \bUnityEngine\.InputSystem\b","private UnityEngine.InputSystem.Controls.KeyControl Initialize_ctrlKeyboardend(InternedString kKeyLayout, InputControl parent)"
"Packages/com.unity.inputsystem/InputSystem/Devices/Precompiled/FastKeyboard.cs",2346,"Unity New Input System : \bUnityEngine\.InputSystem\b","var ctrlKeyboardend = new UnityEngine.InputSystem.Controls.KeyControl();"
"Packages/com.unity.inputsystem/InputSystem/Devices/Precompiled/FastKeyboard.cs",2363,"Unity New Input System : \bUnityEngine\.InputSystem\b","ctrlKeyboardend.keyCode = UnityEngine.InputSystem.Key.End;"
"Packages/com.unity.inputsystem/InputSystem/Devices/Precompiled/FastKeyboard.cs",2367,"Unity New Input System : \bUnityEngine\.InputSystem\b","private UnityEngine.InputSystem.Controls.KeyControl Initialize_ctrlKeyboardinsert(InternedString kKeyLayout, InputControl parent)"
"Packages/com.unity.inputsystem/InputSystem/Devices/Precompiled/FastKeyboard.cs",2369,"Unity New Input System : \bUnityEngine\.InputSystem\b","var ctrlKeyboardinsert = new UnityEngine.InputSystem.Controls.KeyControl();"
"Packages/com.unity.inputsystem/InputSystem/Devices/Precompiled/FastKeyboard.cs",2386,"Unity New Input System : \bUnityEngine\.InputSystem\b","ctrlKeyboardinsert.keyCode = UnityEngine.InputSystem.Key.Insert;"
"Packages/com.unity.inputsystem/InputSystem/Devices/Precompiled/FastKeyboard.cs",2390,"Unity New Input System : \bUnityEngine\.InputSystem\b","private UnityEngine.InputSystem.Controls.KeyControl Initialize_ctrlKeyboarddelete(InternedString kKeyLayout, InputControl parent)"
"Packages/com.unity.inputsystem/InputSystem/Devices/Precompiled/FastKeyboard.cs",2392,"Unity New Input System : \bUnityEngine\.InputSystem\b","var ctrlKeyboarddelete = new UnityEngine.InputSystem.Controls.KeyControl();"
"Packages/com.unity.inputsystem/InputSystem/Devices/Precompiled/FastKeyboard.cs",2409,"Unity New Input System : \bUnityEngine\.InputSystem\b","ctrlKeyboarddelete.keyCode = UnityEngine.InputSystem.Key.Delete;"
"Packages/com.unity.inputsystem/InputSystem/Devices/Precompiled/FastKeyboard.cs",2413,"Unity New Input System : \bUnityEngine\.InputSystem\b","private UnityEngine.InputSystem.Controls.KeyControl Initialize_ctrlKeyboardcapsLock(InternedString kKeyLayout, InputControl parent)"
"Packages/com.unity.inputsystem/InputSystem/Devices/Precompiled/FastKeyboard.cs",2415,"Unity New Input System : \bUnityEngine\.InputSystem\b","var ctrlKeyboardcapsLock = new UnityEngine.InputSystem.Controls.KeyControl();"
"Packages/com.unity.inputsystem/InputSystem/Devices/Precompiled/FastKeyboard.cs",2432,"Unity New Input System : \bUnityEngine\.InputSystem\b","ctrlKeyboardcapsLock.keyCode = UnityEngine.InputSystem.Key.CapsLock;"
"Packages/com.unity.inputsystem/InputSystem/Devices/Precompiled/FastKeyboard.cs",2436,"Unity New Input System : \bUnityEngine\.InputSystem\b","private UnityEngine.InputSystem.Controls.KeyControl Initialize_ctrlKeyboardnumLock(InternedString kKeyLayout, InputControl parent)"
"Packages/com.unity.inputsystem/InputSystem/Devices/Precompiled/FastKeyboard.cs",2438,"Unity New Input System : \bUnityEngine\.InputSystem\b","var ctrlKeyboardnumLock = new UnityEngine.InputSystem.Controls.KeyControl();"
"Packages/com.unity.inputsystem/InputSystem/Devices/Precompiled/FastKeyboard.cs",2455,"Unity New Input System : \bUnityEngine\.InputSystem\b","ctrlKeyboardnumLock.keyCode = UnityEngine.InputSystem.Key.NumLock;"
"Packages/com.unity.inputsystem/InputSystem/Devices/Precompiled/FastKeyboard.cs",2459,"Unity New Input System : \bUnityEngine\.InputSystem\b","private UnityEngine.InputSystem.Controls.KeyControl Initialize_ctrlKeyboardprintScreen(InternedString kKeyLayout, InputControl parent)"
"Packages/com.unity.inputsystem/InputSystem/Devices/Precompiled/FastKeyboard.cs",2461,"Unity New Input System : \bUnityEngine\.InputSystem\b","var ctrlKeyboardprintScreen = new UnityEngine.InputSystem.Controls.KeyControl();"
"Packages/com.unity.inputsystem/InputSystem/Devices/Precompiled/FastKeyboard.cs",2478,"Unity New Input System : \bUnityEngine\.InputSystem\b","ctrlKeyboardprintScreen.keyCode = UnityEngine.InputSystem.Key.PrintScreen;"
"Packages/com.unity.inputsystem/InputSystem/Devices/Precompiled/FastKeyboard.cs",2482,"Unity New Input System : \bUnityEngine\.InputSystem\b","private UnityEngine.InputSystem.Controls.KeyControl Initialize_ctrlKeyboardscrollLock(InternedString kKeyLayout, InputControl parent)"
"Packages/com.unity.inputsystem/InputSystem/Devices/Precompiled/FastKeyboard.cs",2484,"Unity New Input System : \bUnityEngine\.InputSystem\b","var ctrlKeyboardscrollLock = new UnityEngine.InputSystem.Controls.KeyControl();"
"Packages/com.unity.inputsystem/InputSystem/Devices/Precompiled/FastKeyboard.cs",2501,"Unity New Input System : \bUnityEngine\.InputSystem\b","ctrlKeyboardscrollLock.keyCode = UnityEngine.InputSystem.Key.ScrollLock;"
"Packages/com.unity.inputsystem/InputSystem/Devices/Precompiled/FastKeyboard.cs",2505,"Unity New Input System : \bUnityEngine\.InputSystem\b","private UnityEngine.InputSystem.Controls.KeyControl Initialize_ctrlKeyboardpause(InternedString kKeyLayout, InputControl parent)"
"Packages/com.unity.inputsystem/InputSystem/Devices/Precompiled/FastKeyboard.cs",2507,"Unity New Input System : \bUnityEngine\.InputSystem\b","var ctrlKeyboardpause = new UnityEngine.InputSystem.Controls.KeyControl();"
"Packages/com.unity.inputsystem/InputSystem/Devices/Precompiled/FastKeyboard.cs",2524,"Unity New Input System : \bUnityEngine\.InputSystem\b","ctrlKeyboardpause.keyCode = UnityEngine.InputSystem.Key.Pause;"
"Packages/com.unity.inputsystem/InputSystem/Devices/Precompiled/FastKeyboard.cs",2528,"Unity New Input System : \bUnityEngine\.InputSystem\b","private UnityEngine.InputSystem.Controls.KeyControl Initialize_ctrlKeyboardnumpadEnter(InternedString kKeyLayout, InputControl parent)"
"Packages/com.unity.inputsystem/InputSystem/Devices/Precompiled/FastKeyboard.cs",2530,"Unity New Input System : \bUnityEngine\.InputSystem\b","var ctrlKeyboardnumpadEnter = new UnityEngine.InputSystem.Controls.KeyControl();"
"Packages/com.unity.inputsystem/InputSystem/Devices/Precompiled/FastKeyboard.cs",2547,"Unity New Input System : \bUnityEngine\.InputSystem\b","ctrlKeyboardnumpadEnter.keyCode = UnityEngine.InputSystem.Key.NumpadEnter;"
"Packages/com.unity.inputsystem/InputSystem/Devices/Precompiled/FastKeyboard.cs",2551,"Unity New Input System : \bUnityEngine\.InputSystem\b","private UnityEngine.InputSystem.Controls.KeyControl Initialize_ctrlKeyboardnumpadDivide(InternedString kKeyLayout, InputControl parent)"
"Packages/com.unity.inputsystem/InputSystem/Devices/Precompiled/FastKeyboard.cs",2553,"Unity New Input System : \bUnityEngine\.InputSystem\b","var ctrlKeyboardnumpadDivide = new UnityEngine.InputSystem.Controls.KeyControl();"
"Packages/com.unity.inputsystem/InputSystem/Devices/Precompiled/FastKeyboard.cs",2570,"Unity New Input System : \bUnityEngine\.InputSystem\b","ctrlKeyboardnumpadDivide.keyCode = UnityEngine.InputSystem.Key.NumpadDivide;"
"Packages/com.unity.inputsystem/InputSystem/Devices/Precompiled/FastKeyboard.cs",2574,"Unity New Input System : \bUnityEngine\.InputSystem\b","private UnityEngine.InputSystem.Controls.KeyControl Initialize_ctrlKeyboardnumpadMultiply(InternedString kKeyLayout, InputControl parent)"
"Packages/com.unity.inputsystem/InputSystem/Devices/Precompiled/FastKeyboard.cs",2576,"Unity New Input System : \bUnityEngine\.InputSystem\b","var ctrlKeyboardnumpadMultiply = new UnityEngine.InputSystem.Controls.KeyControl();"
"Packages/com.unity.inputsystem/InputSystem/Devices/Precompiled/FastKeyboard.cs",2593,"Unity New Input System : \bUnityEngine\.InputSystem\b","ctrlKeyboardnumpadMultiply.keyCode = UnityEngine.InputSystem.Key.NumpadMultiply;"
"Packages/com.unity.inputsystem/InputSystem/Devices/Precompiled/FastKeyboard.cs",2597,"Unity New Input System : \bUnityEngine\.InputSystem\b","private UnityEngine.InputSystem.Controls.KeyControl Initialize_ctrlKeyboardnumpadPlus(InternedString kKeyLayout, InputControl parent)"
"Packages/com.unity.inputsystem/InputSystem/Devices/Precompiled/FastKeyboard.cs",2599,"Unity New Input System : \bUnityEngine\.InputSystem\b","var ctrlKeyboardnumpadPlus = new UnityEngine.InputSystem.Controls.KeyControl();"
"Packages/com.unity.inputsystem/InputSystem/Devices/Precompiled/FastKeyboard.cs",2616,"Unity New Input System : \bUnityEngine\.InputSystem\b","ctrlKeyboardnumpadPlus.keyCode = UnityEngine.InputSystem.Key.NumpadPlus;"
"Packages/com.unity.inputsystem/InputSystem/Devices/Precompiled/FastKeyboard.cs",2620,"Unity New Input System : \bUnityEngine\.InputSystem\b","private UnityEngine.InputSystem.Controls.KeyControl Initialize_ctrlKeyboardnumpadMinus(InternedString kKeyLayout, InputControl parent)"
"Packages/com.unity.inputsystem/InputSystem/Devices/Precompiled/FastKeyboard.cs",2622,"Unity New Input System : \bUnityEngine\.InputSystem\b","var ctrlKeyboardnumpadMinus = new UnityEngine.InputSystem.Controls.KeyControl();"
"Packages/com.unity.inputsystem/InputSystem/Devices/Precompiled/FastKeyboard.cs",2639,"Unity New Input System : \bUnityEngine\.InputSystem\b","ctrlKeyboardnumpadMinus.keyCode = UnityEngine.InputSystem.Key.NumpadMinus;"
"Packages/com.unity.inputsystem/InputSystem/Devices/Precompiled/FastKeyboard.cs",2643,"Unity New Input System : \bUnityEngine\.InputSystem\b","private UnityEngine.InputSystem.Controls.KeyControl Initialize_ctrlKeyboardnumpadPeriod(InternedString kKeyLayout, InputControl parent)"
"Packages/com.unity.inputsystem/InputSystem/Devices/Precompiled/FastKeyboard.cs",2645,"Unity New Input System : \bUnityEngine\.InputSystem\b","var ctrlKeyboardnumpadPeriod = new UnityEngine.InputSystem.Controls.KeyControl();"
"Packages/com.unity.inputsystem/InputSystem/Devices/Precompiled/FastKeyboard.cs",2662,"Unity New Input System : \bUnityEngine\.InputSystem\b","ctrlKeyboardnumpadPeriod.keyCode = UnityEngine.InputSystem.Key.NumpadPeriod;"
"Packages/com.unity.inputsystem/InputSystem/Devices/Precompiled/FastKeyboard.cs",2666,"Unity New Input System : \bUnityEngine\.InputSystem\b","private UnityEngine.InputSystem.Controls.KeyControl Initialize_ctrlKeyboardnumpadEquals(InternedString kKeyLayout, InputControl parent)"
"Packages/com.unity.inputsystem/InputSystem/Devices/Precompiled/FastKeyboard.cs",2668,"Unity New Input System : \bUnityEngine\.InputSystem\b","var ctrlKeyboardnumpadEquals = new UnityEngine.InputSystem.Controls.KeyControl();"
"Packages/com.unity.inputsystem/InputSystem/Devices/Precompiled/FastKeyboard.cs",2685,"Unity New Input System : \bUnityEngine\.InputSystem\b","ctrlKeyboardnumpadEquals.keyCode = UnityEngine.InputSystem.Key.NumpadEquals;"
"Packages/com.unity.inputsystem/InputSystem/Devices/Precompiled/FastKeyboard.cs",2689,"Unity New Input System : \bUnityEngine\.InputSystem\b","private UnityEngine.InputSystem.Controls.KeyControl Initialize_ctrlKeyboardnumpad1(InternedString kKeyLayout, InputControl parent)"
"Packages/com.unity.inputsystem/InputSystem/Devices/Precompiled/FastKeyboard.cs",2691,"Unity New Input System : \bUnityEngine\.InputSystem\b","var ctrlKeyboardnumpad1 = new UnityEngine.InputSystem.Controls.KeyControl();"
"Packages/com.unity.inputsystem/InputSystem/Devices/Precompiled/FastKeyboard.cs",2708,"Unity New Input System : \bUnityEngine\.InputSystem\b","ctrlKeyboardnumpad1.keyCode = UnityEngine.InputSystem.Key.Numpad1;"
"Packages/com.unity.inputsystem/InputSystem/Devices/Precompiled/FastKeyboard.cs",2712,"Unity New Input System : \bUnityEngine\.InputSystem\b","private UnityEngine.InputSystem.Controls.KeyControl Initialize_ctrlKeyboardnumpad2(InternedString kKeyLayout, InputControl parent)"
"Packages/com.unity.inputsystem/InputSystem/Devices/Precompiled/FastKeyboard.cs",2714,"Unity New Input System : \bUnityEngine\.InputSystem\b","var ctrlKeyboardnumpad2 = new UnityEngine.InputSystem.Controls.KeyControl();"
"Packages/com.unity.inputsystem/InputSystem/Devices/Precompiled/FastKeyboard.cs",2731,"Unity New Input System : \bUnityEngine\.InputSystem\b","ctrlKeyboardnumpad2.keyCode = UnityEngine.InputSystem.Key.Numpad2;"
"Packages/com.unity.inputsystem/InputSystem/Devices/Precompiled/FastKeyboard.cs",2735,"Unity New Input System : \bUnityEngine\.InputSystem\b","private UnityEngine.InputSystem.Controls.KeyControl Initialize_ctrlKeyboardnumpad3(InternedString kKeyLayout, InputControl parent)"
"Packages/com.unity.inputsystem/InputSystem/Devices/Precompiled/FastKeyboard.cs",2737,"Unity New Input System : \bUnityEngine\.InputSystem\b","var ctrlKeyboardnumpad3 = new UnityEngine.InputSystem.Controls.KeyControl();"
"Packages/com.unity.inputsystem/InputSystem/Devices/Precompiled/FastKeyboard.cs",2754,"Unity New Input System : \bUnityEngine\.InputSystem\b","ctrlKeyboardnumpad3.keyCode = UnityEngine.InputSystem.Key.Numpad3;"
"Packages/com.unity.inputsystem/InputSystem/Devices/Precompiled/FastKeyboard.cs",2758,"Unity New Input System : \bUnityEngine\.InputSystem\b","private UnityEngine.InputSystem.Controls.KeyControl Initialize_ctrlKeyboardnumpad4(InternedString kKeyLayout, InputControl parent)"
"Packages/com.unity.inputsystem/InputSystem/Devices/Precompiled/FastKeyboard.cs",2760,"Unity New Input System : \bUnityEngine\.InputSystem\b","var ctrlKeyboardnumpad4 = new UnityEngine.InputSystem.Controls.KeyControl();"
"Packages/com.unity.inputsystem/InputSystem/Devices/Precompiled/FastKeyboard.cs",2777,"Unity New Input System : \bUnityEngine\.InputSystem\b","ctrlKeyboardnumpad4.keyCode = UnityEngine.InputSystem.Key.Numpad4;"
"Packages/com.unity.inputsystem/InputSystem/Devices/Precompiled/FastKeyboard.cs",2781,"Unity New Input System : \bUnityEngine\.InputSystem\b","private UnityEngine.InputSystem.Controls.KeyControl Initialize_ctrlKeyboardnumpad5(InternedString kKeyLayout, InputControl parent)"
"Packages/com.unity.inputsystem/InputSystem/Devices/Precompiled/FastKeyboard.cs",2783,"Unity New Input System : \bUnityEngine\.InputSystem\b","var ctrlKeyboardnumpad5 = new UnityEngine.InputSystem.Controls.KeyControl();"
"Packages/com.unity.inputsystem/InputSystem/Devices/Precompiled/FastKeyboard.cs",2800,"Unity New Input System : \bUnityEngine\.InputSystem\b","ctrlKeyboardnumpad5.keyCode = UnityEngine.InputSystem.Key.Numpad5;"
"Packages/com.unity.inputsystem/InputSystem/Devices/Precompiled/FastKeyboard.cs",2804,"Unity New Input System : \bUnityEngine\.InputSystem\b","private UnityEngine.InputSystem.Controls.KeyControl Initialize_ctrlKeyboardnumpad6(InternedString kKeyLayout, InputControl parent)"
"Packages/com.unity.inputsystem/InputSystem/Devices/Precompiled/FastKeyboard.cs",2806,"Unity New Input System : \bUnityEngine\.InputSystem\b","var ctrlKeyboardnumpad6 = new UnityEngine.InputSystem.Controls.KeyControl();"
"Packages/com.unity.inputsystem/InputSystem/Devices/Precompiled/FastKeyboard.cs",2823,"Unity New Input System : \bUnityEngine\.InputSystem\b","ctrlKeyboardnumpad6.keyCode = UnityEngine.InputSystem.Key.Numpad6;"
"Packages/com.unity.inputsystem/InputSystem/Devices/Precompiled/FastKeyboard.cs",2827,"Unity New Input System : \bUnityEngine\.InputSystem\b","private UnityEngine.InputSystem.Controls.KeyControl Initialize_ctrlKeyboardnumpad7(InternedString kKeyLayout, InputControl parent)"
"Packages/com.unity.inputsystem/InputSystem/Devices/Precompiled/FastKeyboard.cs",2829,"Unity New Input System : \bUnityEngine\.InputSystem\b","var ctrlKeyboardnumpad7 = new UnityEngine.InputSystem.Controls.KeyControl();"
"Packages/com.unity.inputsystem/InputSystem/Devices/Precompiled/FastKeyboard.cs",2846,"Unity New Input System : \bUnityEngine\.InputSystem\b","ctrlKeyboardnumpad7.keyCode = UnityEngine.InputSystem.Key.Numpad7;"
"Packages/com.unity.inputsystem/InputSystem/Devices/Precompiled/FastKeyboard.cs",2850,"Unity New Input System : \bUnityEngine\.InputSystem\b","private UnityEngine.InputSystem.Controls.KeyControl Initialize_ctrlKeyboardnumpad8(InternedString kKeyLayout, InputControl parent)"
"Packages/com.unity.inputsystem/InputSystem/Devices/Precompiled/FastKeyboard.cs",2852,"Unity New Input System : \bUnityEngine\.InputSystem\b","var ctrlKeyboardnumpad8 = new UnityEngine.InputSystem.Controls.KeyControl();"
"Packages/com.unity.inputsystem/InputSystem/Devices/Precompiled/FastKeyboard.cs",2869,"Unity New Input System : \bUnityEngine\.InputSystem\b","ctrlKeyboardnumpad8.keyCode = UnityEngine.InputSystem.Key.Numpad8;"
"Packages/com.unity.inputsystem/InputSystem/Devices/Precompiled/FastKeyboard.cs",2873,"Unity New Input System : \bUnityEngine\.InputSystem\b","private UnityEngine.InputSystem.Controls.KeyControl Initialize_ctrlKeyboardnumpad9(InternedString kKeyLayout, InputControl parent)"
"Packages/com.unity.inputsystem/InputSystem/Devices/Precompiled/FastKeyboard.cs",2875,"Unity New Input System : \bUnityEngine\.InputSystem\b","var ctrlKeyboardnumpad9 = new UnityEngine.InputSystem.Controls.KeyControl();"
"Packages/com.unity.inputsystem/InputSystem/Devices/Precompiled/FastKeyboard.cs",2892,"Unity New Input System : \bUnityEngine\.InputSystem\b","ctrlKeyboardnumpad9.keyCode = UnityEngine.InputSystem.Key.Numpad9;"
"Packages/com.unity.inputsystem/InputSystem/Devices/Precompiled/FastKeyboard.cs",2896,"Unity New Input System : \bUnityEngine\.InputSystem\b","private UnityEngine.InputSystem.Controls.KeyControl Initialize_ctrlKeyboardnumpad0(InternedString kKeyLayout, InputControl parent)"
"Packages/com.unity.inputsystem/InputSystem/Devices/Precompiled/FastKeyboard.cs",2898,"Unity New Input System : \bUnityEngine\.InputSystem\b","var ctrlKeyboardnumpad0 = new UnityEngine.InputSystem.Controls.KeyControl();"
"Packages/com.unity.inputsystem/InputSystem/Devices/Precompiled/FastKeyboard.cs",2915,"Unity New Input System : \bUnityEngine\.InputSystem\b","ctrlKeyboardnumpad0.keyCode = UnityEngine.InputSystem.Key.Numpad0;"
"Packages/com.unity.inputsystem/InputSystem/Devices/Precompiled/FastKeyboard.cs",2919,"Unity New Input System : \bUnityEngine\.InputSystem\b","private UnityEngine.InputSystem.Controls.KeyControl Initialize_ctrlKeyboardf1(InternedString kKeyLayout, InputControl parent)"
"Packages/com.unity.inputsystem/InputSystem/Devices/Precompiled/FastKeyboard.cs",2921,"Unity New Input System : \bUnityEngine\.InputSystem\b","var ctrlKeyboardf1 = new UnityEngine.InputSystem.Controls.KeyControl();"
"Packages/com.unity.inputsystem/InputSystem/Devices/Precompiled/FastKeyboard.cs",2938,"Unity New Input System : \bUnityEngine\.InputSystem\b","ctrlKeyboardf1.keyCode = UnityEngine.InputSystem.Key.F1;"
"Packages/com.unity.inputsystem/InputSystem/Devices/Precompiled/FastKeyboard.cs",2942,"Unity New Input System : \bUnityEngine\.InputSystem\b","private UnityEngine.InputSystem.Controls.KeyControl Initialize_ctrlKeyboardf2(InternedString kKeyLayout, InputControl parent)"
"Packages/com.unity.inputsystem/InputSystem/Devices/Precompiled/FastKeyboard.cs",2944,"Unity New Input System : \bUnityEngine\.InputSystem\b","var ctrlKeyboardf2 = new UnityEngine.InputSystem.Controls.KeyControl();"
"Packages/com.unity.inputsystem/InputSystem/Devices/Precompiled/FastKeyboard.cs",2961,"Unity New Input System : \bUnityEngine\.InputSystem\b","ctrlKeyboardf2.keyCode = UnityEngine.InputSystem.Key.F2;"
"Packages/com.unity.inputsystem/InputSystem/Devices/Precompiled/FastKeyboard.cs",2965,"Unity New Input System : \bUnityEngine\.InputSystem\b","private UnityEngine.InputSystem.Controls.KeyControl Initialize_ctrlKeyboardf3(InternedString kKeyLayout, InputControl parent)"
"Packages/com.unity.inputsystem/InputSystem/Devices/Precompiled/FastKeyboard.cs",2967,"Unity New Input System : \bUnityEngine\.InputSystem\b","var ctrlKeyboardf3 = new UnityEngine.InputSystem.Controls.KeyControl();"
"Packages/com.unity.inputsystem/InputSystem/Devices/Precompiled/FastKeyboard.cs",2984,"Unity New Input System : \bUnityEngine\.InputSystem\b","ctrlKeyboardf3.keyCode = UnityEngine.InputSystem.Key.F3;"
"Packages/com.unity.inputsystem/InputSystem/Devices/Precompiled/FastKeyboard.cs",2988,"Unity New Input System : \bUnityEngine\.InputSystem\b","private UnityEngine.InputSystem.Controls.KeyControl Initialize_ctrlKeyboardf4(InternedString kKeyLayout, InputControl parent)"
"Packages/com.unity.inputsystem/InputSystem/Devices/Precompiled/FastKeyboard.cs",2990,"Unity New Input System : \bUnityEngine\.InputSystem\b","var ctrlKeyboardf4 = new UnityEngine.InputSystem.Controls.KeyControl();"
"Packages/com.unity.inputsystem/InputSystem/Devices/Precompiled/FastKeyboard.cs",3007,"Unity New Input System : \bUnityEngine\.InputSystem\b","ctrlKeyboardf4.keyCode = UnityEngine.InputSystem.Key.F4;"
"Packages/com.unity.inputsystem/InputSystem/Devices/Precompiled/FastKeyboard.cs",3011,"Unity New Input System : \bUnityEngine\.InputSystem\b","private UnityEngine.InputSystem.Controls.KeyControl Initialize_ctrlKeyboardf5(InternedString kKeyLayout, InputControl parent)"
"Packages/com.unity.inputsystem/InputSystem/Devices/Precompiled/FastKeyboard.cs",3013,"Unity New Input System : \bUnityEngine\.InputSystem\b","var ctrlKeyboardf5 = new UnityEngine.InputSystem.Controls.KeyControl();"
"Packages/com.unity.inputsystem/InputSystem/Devices/Precompiled/FastKeyboard.cs",3030,"Unity New Input System : \bUnityEngine\.InputSystem\b","ctrlKeyboardf5.keyCode = UnityEngine.InputSystem.Key.F5;"
"Packages/com.unity.inputsystem/InputSystem/Devices/Precompiled/FastKeyboard.cs",3034,"Unity New Input System : \bUnityEngine\.InputSystem\b","private UnityEngine.InputSystem.Controls.KeyControl Initialize_ctrlKeyboardf6(InternedString kKeyLayout, InputControl parent)"
"Packages/com.unity.inputsystem/InputSystem/Devices/Precompiled/FastKeyboard.cs",3036,"Unity New Input System : \bUnityEngine\.InputSystem\b","var ctrlKeyboardf6 = new UnityEngine.InputSystem.Controls.KeyControl();"
"Packages/com.unity.inputsystem/InputSystem/Devices/Precompiled/FastKeyboard.cs",3053,"Unity New Input System : \bUnityEngine\.InputSystem\b","ctrlKeyboardf6.keyCode = UnityEngine.InputSystem.Key.F6;"
"Packages/com.unity.inputsystem/InputSystem/Devices/Precompiled/FastKeyboard.cs",3057,"Unity New Input System : \bUnityEngine\.InputSystem\b","private UnityEngine.InputSystem.Controls.KeyControl Initialize_ctrlKeyboardf7(InternedString kKeyLayout, InputControl parent)"
"Packages/com.unity.inputsystem/InputSystem/Devices/Precompiled/FastKeyboard.cs",3059,"Unity New Input System : \bUnityEngine\.InputSystem\b","var ctrlKeyboardf7 = new UnityEngine.InputSystem.Controls.KeyControl();"
"Packages/com.unity.inputsystem/InputSystem/Devices/Precompiled/FastKeyboard.cs",3076,"Unity New Input System : \bUnityEngine\.InputSystem\b","ctrlKeyboardf7.keyCode = UnityEngine.InputSystem.Key.F7;"
"Packages/com.unity.inputsystem/InputSystem/Devices/Precompiled/FastKeyboard.cs",3080,"Unity New Input System : \bUnityEngine\.InputSystem\b","private UnityEngine.InputSystem.Controls.KeyControl Initialize_ctrlKeyboardf8(InternedString kKeyLayout, InputControl parent)"
"Packages/com.unity.inputsystem/InputSystem/Devices/Precompiled/FastKeyboard.cs",3082,"Unity New Input System : \bUnityEngine\.InputSystem\b","var ctrlKeyboardf8 = new UnityEngine.InputSystem.Controls.KeyControl();"
"Packages/com.unity.inputsystem/InputSystem/Devices/Precompiled/FastKeyboard.cs",3099,"Unity New Input System : \bUnityEngine\.InputSystem\b","ctrlKeyboardf8.keyCode = UnityEngine.InputSystem.Key.F8;"
"Packages/com.unity.inputsystem/InputSystem/Devices/Precompiled/FastKeyboard.cs",3103,"Unity New Input System : \bUnityEngine\.InputSystem\b","private UnityEngine.InputSystem.Controls.KeyControl Initialize_ctrlKeyboardf9(InternedString kKeyLayout, InputControl parent)"
"Packages/com.unity.inputsystem/InputSystem/Devices/Precompiled/FastKeyboard.cs",3105,"Unity New Input System : \bUnityEngine\.InputSystem\b","var ctrlKeyboardf9 = new UnityEngine.InputSystem.Controls.KeyControl();"
"Packages/com.unity.inputsystem/InputSystem/Devices/Precompiled/FastKeyboard.cs",3122,"Unity New Input System : \bUnityEngine\.InputSystem\b","ctrlKeyboardf9.keyCode = UnityEngine.InputSystem.Key.F9;"
"Packages/com.unity.inputsystem/InputSystem/Devices/Precompiled/FastKeyboard.cs",3126,"Unity New Input System : \bUnityEngine\.InputSystem\b","private UnityEngine.InputSystem.Controls.KeyControl Initialize_ctrlKeyboardf10(InternedString kKeyLayout, InputControl parent)"
"Packages/com.unity.inputsystem/InputSystem/Devices/Precompiled/FastKeyboard.cs",3128,"Unity New Input System : \bUnityEngine\.InputSystem\b","var ctrlKeyboardf10 = new UnityEngine.InputSystem.Controls.KeyControl();"
"Packages/com.unity.inputsystem/InputSystem/Devices/Precompiled/FastKeyboard.cs",3145,"Unity New Input System : \bUnityEngine\.InputSystem\b","ctrlKeyboardf10.keyCode = UnityEngine.InputSystem.Key.F10;"
"Packages/com.unity.inputsystem/InputSystem/Devices/Precompiled/FastKeyboard.cs",3149,"Unity New Input System : \bUnityEngine\.InputSystem\b","private UnityEngine.InputSystem.Controls.KeyControl Initialize_ctrlKeyboardf11(InternedString kKeyLayout, InputControl parent)"
"Packages/com.unity.inputsystem/InputSystem/Devices/Precompiled/FastKeyboard.cs",3151,"Unity New Input System : \bUnityEngine\.InputSystem\b","var ctrlKeyboardf11 = new UnityEngine.InputSystem.Controls.KeyControl();"
"Packages/com.unity.inputsystem/InputSystem/Devices/Precompiled/FastKeyboard.cs",3168,"Unity New Input System : \bUnityEngine\.InputSystem\b","ctrlKeyboardf11.keyCode = UnityEngine.InputSystem.Key.F11;"
"Packages/com.unity.inputsystem/InputSystem/Devices/Precompiled/FastKeyboard.cs",3172,"Unity New Input System : \bUnityEngine\.InputSystem\b","private UnityEngine.InputSystem.Controls.KeyControl Initialize_ctrlKeyboardf12(InternedString kKeyLayout, InputControl parent)"
"Packages/com.unity.inputsystem/InputSystem/Devices/Precompiled/FastKeyboard.cs",3174,"Unity New Input System : \bUnityEngine\.InputSystem\b","var ctrlKeyboardf12 = new UnityEngine.InputSystem.Controls.KeyControl();"
"Packages/com.unity.inputsystem/InputSystem/Devices/Precompiled/FastKeyboard.cs",3191,"Unity New Input System : \bUnityEngine\.InputSystem\b","ctrlKeyboardf12.keyCode = UnityEngine.InputSystem.Key.F12;"
"Packages/com.unity.inputsystem/InputSystem/Devices/Precompiled/FastKeyboard.cs",3195,"Unity New Input System : \bUnityEngine\.InputSystem\b","private UnityEngine.InputSystem.Controls.KeyControl Initialize_ctrlKeyboardOEM1(InternedString kKeyLayout, InputControl parent)"
"Packages/com.unity.inputsystem/InputSystem/Devices/Precompiled/FastKeyboard.cs",3197,"Unity New Input System : \bUnityEngine\.InputSystem\b","var ctrlKeyboardOEM1 = new UnityEngine.InputSystem.Controls.KeyControl();"
"Packages/com.unity.inputsystem/InputSystem/Devices/Precompiled/FastKeyboard.cs",3214,"Unity New Input System : \bUnityEngine\.InputSystem\b","ctrlKeyboardOEM1.keyCode = UnityEngine.InputSystem.Key.OEM1;"
"Packages/com.unity.inputsystem/InputSystem/Devices/Precompiled/FastKeyboard.cs",3218,"Unity New Input System : \bUnityEngine\.InputSystem\b","private UnityEngine.InputSystem.Controls.KeyControl Initialize_ctrlKeyboardOEM2(InternedString kKeyLayout, InputControl parent)"
"Packages/com.unity.inputsystem/InputSystem/Devices/Precompiled/FastKeyboard.cs",3220,"Unity New Input System : \bUnityEngine\.InputSystem\b","var ctrlKeyboardOEM2 = new UnityEngine.InputSystem.Controls.KeyControl();"
"Packages/com.unity.inputsystem/InputSystem/Devices/Precompiled/FastKeyboard.cs",3237,"Unity New Input System : \bUnityEngine\.InputSystem\b","ctrlKeyboardOEM2.keyCode = UnityEngine.InputSystem.Key.OEM2;"
"Packages/com.unity.inputsystem/InputSystem/Devices/Precompiled/FastKeyboard.cs",3241,"Unity New Input System : \bUnityEngine\.InputSystem\b","private UnityEngine.InputSystem.Controls.KeyControl Initialize_ctrlKeyboardOEM3(InternedString kKeyLayout, InputControl parent)"
"Packages/com.unity.inputsystem/InputSystem/Devices/Precompiled/FastKeyboard.cs",3243,"Unity New Input System : \bUnityEngine\.InputSystem\b","var ctrlKeyboardOEM3 = new UnityEngine.InputSystem.Controls.KeyControl();"
"Packages/com.unity.inputsystem/InputSystem/Devices/Precompiled/FastKeyboard.cs",3260,"Unity New Input System : \bUnityEngine\.InputSystem\b","ctrlKeyboardOEM3.keyCode = UnityEngine.InputSystem.Key.OEM3;"
"Packages/com.unity.inputsystem/InputSystem/Devices/Precompiled/FastKeyboard.cs",3264,"Unity New Input System : \bUnityEngine\.InputSystem\b","private UnityEngine.InputSystem.Controls.KeyControl Initialize_ctrlKeyboardOEM4(InternedString kKeyLayout, InputControl parent)"
"Packages/com.unity.inputsystem/InputSystem/Devices/Precompiled/FastKeyboard.cs",3266,"Unity New Input System : \bUnityEngine\.InputSystem\b","var ctrlKeyboardOEM4 = new UnityEngine.InputSystem.Controls.KeyControl();"
"Packages/com.unity.inputsystem/InputSystem/Devices/Precompiled/FastKeyboard.cs",3283,"Unity New Input System : \bUnityEngine\.InputSystem\b","ctrlKeyboardOEM4.keyCode = UnityEngine.InputSystem.Key.OEM4;"
"Packages/com.unity.inputsystem/InputSystem/Devices/Precompiled/FastKeyboard.cs",3287,"Unity New Input System : \bUnityEngine\.InputSystem\b","private UnityEngine.InputSystem.Controls.KeyControl Initialize_ctrlKeyboardOEM5(InternedString kKeyLayout, InputControl parent)"
"Packages/com.unity.inputsystem/InputSystem/Devices/Precompiled/FastKeyboard.cs",3289,"Unity New Input System : \bUnityEngine\.InputSystem\b","var ctrlKeyboardOEM5 = new UnityEngine.InputSystem.Controls.KeyControl();"
"Packages/com.unity.inputsystem/InputSystem/Devices/Precompiled/FastKeyboard.cs",3306,"Unity New Input System : \bUnityEngine\.InputSystem\b","ctrlKeyboardOEM5.keyCode = UnityEngine.InputSystem.Key.OEM5;"
"Packages/com.unity.inputsystem/InputSystem/Devices/Precompiled/FastKeyboard.cs",3310,"Unity New Input System : \bUnityEngine\.InputSystem\b","private UnityEngine.InputSystem.Controls.KeyControl Initialize_ctrlKeyboardf13(InternedString kKeyLayout, InputControl parent)"
"Packages/com.unity.inputsystem/InputSystem/Devices/Precompiled/FastKeyboard.cs",3312,"Unity New Input System : \bUnityEngine\.InputSystem\b","var ctrlKeyboardf13 = new UnityEngine.InputSystem.Controls.KeyControl();"
"Packages/com.unity.inputsystem/InputSystem/Devices/Precompiled/FastKeyboard.cs",3329,"Unity New Input System : \bUnityEngine\.InputSystem\b","ctrlKeyboardf13.keyCode = UnityEngine.InputSystem.Key.F13;"
"Packages/com.unity.inputsystem/InputSystem/Devices/Precompiled/FastKeyboard.cs",3333,"Unity New Input System : \bUnityEngine\.InputSystem\b","private UnityEngine.InputSystem.Controls.KeyControl Initialize_ctrlKeyboardf14(InternedString kKeyLayout, InputControl parent)"
"Packages/com.unity.inputsystem/InputSystem/Devices/Precompiled/FastKeyboard.cs",3335,"Unity New Input System : \bUnityEngine\.InputSystem\b","var ctrlKeyboardf14 = new UnityEngine.InputSystem.Controls.KeyControl();"
"Packages/com.unity.inputsystem/InputSystem/Devices/Precompiled/FastKeyboard.cs",3352,"Unity New Input System : \bUnityEngine\.InputSystem\b","ctrlKeyboardf14.keyCode = UnityEngine.InputSystem.Key.F14;"
"Packages/com.unity.inputsystem/InputSystem/Devices/Precompiled/FastKeyboard.cs",3356,"Unity New Input System : \bUnityEngine\.InputSystem\b","private UnityEngine.InputSystem.Controls.KeyControl Initialize_ctrlKeyboardf15(InternedString kKeyLayout, InputControl parent)"
"Packages/com.unity.inputsystem/InputSystem/Devices/Precompiled/FastKeyboard.cs",3358,"Unity New Input System : \bUnityEngine\.InputSystem\b","var ctrlKeyboardf15 = new UnityEngine.InputSystem.Controls.KeyControl();"
"Packages/com.unity.inputsystem/InputSystem/Devices/Precompiled/FastKeyboard.cs",3375,"Unity New Input System : \bUnityEngine\.InputSystem\b","ctrlKeyboardf15.keyCode = UnityEngine.InputSystem.Key.F15;"
"Packages/com.unity.inputsystem/InputSystem/Devices/Precompiled/FastKeyboard.cs",3379,"Unity New Input System : \bUnityEngine\.InputSystem\b","private UnityEngine.InputSystem.Controls.KeyControl Initialize_ctrlKeyboardf16(InternedString kKeyLayout, InputControl parent)"
"Packages/com.unity.inputsystem/InputSystem/Devices/Precompiled/FastKeyboard.cs",3381,"Unity New Input System : \bUnityEngine\.InputSystem\b","var ctrlKeyboardf16 = new UnityEngine.InputSystem.Controls.KeyControl();"
"Packages/com.unity.inputsystem/InputSystem/Devices/Precompiled/FastKeyboard.cs",3398,"Unity New Input System : \bUnityEngine\.InputSystem\b","ctrlKeyboardf16.keyCode = UnityEngine.InputSystem.Key.F16;"
"Packages/com.unity.inputsystem/InputSystem/Devices/Precompiled/FastKeyboard.cs",3402,"Unity New Input System : \bUnityEngine\.InputSystem\b","private UnityEngine.InputSystem.Controls.KeyControl Initialize_ctrlKeyboardf17(InternedString kKeyLayout, InputControl parent)"
"Packages/com.unity.inputsystem/InputSystem/Devices/Precompiled/FastKeyboard.cs",3404,"Unity New Input System : \bUnityEngine\.InputSystem\b","var ctrlKeyboardf17 = new UnityEngine.InputSystem.Controls.KeyControl();"
"Packages/com.unity.inputsystem/InputSystem/Devices/Precompiled/FastKeyboard.cs",3421,"Unity New Input System : \bUnityEngine\.InputSystem\b","ctrlKeyboardf17.keyCode = UnityEngine.InputSystem.Key.F17;"
"Packages/com.unity.inputsystem/InputSystem/Devices/Precompiled/FastKeyboard.cs",3425,"Unity New Input System : \bUnityEngine\.InputSystem\b","private UnityEngine.InputSystem.Controls.KeyControl Initialize_ctrlKeyboardf18(InternedString kKeyLayout, InputControl parent)"
"Packages/com.unity.inputsystem/InputSystem/Devices/Precompiled/FastKeyboard.cs",3427,"Unity New Input System : \bUnityEngine\.InputSystem\b","var ctrlKeyboardf18 = new UnityEngine.InputSystem.Controls.KeyControl();"
"Packages/com.unity.inputsystem/InputSystem/Devices/Precompiled/FastKeyboard.cs",3444,"Unity New Input System : \bUnityEngine\.InputSystem\b","ctrlKeyboardf18.keyCode = UnityEngine.InputSystem.Key.F18;"
"Packages/com.unity.inputsystem/InputSystem/Devices/Precompiled/FastKeyboard.cs",3448,"Unity New Input System : \bUnityEngine\.InputSystem\b","private UnityEngine.InputSystem.Controls.KeyControl Initialize_ctrlKeyboardf19(InternedString kKeyLayout, InputControl parent)"
"Packages/com.unity.inputsystem/InputSystem/Devices/Precompiled/FastKeyboard.cs",3450,"Unity New Input System : \bUnityEngine\.InputSystem\b","var ctrlKeyboardf19 = new UnityEngine.InputSystem.Controls.KeyControl();"
"Packages/com.unity.inputsystem/InputSystem/Devices/Precompiled/FastKeyboard.cs",3467,"Unity New Input System : \bUnityEngine\.InputSystem\b","ctrlKeyboardf19.keyCode = UnityEngine.InputSystem.Key.F19;"
"Packages/com.unity.inputsystem/InputSystem/Devices/Precompiled/FastKeyboard.cs",3471,"Unity New Input System : \bUnityEngine\.InputSystem\b","private UnityEngine.InputSystem.Controls.KeyControl Initialize_ctrlKeyboardf20(InternedString kKeyLayout, InputControl parent)"
"Packages/com.unity.inputsystem/InputSystem/Devices/Precompiled/FastKeyboard.cs",3473,"Unity New Input System : \bUnityEngine\.InputSystem\b","var ctrlKeyboardf20 = new UnityEngine.InputSystem.Controls.KeyControl();"
"Packages/com.unity.inputsystem/InputSystem/Devices/Precompiled/FastKeyboard.cs",3490,"Unity New Input System : \bUnityEngine\.InputSystem\b","ctrlKeyboardf20.keyCode = UnityEngine.InputSystem.Key.F20;"
"Packages/com.unity.inputsystem/InputSystem/Devices/Precompiled/FastKeyboard.cs",3494,"Unity New Input System : \bUnityEngine\.InputSystem\b","private UnityEngine.InputSystem.Controls.KeyControl Initialize_ctrlKeyboardf21(InternedString kKeyLayout, InputControl parent)"
"Packages/com.unity.inputsystem/InputSystem/Devices/Precompiled/FastKeyboard.cs",3496,"Unity New Input System : \bUnityEngine\.InputSystem\b","var ctrlKeyboardf21 = new UnityEngine.InputSystem.Controls.KeyControl();"
"Packages/com.unity.inputsystem/InputSystem/Devices/Precompiled/FastKeyboard.cs",3513,"Unity New Input System : \bUnityEngine\.InputSystem\b","ctrlKeyboardf21.keyCode = UnityEngine.InputSystem.Key.F21;"
"Packages/com.unity.inputsystem/InputSystem/Devices/Precompiled/FastKeyboard.cs",3517,"Unity New Input System : \bUnityEngine\.InputSystem\b","private UnityEngine.InputSystem.Controls.KeyControl Initialize_ctrlKeyboardf22(InternedString kKeyLayout, InputControl parent)"
"Packages/com.unity.inputsystem/InputSystem/Devices/Precompiled/FastKeyboard.cs",3519,"Unity New Input System : \bUnityEngine\.InputSystem\b","var ctrlKeyboardf22 = new UnityEngine.InputSystem.Controls.KeyControl();"
"Packages/com.unity.inputsystem/InputSystem/Devices/Precompiled/FastKeyboard.cs",3536,"Unity New Input System : \bUnityEngine\.InputSystem\b","ctrlKeyboardf22.keyCode = UnityEngine.InputSystem.Key.F22;"
"Packages/com.unity.inputsystem/InputSystem/Devices/Precompiled/FastKeyboard.cs",3540,"Unity New Input System : \bUnityEngine\.InputSystem\b","private UnityEngine.InputSystem.Controls.KeyControl Initialize_ctrlKeyboardf23(InternedString kKeyLayout, InputControl parent)"
"Packages/com.unity.inputsystem/InputSystem/Devices/Precompiled/FastKeyboard.cs",3542,"Unity New Input System : \bUnityEngine\.InputSystem\b","var ctrlKeyboardf23 = new UnityEngine.InputSystem.Controls.KeyControl();"
"Packages/com.unity.inputsystem/InputSystem/Devices/Precompiled/FastKeyboard.cs",3559,"Unity New Input System : \bUnityEngine\.InputSystem\b","ctrlKeyboardf23.keyCode = UnityEngine.InputSystem.Key.F23;"
"Packages/com.unity.inputsystem/InputSystem/Devices/Precompiled/FastKeyboard.cs",3563,"Unity New Input System : \bUnityEngine\.InputSystem\b","private UnityEngine.InputSystem.Controls.KeyControl Initialize_ctrlKeyboardf24(InternedString kKeyLayout, InputControl parent)"
"Packages/com.unity.inputsystem/InputSystem/Devices/Precompiled/FastKeyboard.cs",3565,"Unity New Input System : \bUnityEngine\.InputSystem\b","var ctrlKeyboardf24 = new UnityEngine.InputSystem.Controls.KeyControl();"
"Packages/com.unity.inputsystem/InputSystem/Devices/Precompiled/FastKeyboard.cs",3582,"Unity New Input System : \bUnityEngine\.InputSystem\b","ctrlKeyboardf24.keyCode = UnityEngine.InputSystem.Key.F24;"
"Packages/com.unity.inputsystem/InputSystem/Devices/Precompiled/FastKeyboard.cs",3586,"Unity New Input System : \bUnityEngine\.InputSystem\b","private UnityEngine.InputSystem.Controls.ButtonControl Initialize_ctrlKeyboardIMESelected(InternedString kButtonLayout, InputControl parent)"
"Packages/com.unity.inputsystem/InputSystem/Devices/Precompiled/FastKeyboard.cs",3588,"Unity New Input System : \bUnityEngine\.InputSystem\b","var ctrlKeyboardIMESelected = new UnityEngine.InputSystem.Controls.ButtonControl();"
"Packages/com.unity.inputsystem/InputSystem/Devices/Precompiled/FastMouse.cs",12,"Unity New Input System : \bUnityEngine\.InputSystem\b","using UnityEngine.InputSystem;"
"Packages/com.unity.inputsystem/InputSystem/Devices/Precompiled/FastMouse.cs",13,"Unity New Input System : \bUnityEngine\.InputSystem\b","using UnityEngine.InputSystem.LowLevel;"
"Packages/com.unity.inputsystem/InputSystem/Devices/Precompiled/FastMouse.cs",14,"Unity New Input System : \bUnityEngine\.InputSystem\b","using UnityEngine.InputSystem.Utilities;"
"Packages/com.unity.inputsystem/InputSystem/Devices/Precompiled/FastMouse.cs",20,"Unity New Input System : \bUnityEngine\.InputSystem\b","namespace UnityEngine.InputSystem"
"Packages/com.unity.inputsystem/InputSystem/Devices/Precompiled/FastMouse.cs",22,"Unity New Input System : \bUnityEngine\.InputSystem\b","internal partial class FastMouse : UnityEngine.InputSystem.Mouse"
"Packages/com.unity.inputsystem/InputSystem/Devices/Precompiled/FastMouse.cs",213,"Unity New Input System : \bUnityEngine\.InputSystem\b","private UnityEngine.InputSystem.Controls.Vector2Control Initialize_ctrlMouseposition(InternedString kVector2Layout, InputControl parent)"
"Packages/com.unity.inputsystem/InputSystem/Devices/Precompiled/FastMouse.cs",215,"Unity New Input System : \bUnityEngine\.InputSystem\b","var ctrlMouseposition = new UnityEngine.InputSystem.Controls.Vector2Control();"
"Packages/com.unity.inputsystem/InputSystem/Devices/Precompiled/FastMouse.cs",233,"Unity New Input System : \bUnityEngine\.InputSystem\b",".WithProcessor<InputProcessor<UnityEngine.Vector2>, UnityEngine.Vector2>(new UnityEngine.InputSystem.Processors.EditorWindowSpaceProcessor())"
"Packages/com.unity.inputsystem/InputSystem/Devices/Precompiled/FastMouse.cs",239,"Unity New Input System : \bUnityEngine\.InputSystem\b","private UnityEngine.InputSystem.Controls.DeltaControl Initialize_ctrlMousedelta(InternedString kDeltaLayout, InputControl parent)"
"Packages/com.unity.inputsystem/InputSystem/Devices/Precompiled/FastMouse.cs",241,"Unity New Input System : \bUnityEngine\.InputSystem\b","var ctrlMousedelta = new UnityEngine.InputSystem.Controls.DeltaControl();"
"Packages/com.unity.inputsystem/InputSystem/Devices/Precompiled/FastMouse.cs",261,"Unity New Input System : \bUnityEngine\.InputSystem\b","private UnityEngine.InputSystem.Controls.DeltaControl Initialize_ctrlMousescroll(InternedString kDeltaLayout, InputControl parent)"
"Packages/com.unity.inputsystem/InputSystem/Devices/Precompiled/FastMouse.cs",263,"Unity New Input System : \bUnityEngine\.InputSystem\b","var ctrlMousescroll = new UnityEngine.InputSystem.Controls.DeltaControl();"
"Packages/com.unity.inputsystem/InputSystem/Devices/Precompiled/FastMouse.cs",282,"Unity New Input System : \bUnityEngine\.InputSystem\b","private UnityEngine.InputSystem.Controls.ButtonControl Initialize_ctrlMousepress(InternedString kButtonLayout, InputControl parent)"
"Packages/com.unity.inputsystem/InputSystem/Devices/Precompiled/FastMouse.cs",284,"Unity New Input System : \bUnityEngine\.InputSystem\b","var ctrlMousepress = new UnityEngine.InputSystem.Controls.ButtonControl();"
"Packages/com.unity.inputsystem/InputSystem/Devices/Precompiled/FastMouse.cs",305,"Unity New Input System : \bUnityEngine\.InputSystem\b","private UnityEngine.InputSystem.Controls.ButtonControl Initialize_ctrlMouseleftButton(InternedString kButtonLayout, InputControl parent)"
"Packages/com.unity.inputsystem/InputSystem/Devices/Precompiled/FastMouse.cs",307,"Unity New Input System : \bUnityEngine\.InputSystem\b","var ctrlMouseleftButton = new UnityEngine.InputSystem.Controls.ButtonControl();"
"Packages/com.unity.inputsystem/InputSystem/Devices/Precompiled/FastMouse.cs",329,"Unity New Input System : \bUnityEngine\.InputSystem\b","private UnityEngine.InputSystem.Controls.ButtonControl Initialize_ctrlMouserightButton(InternedString kButtonLayout, InputControl parent)"
"Packages/com.unity.inputsystem/InputSystem/Devices/Precompiled/FastMouse.cs",331,"Unity New Input System : \bUnityEngine\.InputSystem\b","var ctrlMouserightButton = new UnityEngine.InputSystem.Controls.ButtonControl();"
"Packages/com.unity.inputsystem/InputSystem/Devices/Precompiled/FastMouse.cs",353,"Unity New Input System : \bUnityEngine\.InputSystem\b","private UnityEngine.InputSystem.Controls.ButtonControl Initialize_ctrlMousemiddleButton(InternedString kButtonLayout, InputControl parent)"
"Packages/com.unity.inputsystem/InputSystem/Devices/Precompiled/FastMouse.cs",355,"Unity New Input System : \bUnityEngine\.InputSystem\b","var ctrlMousemiddleButton = new UnityEngine.InputSystem.Controls.ButtonControl();"
"Packages/com.unity.inputsystem/InputSystem/Devices/Precompiled/FastMouse.cs",376,"Unity New Input System : \bUnityEngine\.InputSystem\b","private UnityEngine.InputSystem.Controls.ButtonControl Initialize_ctrlMouseforwardButton(InternedString kButtonLayout, InputControl parent)"
"Packages/com.unity.inputsystem/InputSystem/Devices/Precompiled/FastMouse.cs",378,"Unity New Input System : \bUnityEngine\.InputSystem\b","var ctrlMouseforwardButton = new UnityEngine.InputSystem.Controls.ButtonControl();"
"Packages/com.unity.inputsystem/InputSystem/Devices/Precompiled/FastMouse.cs",399,"Unity New Input System : \bUnityEngine\.InputSystem\b","private UnityEngine.InputSystem.Controls.ButtonControl Initialize_ctrlMousebackButton(InternedString kButtonLayout, InputControl parent)"
"Packages/com.unity.inputsystem/InputSystem/Devices/Precompiled/FastMouse.cs",401,"Unity New Input System : \bUnityEngine\.InputSystem\b","var ctrlMousebackButton = new UnityEngine.InputSystem.Controls.ButtonControl();"
"Packages/com.unity.inputsystem/InputSystem/Devices/Precompiled/FastMouse.cs",422,"Unity New Input System : \bUnityEngine\.InputSystem\b","private UnityEngine.InputSystem.Controls.AxisControl Initialize_ctrlMousepressure(InternedString kAxisLayout, InputControl parent)"
"Packages/com.unity.inputsystem/InputSystem/Devices/Precompiled/FastMouse.cs",424,"Unity New Input System : \bUnityEngine\.InputSystem\b","var ctrlMousepressure = new UnityEngine.InputSystem.Controls.AxisControl();"
"Packages/com.unity.inputsystem/InputSystem/Devices/Precompiled/FastMouse.cs",444,"Unity New Input System : \bUnityEngine\.InputSystem\b","private UnityEngine.InputSystem.Controls.Vector2Control Initialize_ctrlMouseradius(InternedString kVector2Layout, InputControl parent)"
"Packages/com.unity.inputsystem/InputSystem/Devices/Precompiled/FastMouse.cs",446,"Unity New Input System : \bUnityEngine\.InputSystem\b","var ctrlMouseradius = new UnityEngine.InputSystem.Controls.Vector2Control();"
"Packages/com.unity.inputsystem/InputSystem/Devices/Precompiled/FastMouse.cs",466,"Unity New Input System : \bUnityEngine\.InputSystem\b","private UnityEngine.InputSystem.Controls.IntegerControl Initialize_ctrlMousepointerId(InternedString kDigitalLayout, InputControl parent)"
"Packages/com.unity.inputsystem/InputSystem/Devices/Precompiled/FastMouse.cs",468,"Unity New Input System : \bUnityEngine\.InputSystem\b","var ctrlMousepointerId = new UnityEngine.InputSystem.Controls.IntegerControl();"
"Packages/com.unity.inputsystem/InputSystem/Devices/Precompiled/FastMouse.cs",486,"Unity New Input System : \bUnityEngine\.InputSystem\b","private UnityEngine.InputSystem.Controls.IntegerControl Initialize_ctrlMousedisplayIndex(InternedString kIntegerLayout, InputControl parent)"
"Packages/com.unity.inputsystem/InputSystem/Devices/Precompiled/FastMouse.cs",488,"Unity New Input System : \bUnityEngine\.InputSystem\b","var ctrlMousedisplayIndex = new UnityEngine.InputSystem.Controls.IntegerControl();"
"Packages/com.unity.inputsystem/InputSystem/Devices/Precompiled/FastMouse.cs",506,"Unity New Input System : \bUnityEngine\.InputSystem\b","private UnityEngine.InputSystem.Controls.IntegerControl Initialize_ctrlMouseclickCount(InternedString kIntegerLayout, InputControl parent)"
"Packages/com.unity.inputsystem/InputSystem/Devices/Precompiled/FastMouse.cs",508,"Unity New Input System : \bUnityEngine\.InputSystem\b","var ctrlMouseclickCount = new UnityEngine.InputSystem.Controls.IntegerControl();"
"Packages/com.unity.inputsystem/InputSystem/Devices/Precompiled/FastMouse.cs",527,"Unity New Input System : \bUnityEngine\.InputSystem\b","private UnityEngine.InputSystem.Controls.AxisControl Initialize_ctrlMousepositionx(InternedString kAxisLayout, InputControl parent)"
"Packages/com.unity.inputsystem/InputSystem/Devices/Precompiled/FastMouse.cs",529,"Unity New Input System : \bUnityEngine\.InputSystem\b","var ctrlMousepositionx = new UnityEngine.InputSystem.Controls.AxisControl();"
"Packages/com.unity.inputsystem/InputSystem/Devices/Precompiled/FastMouse.cs",549,"Unity New Input System : \bUnityEngine\.InputSystem\b","private UnityEngine.InputSystem.Controls.AxisControl Initialize_ctrlMousepositiony(InternedString kAxisLayout, InputControl parent)"
"Packages/com.unity.inputsystem/InputSystem/Devices/Precompiled/FastMouse.cs",551,"Unity New Input System : \bUnityEngine\.InputSystem\b","var ctrlMousepositiony = new UnityEngine.InputSystem.Controls.AxisControl();"
"Packages/com.unity.inputsystem/InputSystem/Devices/Precompiled/FastMouse.cs",571,"Unity New Input System : \bUnityEngine\.InputSystem\b","private UnityEngine.InputSystem.Controls.AxisControl Initialize_ctrlMousedeltaup(InternedString kAxisLayout, InputControl parent)"
"Packages/com.unity.inputsystem/InputSystem/Devices/Precompiled/FastMouse.cs",573,"Unity New Input System : \bUnityEngine\.InputSystem\b","var ctrlMousedeltaup = new UnityEngine.InputSystem.Controls.AxisControl { clamp = UnityEngine.InputSystem.Controls.AxisControl.Clamp.BeforeNormalize, clampMax = 3.402823E+38f };"
"Packages/com.unity.inputsystem/InputSystem/Devices/Precompiled/FastMouse.cs",593,"Unity New Input System : \bUnityEngine\.InputSystem\b","private UnityEngine.InputSystem.Controls.AxisControl Initialize_ctrlMousedeltadown(InternedString kAxisLayout, InputControl parent)"
"Packages/com.unity.inputsystem/InputSystem/Devices/Precompiled/FastMouse.cs",595,"Unity New Input System : \bUnityEngine\.InputSystem\b","var ctrlMousedeltadown = new UnityEngine.InputSystem.Controls.AxisControl { clamp = UnityEngine.InputSystem.Controls.AxisControl.Clamp.BeforeNormalize, clampMin = -3.402823E+38f, invert = true };"
"Packages/com.unity.inputsystem/InputSystem/Devices/Precompiled/FastMouse.cs",615,"Unity New Input System : \bUnityEngine\.InputSystem\b","private UnityEngine.InputSystem.Controls.AxisControl Initialize_ctrlMousedeltaleft(InternedString kAxisLayout, InputControl parent)"
"Packages/com.unity.inputsystem/InputSystem/Devices/Precompiled/FastMouse.cs",617,"Unity New Input System : \bUnityEngine\.InputSystem\b","var ctrlMousedeltaleft = new UnityEngine.InputSystem.Controls.AxisControl { clamp = UnityEngine.InputSystem.Controls.AxisControl.Clamp.BeforeNormalize, clampMin = -3.402823E+38f, invert = true };"
"Packages/com.unity.inputsystem/InputSystem/Devices/Precompiled/FastMouse.cs",637,"Unity New Input System : \bUnityEngine\.InputSystem\b","private UnityEngine.InputSystem.Controls.AxisControl Initialize_ctrlMousedeltaright(InternedString kAxisLayout, InputControl parent)"
"Packages/com.unity.inputsystem/InputSystem/Devices/Precompiled/FastMouse.cs",639,"Unity New Input System : \bUnityEngine\.InputSystem\b","var ctrlMousedeltaright = new UnityEngine.InputSystem.Controls.AxisControl { clamp = UnityEngine.InputSystem.Controls.AxisControl.Clamp.BeforeNormalize, clampMax = 3.402823E+38f };"
"Packages/com.unity.inputsystem/InputSystem/Devices/Precompiled/FastMouse.cs",659,"Unity New Input System : \bUnityEngine\.InputSystem\b","private UnityEngine.InputSystem.Controls.AxisControl Initialize_ctrlMousedeltax(InternedString kAxisLayout, InputControl parent)"
"Packages/com.unity.inputsystem/InputSystem/Devices/Precompiled/FastMouse.cs",661,"Unity New Input System : \bUnityEngine\.InputSystem\b","var ctrlMousedeltax = new UnityEngine.InputSystem.Controls.AxisControl();"
"Packages/com.unity.inputsystem/InputSystem/Devices/Precompiled/FastMouse.cs",680,"Unity New Input System : \bUnityEngine\.InputSystem\b","private UnityEngine.InputSystem.Controls.AxisControl Initialize_ctrlMousedeltay(InternedString kAxisLayout, InputControl parent)"
"Packages/com.unity.inputsystem/InputSystem/Devices/Precompiled/FastMouse.cs",682,"Unity New Input System : \bUnityEngine\.InputSystem\b","var ctrlMousedeltay = new UnityEngine.InputSystem.Controls.AxisControl();"
"Packages/com.unity.inputsystem/InputSystem/Devices/Precompiled/FastMouse.cs",701,"Unity New Input System : \bUnityEngine\.InputSystem\b","private UnityEngine.InputSystem.Controls.AxisControl Initialize_ctrlMousescrollup(InternedString kAxisLayout, InputControl parent)"
"Packages/com.unity.inputsystem/InputSystem/Devices/Precompiled/FastMouse.cs",703,"Unity New Input System : \bUnityEngine\.InputSystem\b","var ctrlMousescrollup = new UnityEngine.InputSystem.Controls.AxisControl { clamp = UnityEngine.InputSystem.Controls.AxisControl.Clamp.BeforeNormalize, clampMax = 3.402823E+38f };"
"Packages/com.unity.inputsystem/InputSystem/Devices/Precompiled/FastMouse.cs",723,"Unity New Input System : \bUnityEngine\.InputSystem\b","private UnityEngine.InputSystem.Controls.AxisControl Initialize_ctrlMousescrolldown(InternedString kAxisLayout, InputControl parent)"
"Packages/com.unity.inputsystem/InputSystem/Devices/Precompiled/FastMouse.cs",725,"Unity New Input System : \bUnityEngine\.InputSystem\b","var ctrlMousescrolldown = new UnityEngine.InputSystem.Controls.AxisControl { clamp = UnityEngine.InputSystem.Controls.AxisControl.Clamp.BeforeNormalize, clampMin = -3.402823E+38f, invert = true };"
"Packages/com.unity.inputsystem/InputSystem/Devices/Precompiled/FastMouse.cs",745,"Unity New Input System : \bUnityEngine\.InputSystem\b","private UnityEngine.InputSystem.Controls.AxisControl Initialize_ctrlMousescrollleft(InternedString kAxisLayout, InputControl parent)"
"Packages/com.unity.inputsystem/InputSystem/Devices/Precompiled/FastMouse.cs",747,"Unity New Input System : \bUnityEngine\.InputSystem\b","var ctrlMousescrollleft = new UnityEngine.InputSystem.Controls.AxisControl { clamp = UnityEngine.InputSystem.Controls.AxisControl.Clamp.BeforeNormalize, clampMin = -3.402823E+38f, invert = true };"
"Packages/com.unity.inputsystem/InputSystem/Devices/Precompiled/FastMouse.cs",767,"Unity New Input System : \bUnityEngine\.InputSystem\b","private UnityEngine.InputSystem.Controls.AxisControl Initialize_ctrlMousescrollright(InternedString kAxisLayout, InputControl parent)"
"Packages/com.unity.inputsystem/InputSystem/Devices/Precompiled/FastMouse.cs",769,"Unity New Input System : \bUnityEngine\.InputSystem\b","var ctrlMousescrollright = new UnityEngine.InputSystem.Controls.AxisControl { clamp = UnityEngine.InputSystem.Controls.AxisControl.Clamp.BeforeNormalize, clampMax = 3.402823E+38f };"
"Packages/com.unity.inputsystem/InputSystem/Devices/Precompiled/FastMouse.cs",789,"Unity New Input System : \bUnityEngine\.InputSystem\b","private UnityEngine.InputSystem.Controls.AxisControl Initialize_ctrlMousescrollx(InternedString kAxisLayout, InputControl parent)"
"Packages/com.unity.inputsystem/InputSystem/Devices/Precompiled/FastMouse.cs",791,"Unity New Input System : \bUnityEngine\.InputSystem\b","var ctrlMousescrollx = new UnityEngine.InputSystem.Controls.AxisControl();"
"Packages/com.unity.inputsystem/InputSystem/Devices/Precompiled/FastMouse.cs",812,"Unity New Input System : \bUnityEngine\.InputSystem\b","private UnityEngine.InputSystem.Controls.AxisControl Initialize_ctrlMousescrolly(InternedString kAxisLayout, InputControl parent)"
"Packages/com.unity.inputsystem/InputSystem/Devices/Precompiled/FastMouse.cs",814,"Unity New Input System : \bUnityEngine\.InputSystem\b","var ctrlMousescrolly = new UnityEngine.InputSystem.Controls.AxisControl();"
"Packages/com.unity.inputsystem/InputSystem/Devices/Precompiled/FastMouse.cs",835,"Unity New Input System : \bUnityEngine\.InputSystem\b","private UnityEngine.InputSystem.Controls.AxisControl Initialize_ctrlMouseradiusx(InternedString kAxisLayout, InputControl parent)"
"Packages/com.unity.inputsystem/InputSystem/Devices/Precompiled/FastMouse.cs",837,"Unity New Input System : \bUnityEngine\.InputSystem\b","var ctrlMouseradiusx = new UnityEngine.InputSystem.Controls.AxisControl();"
"Packages/com.unity.inputsystem/InputSystem/Devices/Precompiled/FastMouse.cs",856,"Unity New Input System : \bUnityEngine\.InputSystem\b","private UnityEngine.InputSystem.Controls.AxisControl Initialize_ctrlMouseradiusy(InternedString kAxisLayout, InputControl parent)"
"Packages/com.unity.inputsystem/InputSystem/Devices/Precompiled/FastMouse.cs",858,"Unity New Input System : \bUnityEngine\.InputSystem\b","var ctrlMouseradiusy = new UnityEngine.InputSystem.Controls.AxisControl();"
"Packages/com.unity.inputsystem/InputSystem/Devices/Precompiled/FastMouse.partial.cs",1,"Unity New Input System : \bUnityEngine\.InputSystem\b","using UnityEngine.InputSystem.LowLevel;"
"Packages/com.unity.inputsystem/InputSystem/Devices/Precompiled/FastMouse.partial.cs",3,"Unity New Input System : \bUnityEngine\.InputSystem\b","namespace UnityEngine.InputSystem"
"Packages/com.unity.inputsystem/InputSystem/Devices/Precompiled/FastTouchscreen.cs",12,"Unity New Input System : \bUnityEngine\.InputSystem\b","using UnityEngine.InputSystem;"
"Packages/com.unity.inputsystem/InputSystem/Devices/Precompiled/FastTouchscreen.cs",13,"Unity New Input System : \bUnityEngine\.InputSystem\b","using UnityEngine.InputSystem.LowLevel;"
"Packages/com.unity.inputsystem/InputSystem/Devices/Precompiled/FastTouchscreen.cs",14,"Unity New Input System : \bUnityEngine\.InputSystem\b","using UnityEngine.InputSystem.Utilities;"
"Packages/com.unity.inputsystem/InputSystem/Devices/Precompiled/FastTouchscreen.cs",20,"Unity New Input System : \bUnityEngine\.InputSystem\b","namespace UnityEngine.InputSystem"
"Packages/com.unity.inputsystem/InputSystem/Devices/Precompiled/FastTouchscreen.cs",22,"Unity New Input System : \bUnityEngine\.InputSystem\b","internal partial class FastTouchscreen : UnityEngine.InputSystem.Touchscreen"
"Packages/com.unity.inputsystem/InputSystem/Devices/Precompiled/FastTouchscreen.cs",959,"Unity New Input System : \bUnityEngine\.InputSystem\b","this.touchControlArray = new UnityEngine.InputSystem.Controls.TouchControl[10];"
"Packages/com.unity.inputsystem/InputSystem/Devices/Precompiled/FastTouchscreen.cs",1456,"Unity New Input System : \bUnityEngine\.InputSystem\b","private UnityEngine.InputSystem.Controls.TouchControl Initialize_ctrlTouchscreenprimaryTouch(InternedString kTouchLayout, InputControl parent)"
"Packages/com.unity.inputsystem/InputSystem/Devices/Precompiled/FastTouchscreen.cs",1458,"Unity New Input System : \bUnityEngine\.InputSystem\b","var ctrlTouchscreenprimaryTouch = new UnityEngine.InputSystem.Controls.TouchControl();"
"Packages/com.unity.inputsystem/InputSystem/Devices/Precompiled/FastTouchscreen.cs",1478,"Unity New Input System : \bUnityEngine\.InputSystem\b","private UnityEngine.InputSystem.Controls.Vector2Control Initialize_ctrlTouchscreenposition(InternedString kVector2Layout, InputControl parent)"
"Packages/com.unity.inputsystem/InputSystem/Devices/Precompiled/FastTouchscreen.cs",1480,"Unity New Input System : \bUnityEngine\.InputSystem\b","var ctrlTouchscreenposition = new UnityEngine.InputSystem.Controls.Vector2Control();"
"Packages/com.unity.inputsystem/InputSystem/Devices/Precompiled/FastTouchscreen.cs",1498,"Unity New Input System : \bUnityEngine\.InputSystem\b",".WithProcessor<InputProcessor<UnityEngine.Vector2>, UnityEngine.Vector2>(new UnityEngine.InputSystem.Processors.EditorWindowSpaceProcessor())"
"Packages/com.unity.inputsystem/InputSystem/Devices/Precompiled/FastTouchscreen.cs",1504,"Unity New Input System : \bUnityEngine\.InputSystem\b","private UnityEngine.InputSystem.Controls.DeltaControl Initialize_ctrlTouchscreendelta(InternedString kDeltaLayout, InputControl parent)"
"Packages/com.unity.inputsystem/InputSystem/Devices/Precompiled/FastTouchscreen.cs",1506,"Unity New Input System : \bUnityEngine\.InputSystem\b","var ctrlTouchscreendelta = new UnityEngine.InputSystem.Controls.DeltaControl();"
"Packages/com.unity.inputsystem/InputSystem/Devices/Precompiled/FastTouchscreen.cs",1526,"Unity New Input System : \bUnityEngine\.InputSystem\b","private UnityEngine.InputSystem.Controls.AxisControl Initialize_ctrlTouchscreenpressure(InternedString kAnalogLayout, InputControl parent)"
"Packages/com.unity.inputsystem/InputSystem/Devices/Precompiled/FastTouchscreen.cs",1528,"Unity New Input System : \bUnityEngine\.InputSystem\b","var ctrlTouchscreenpressure = new UnityEngine.InputSystem.Controls.AxisControl();"
"Packages/com.unity.inputsystem/InputSystem/Devices/Precompiled/FastTouchscreen.cs",1548,"Unity New Input System : \bUnityEngine\.InputSystem\b","private UnityEngine.InputSystem.Controls.Vector2Control Initialize_ctrlTouchscreenradius(InternedString kVector2Layout, InputControl parent)"
"Packages/com.unity.inputsystem/InputSystem/Devices/Precompiled/FastTouchscreen.cs",1550,"Unity New Input System : \bUnityEngine\.InputSystem\b","var ctrlTouchscreenradius = new UnityEngine.InputSystem.Controls.Vector2Control();"
"Packages/com.unity.inputsystem/InputSystem/Devices/Precompiled/FastTouchscreen.cs",1570,"Unity New Input System : \bUnityEngine\.InputSystem\b","private UnityEngine.InputSystem.Controls.TouchPressControl Initialize_ctrlTouchscreenpress(InternedString kTouchPressLayout, InputControl parent)"
"Packages/com.unity.inputsystem/InputSystem/Devices/Precompiled/FastTouchscreen.cs",1572,"Unity New Input System : \bUnityEngine\.InputSystem\b","var ctrlTouchscreenpress = new UnityEngine.InputSystem.Controls.TouchPressControl();"
"Packages/com.unity.inputsystem/InputSystem/Devices/Precompiled/FastTouchscreen.cs",1593,"Unity New Input System : \bUnityEngine\.InputSystem\b","private UnityEngine.InputSystem.Controls.IntegerControl Initialize_ctrlTouchscreendisplayIndex(InternedString kIntegerLayout, InputControl parent)"
"Packages/com.unity.inputsystem/InputSystem/Devices/Precompiled/FastTouchscreen.cs",1595,"Unity New Input System : \bUnityEngine\.InputSystem\b","var ctrlTouchscreendisplayIndex = new UnityEngine.InputSystem.Controls.IntegerControl();"
"Packages/com.unity.inputsystem/InputSystem/Devices/Precompiled/FastTouchscreen.cs",1613,"Unity New Input System : \bUnityEngine\.InputSystem\b","private UnityEngine.InputSystem.Controls.TouchControl Initialize_ctrlTouchscreentouch0(InternedString kTouchLayout, InputControl parent)"
"Packages/com.unity.inputsystem/InputSystem/Devices/Precompiled/FastTouchscreen.cs",1615,"Unity New Input System : \bUnityEngine\.InputSystem\b","var ctrlTouchscreentouch0 = new UnityEngine.InputSystem.Controls.TouchControl();"
"Packages/com.unity.inputsystem/InputSystem/Devices/Precompiled/FastTouchscreen.cs",1634,"Unity New Input System : \bUnityEngine\.InputSystem\b","private UnityEngine.InputSystem.Controls.TouchControl Initialize_ctrlTouchscreentouch1(InternedString kTouchLayout, InputControl parent)"
"Packages/com.unity.inputsystem/InputSystem/Devices/Precompiled/FastTouchscreen.cs",1636,"Unity New Input System : \bUnityEngine\.InputSystem\b","var ctrlTouchscreentouch1 = new UnityEngine.InputSystem.Controls.TouchControl();"
"Packages/com.unity.inputsystem/InputSystem/Devices/Precompiled/FastTouchscreen.cs",1655,"Unity New Input System : \bUnityEngine\.InputSystem\b","private UnityEngine.InputSystem.Controls.TouchControl Initialize_ctrlTouchscreentouch2(InternedString kTouchLayout, InputControl parent)"
"Packages/com.unity.inputsystem/InputSystem/Devices/Precompiled/FastTouchscreen.cs",1657,"Unity New Input System : \bUnityEngine\.InputSystem\b","var ctrlTouchscreentouch2 = new UnityEngine.InputSystem.Controls.TouchControl();"
"Packages/com.unity.inputsystem/InputSystem/Devices/Precompiled/FastTouchscreen.cs",1676,"Unity New Input System : \bUnityEngine\.InputSystem\b","private UnityEngine.InputSystem.Controls.TouchControl Initialize_ctrlTouchscreentouch3(InternedString kTouchLayout, InputControl parent)"
"Packages/com.unity.inputsystem/InputSystem/Devices/Precompiled/FastTouchscreen.cs",1678,"Unity New Input System : \bUnityEngine\.InputSystem\b","var ctrlTouchscreentouch3 = new UnityEngine.InputSystem.Controls.TouchControl();"
"Packages/com.unity.inputsystem/InputSystem/Devices/Precompiled/FastTouchscreen.cs",1697,"Unity New Input System : \bUnityEngine\.InputSystem\b","private UnityEngine.InputSystem.Controls.TouchControl Initialize_ctrlTouchscreentouch4(InternedString kTouchLayout, InputControl parent)"
"Packages/com.unity.inputsystem/InputSystem/Devices/Precompiled/FastTouchscreen.cs",1699,"Unity New Input System : \bUnityEngine\.InputSystem\b","var ctrlTouchscreentouch4 = new UnityEngine.InputSystem.Controls.TouchControl();"
"Packages/com.unity.inputsystem/InputSystem/Devices/Precompiled/FastTouchscreen.cs",1718,"Unity New Input System : \bUnityEngine\.InputSystem\b","private UnityEngine.InputSystem.Controls.TouchControl Initialize_ctrlTouchscreentouch5(InternedString kTouchLayout, InputControl parent)"
"Packages/com.unity.inputsystem/InputSystem/Devices/Precompiled/FastTouchscreen.cs",1720,"Unity New Input System : \bUnityEngine\.InputSystem\b","var ctrlTouchscreentouch5 = new UnityEngine.InputSystem.Controls.TouchControl();"
"Packages/com.unity.inputsystem/InputSystem/Devices/Precompiled/FastTouchscreen.cs",1739,"Unity New Input System : \bUnityEngine\.InputSystem\b","private UnityEngine.InputSystem.Controls.TouchControl Initialize_ctrlTouchscreentouch6(InternedString kTouchLayout, InputControl parent)"
"Packages/com.unity.inputsystem/InputSystem/Devices/Precompiled/FastTouchscreen.cs",1741,"Unity New Input System : \bUnityEngine\.InputSystem\b","var ctrlTouchscreentouch6 = new UnityEngine.InputSystem.Controls.TouchControl();"
"Packages/com.unity.inputsystem/InputSystem/Devices/Precompiled/FastTouchscreen.cs",1760,"Unity New Input System : \bUnityEngine\.InputSystem\b","private UnityEngine.InputSystem.Controls.TouchControl Initialize_ctrlTouchscreentouch7(InternedString kTouchLayout, InputControl parent)"
"Packages/com.unity.inputsystem/InputSystem/Devices/Precompiled/FastTouchscreen.cs",1762,"Unity New Input System : \bUnityEngine\.InputSystem\b","var ctrlTouchscreentouch7 = new UnityEngine.InputSystem.Controls.TouchControl();"
"Packages/com.unity.inputsystem/InputSystem/Devices/Precompiled/FastTouchscreen.cs",1781,"Unity New Input System : \bUnityEngine\.InputSystem\b","private UnityEngine.InputSystem.Controls.TouchControl Initialize_ctrlTouchscreentouch8(InternedString kTouchLayout, InputControl parent)"
"Packages/com.unity.inputsystem/InputSystem/Devices/Precompiled/FastTouchscreen.cs",1783,"Unity New Input System : \bUnityEngine\.InputSystem\b","var ctrlTouchscreentouch8 = new UnityEngine.InputSystem.Controls.TouchControl();"
"Packages/com.unity.inputsystem/InputSystem/Devices/Precompiled/FastTouchscreen.cs",1802,"Unity New Input System : \bUnityEngine\.InputSystem\b","private UnityEngine.InputSystem.Controls.TouchControl Initialize_ctrlTouchscreentouch9(InternedString kTouchLayout, InputControl parent)"
"Packages/com.unity.inputsystem/InputSystem/Devices/Precompiled/FastTouchscreen.cs",1804,"Unity New Input System : \bUnityEngine\.InputSystem\b","var ctrlTouchscreentouch9 = new UnityEngine.InputSystem.Controls.TouchControl();"
"Packages/com.unity.inputsystem/InputSystem/Devices/Precompiled/FastTouchscreen.cs",1823,"Unity New Input System : \bUnityEngine\.InputSystem\b","private UnityEngine.InputSystem.Controls.IntegerControl Initialize_ctrlTouchscreenprimaryTouchtouchId(InternedString kIntegerLayout, InputControl parent)"
"Packages/com.unity.inputsystem/InputSystem/Devices/Precompiled/FastTouchscreen.cs",1825,"Unity New Input System : \bUnityEngine\.InputSystem\b","var ctrlTouchscreenprimaryTouchtouchId = new UnityEngine.InputSystem.Controls.IntegerControl();"
"Packages/com.unity.inputsystem/InputSystem/Devices/Precompiled/FastTouchscreen.cs",1846,"Unity New Input System : \bUnityEngine\.InputSystem\b","private UnityEngine.InputSystem.Controls.Vector2Control Initialize_ctrlTouchscreenprimaryTouchposition(InternedString kVector2Layout, InputControl parent)"
"Packages/com.unity.inputsystem/InputSystem/Devices/Precompiled/FastTouchscreen.cs",1848,"Unity New Input System : \bUnityEngine\.InputSystem\b","var ctrlTouchscreenprimaryTouchposition = new UnityEngine.InputSystem.Controls.Vector2Control();"
"Packages/com.unity.inputsystem/InputSystem/Devices/Precompiled/FastTouchscreen.cs",1869,"Unity New Input System : \bUnityEngine\.InputSystem\b","private UnityEngine.InputSystem.Controls.DeltaControl Initialize_ctrlTouchscreenprimaryTouchdelta(InternedString kDeltaLayout, InputControl parent)"
"Packages/com.unity.inputsystem/InputSystem/Devices/Precompiled/FastTouchscreen.cs",1871,"Unity New Input System : \bUnityEngine\.InputSystem\b","var ctrlTouchscreenprimaryTouchdelta = new UnityEngine.InputSystem.Controls.DeltaControl();"
"Packages/com.unity.inputsystem/InputSystem/Devices/Precompiled/FastTouchscreen.cs",1891,"Unity New Input System : \bUnityEngine\.InputSystem\b","private UnityEngine.InputSystem.Controls.AxisControl Initialize_ctrlTouchscreenprimaryTouchpressure(InternedString kAxisLayout, InputControl parent)"
"Packages/com.unity.inputsystem/InputSystem/Devices/Precompiled/FastTouchscreen.cs",1893,"Unity New Input System : \bUnityEngine\.InputSystem\b","var ctrlTouchscreenprimaryTouchpressure = new UnityEngine.InputSystem.Controls.AxisControl();"
"Packages/com.unity.inputsystem/InputSystem/Devices/Precompiled/FastTouchscreen.cs",1912,"Unity New Input System : \bUnityEngine\.InputSystem\b","private UnityEngine.InputSystem.Controls.Vector2Control Initialize_ctrlTouchscreenprimaryTouchradius(InternedString kVector2Layout, InputControl parent)"
"Packages/com.unity.inputsystem/InputSystem/Devices/Precompiled/FastTouchscreen.cs",1914,"Unity New Input System : \bUnityEngine\.InputSystem\b","var ctrlTouchscreenprimaryTouchradius = new UnityEngine.InputSystem.Controls.Vector2Control();"
"Packages/com.unity.inputsystem/InputSystem/Devices/Precompiled/FastTouchscreen.cs",1934,"Unity New Input System : \bUnityEngine\.InputSystem\b","private UnityEngine.InputSystem.Controls.TouchPhaseControl Initialize_ctrlTouchscreenprimaryTouchphase(InternedString kTouchPhaseLayout, InputControl parent)"
"Packages/com.unity.inputsystem/InputSystem/Devices/Precompiled/FastTouchscreen.cs",1936,"Unity New Input System : \bUnityEngine\.InputSystem\b","var ctrlTouchscreenprimaryTouchphase = new UnityEngine.InputSystem.Controls.TouchPhaseControl();"
"Packages/com.unity.inputsystem/InputSystem/Devices/Precompiled/FastTouchscreen.cs",1956,"Unity New Input System : \bUnityEngine\.InputSystem\b","private UnityEngine.InputSystem.Controls.TouchPressControl Initialize_ctrlTouchscreenprimaryTouchpress(InternedString kTouchPressLayout, InputControl parent)"
"Packages/com.unity.inputsystem/InputSystem/Devices/Precompiled/FastTouchscreen.cs",1958,"Unity New Input System : \bUnityEngine\.InputSystem\b","var ctrlTouchscreenprimaryTouchpress = new UnityEngine.InputSystem.Controls.TouchPressControl();"
"Packages/com.unity.inputsystem/InputSystem/Devices/Precompiled/FastTouchscreen.cs",1979,"Unity New Input System : \bUnityEngine\.InputSystem\b","private UnityEngine.InputSystem.Controls.IntegerControl Initialize_ctrlTouchscreenprimaryTouchtapCount(InternedString kIntegerLayout, InputControl parent)"
"Packages/com.unity.inputsystem/InputSystem/Devices/Precompiled/FastTouchscreen.cs",1981,"Unity New Input System : \bUnityEngine\.InputSystem\b","var ctrlTouchscreenprimaryTouchtapCount = new UnityEngine.InputSystem.Controls.IntegerControl();"
"Packages/com.unity.inputsystem/InputSystem/Devices/Precompiled/FastTouchscreen.cs",2000,"Unity New Input System : \bUnityEngine\.InputSystem\b","private UnityEngine.InputSystem.Controls.IntegerControl Initialize_ctrlTouchscreenprimaryTouchdisplayIndex(InternedString kIntegerLayout, InputControl parent)"
"Packages/com.unity.inputsystem/InputSystem/Devices/Precompiled/FastTouchscreen.cs",2002,"Unity New Input System : \bUnityEngine\.InputSystem\b","var ctrlTouchscreenprimaryTouchdisplayIndex = new UnityEngine.InputSystem.Controls.IntegerControl();"
"Packages/com.unity.inputsystem/InputSystem/Devices/Precompiled/FastTouchscreen.cs",2021,"Unity New Input System : \bUnityEngine\.InputSystem\b","private UnityEngine.InputSystem.Controls.ButtonControl Initialize_ctrlTouchscreenprimaryTouchindirectTouch(InternedString kButtonLayout, InputControl parent)"
"Packages/com.unity.inputsystem/InputSystem/Devices/Precompiled/FastTouchscreen.cs",2023,"Unity New Input System : \bUnityEngine\.InputSystem\b","var ctrlTouchscreenprimaryTouchindirectTouch = new UnityEngine.InputSystem.Controls.ButtonControl();"
"Packages/com.unity.inputsystem/InputSystem/Devices/Precompiled/FastTouchscreen.cs",2045,"Unity New Input System : \bUnityEngine\.InputSystem\b","private UnityEngine.InputSystem.Controls.ButtonControl Initialize_ctrlTouchscreenprimaryTouchtap(InternedString kButtonLayout, InputControl parent)"
"Packages/com.unity.inputsystem/InputSystem/Devices/Precompiled/FastTouchscreen.cs",2047,"Unity New Input System : \bUnityEngine\.InputSystem\b","var ctrlTouchscreenprimaryTouchtap = new UnityEngine.InputSystem.Controls.ButtonControl();"
"Packages/com.unity.inputsystem/InputSystem/Devices/Precompiled/FastTouchscreen.cs",2069,"Unity New Input System : \bUnityEngine\.InputSystem\b","private UnityEngine.InputSystem.Controls.DoubleControl Initialize_ctrlTouchscreenprimaryTouchstartTime(InternedString kDoubleLayout, InputControl parent)"
"Packages/com.unity.inputsystem/InputSystem/Devices/Precompiled/FastTouchscreen.cs",2071,"Unity New Input System : \bUnityEngine\.InputSystem\b","var ctrlTouchscreenprimaryTouchstartTime = new UnityEngine.InputSystem.Controls.DoubleControl();"
"Packages/com.unity.inputsystem/InputSystem/Devices/Precompiled/FastTouchscreen.cs",2091,"Unity New Input System : \bUnityEngine\.InputSystem\b","private UnityEngine.InputSystem.Controls.Vector2Control Initialize_ctrlTouchscreenprimaryTouchstartPosition(InternedString kVector2Layout, InputControl parent)"
"Packages/com.unity.inputsystem/InputSystem/Devices/Precompiled/FastTouchscreen.cs",2093,"Unity New Input System : \bUnityEngine\.InputSystem\b","var ctrlTouchscreenprimaryTouchstartPosition = new UnityEngine.InputSystem.Controls.Vector2Control();"
"Packages/com.unity.inputsystem/InputSystem/Devices/Precompiled/FastTouchscreen.cs",2114,"Unity New Input System : \bUnityEngine\.InputSystem\b","private UnityEngine.InputSystem.Controls.AxisControl Initialize_ctrlTouchscreenprimaryTouchpositionx(InternedString kAxisLayout, InputControl parent)"
"Packages/com.unity.inputsystem/InputSystem/Devices/Precompiled/FastTouchscreen.cs",2116,"Unity New Input System : \bUnityEngine\.InputSystem\b","var ctrlTouchscreenprimaryTouchpositionx = new UnityEngine.InputSystem.Controls.AxisControl();"
"Packages/com.unity.inputsystem/InputSystem/Devices/Precompiled/FastTouchscreen.cs",2136,"Unity New Input System : \bUnityEngine\.InputSystem\b","private UnityEngine.InputSystem.Controls.AxisControl Initialize_ctrlTouchscreenprimaryTouchpositiony(InternedString kAxisLayout, InputControl parent)"
"Packages/com.unity.inputsystem/InputSystem/Devices/Precompiled/FastTouchscreen.cs",2138,"Unity New Input System : \bUnityEngine\.InputSystem\b","var ctrlTouchscreenprimaryTouchpositiony = new UnityEngine.InputSystem.Controls.AxisControl();"
"Packages/com.unity.inputsystem/InputSystem/Devices/Precompiled/FastTouchscreen.cs",2158,"Unity New Input System : \bUnityEngine\.InputSystem\b","private UnityEngine.InputSystem.Controls.AxisControl Initialize_ctrlTouchscreenprimaryTouchdeltaup(InternedString kAxisLayout, InputControl parent)"
"Packages/com.unity.inputsystem/InputSystem/Devices/Precompiled/FastTouchscreen.cs",2160,"Unity New Input System : \bUnityEngine\.InputSystem\b","var ctrlTouchscreenprimaryTouchdeltaup = new UnityEngine.InputSystem.Controls.AxisControl { clamp = UnityEngine.InputSystem.Controls.AxisControl.Clamp.BeforeNormalize, clampMax = 3.402823E+38f };"
"Packages/com.unity.inputsystem/InputSystem/Devices/Precompiled/FastTouchscreen.cs",2180,"Unity New Input System : \bUnityEngine\.InputSystem\b","private UnityEngine.InputSystem.Controls.AxisControl Initialize_ctrlTouchscreenprimaryTouchdeltadown(InternedString kAxisLayout, InputControl parent)"
"Packages/com.unity.inputsystem/InputSystem/Devices/Precompiled/FastTouchscreen.cs",2182,"Unity New Input System : \bUnityEngine\.InputSystem\b","var ctrlTouchscreenprimaryTouchdeltadown = new UnityEngine.InputSystem.Controls.AxisControl { clamp = UnityEngine.InputSystem.Controls.AxisControl.Clamp.BeforeNormalize, clampMin = -3.402823E+38f, invert = true };"
"Packages/com.unity.inputsystem/InputSystem/Devices/Precompiled/FastTouchscreen.cs",2202,"Unity New Input System : \bUnityEngine\.InputSystem\b","private UnityEngine.InputSystem.Controls.AxisControl Initialize_ctrlTouchscreenprimaryTouchdeltaleft(InternedString kAxisLayout, InputControl parent)"
"Packages/com.unity.inputsystem/InputSystem/Devices/Precompiled/FastTouchscreen.cs",2204,"Unity New Input System : \bUnityEngine\.InputSystem\b","var ctrlTouchscreenprimaryTouchdeltaleft = new UnityEngine.InputSystem.Controls.AxisControl { clamp = UnityEngine.InputSystem.Controls.AxisControl.Clamp.BeforeNormalize, clampMin = -3.402823E+38f, invert = true };"
"Packages/com.unity.inputsystem/InputSystem/Devices/Precompiled/FastTouchscreen.cs",2224,"Unity New Input System : \bUnityEngine\.InputSystem\b","private UnityEngine.InputSystem.Controls.AxisControl Initialize_ctrlTouchscreenprimaryTouchdeltaright(InternedString kAxisLayout, InputControl parent)"
"Packages/com.unity.inputsystem/InputSystem/Devices/Precompiled/FastTouchscreen.cs",2226,"Unity New Input System : \bUnityEngine\.InputSystem\b","var ctrlTouchscreenprimaryTouchdeltaright = new UnityEngine.InputSystem.Controls.AxisControl { clamp = UnityEngine.InputSystem.Controls.AxisControl.Clamp.BeforeNormalize, clampMax = 3.402823E+38f };"
"Packages/com.unity.inputsystem/InputSystem/Devices/Precompiled/FastTouchscreen.cs",2246,"Unity New Input System : \bUnityEngine\.InputSystem\b","private UnityEngine.InputSystem.Controls.AxisControl Initialize_ctrlTouchscreenprimaryTouchdeltax(InternedString kAxisLayout, InputControl parent)"
"Packages/com.unity.inputsystem/InputSystem/Devices/Precompiled/FastTouchscreen.cs",2248,"Unity New Input System : \bUnityEngine\.InputSystem\b","var ctrlTouchscreenprimaryTouchdeltax = new UnityEngine.InputSystem.Controls.AxisControl();"
"Packages/com.unity.inputsystem/InputSystem/Devices/Precompiled/FastTouchscreen.cs",2267,"Unity New Input System : \bUnityEngine\.InputSystem\b","private UnityEngine.InputSystem.Controls.AxisControl Initialize_ctrlTouchscreenprimaryTouchdeltay(InternedString kAxisLayout, InputControl parent)"
"Packages/com.unity.inputsystem/InputSystem/Devices/Precompiled/FastTouchscreen.cs",2269,"Unity New Input System : \bUnityEngine\.InputSystem\b","var ctrlTouchscreenprimaryTouchdeltay = new UnityEngine.InputSystem.Controls.AxisControl();"
"Packages/com.unity.inputsystem/InputSystem/Devices/Precompiled/FastTouchscreen.cs",2288,"Unity New Input System : \bUnityEngine\.InputSystem\b","private UnityEngine.InputSystem.Controls.AxisControl Initialize_ctrlTouchscreenprimaryTouchradiusx(InternedString kAxisLayout, InputControl parent)"
"Packages/com.unity.inputsystem/InputSystem/Devices/Precompiled/FastTouchscreen.cs",2290,"Unity New Input System : \bUnityEngine\.InputSystem\b","var ctrlTouchscreenprimaryTouchradiusx = new UnityEngine.InputSystem.Controls.AxisControl();"
"Packages/com.unity.inputsystem/InputSystem/Devices/Precompiled/FastTouchscreen.cs",2309,"Unity New Input System : \bUnityEngine\.InputSystem\b","private UnityEngine.InputSystem.Controls.AxisControl Initialize_ctrlTouchscreenprimaryTouchradiusy(InternedString kAxisLayout, InputControl parent)"
"Packages/com.unity.inputsystem/InputSystem/Devices/Precompiled/FastTouchscreen.cs",2311,"Unity New Input System : \bUnityEngine\.InputSystem\b","var ctrlTouchscreenprimaryTouchradiusy = new UnityEngine.InputSystem.Controls.AxisControl();"
"Packages/com.unity.inputsystem/InputSystem/Devices/Precompiled/FastTouchscreen.cs",2330,"Unity New Input System : \bUnityEngine\.InputSystem\b","private UnityEngine.InputSystem.Controls.AxisControl Initialize_ctrlTouchscreenprimaryTouchstartPositionx(InternedString kAxisLayout, InputControl parent)"
"Packages/com.unity.inputsystem/InputSystem/Devices/Precompiled/FastTouchscreen.cs",2332,"Unity New Input System : \bUnityEngine\.InputSystem\b","var ctrlTouchscreenprimaryTouchstartPositionx = new UnityEngine.InputSystem.Controls.AxisControl();"
"Packages/com.unity.inputsystem/InputSystem/Devices/Precompiled/FastTouchscreen.cs",2351,"Unity New Input System : \bUnityEngine\.InputSystem\b","private UnityEngine.InputSystem.Controls.AxisControl Initialize_ctrlTouchscreenprimaryTouchstartPositiony(InternedString kAxisLayout, InputControl parent)"
"Packages/com.unity.inputsystem/InputSystem/Devices/Precompiled/FastTouchscreen.cs",2353,"Unity New Input System : \bUnityEngine\.InputSystem\b","var ctrlTouchscreenprimaryTouchstartPositiony = new UnityEngine.InputSystem.Controls.AxisControl();"
"Packages/com.unity.inputsystem/InputSystem/Devices/Precompiled/FastTouchscreen.cs",2372,"Unity New Input System : \bUnityEngine\.InputSystem\b","private UnityEngine.InputSystem.Controls.AxisControl Initialize_ctrlTouchscreenpositionx(InternedString kAxisLayout, InputControl parent)"
"Packages/com.unity.inputsystem/InputSystem/Devices/Precompiled/FastTouchscreen.cs",2374,"Unity New Input System : \bUnityEngine\.InputSystem\b","var ctrlTouchscreenpositionx = new UnityEngine.InputSystem.Controls.AxisControl();"
"Packages/com.unity.inputsystem/InputSystem/Devices/Precompiled/FastTouchscreen.cs",2394,"Unity New Input System : \bUnityEngine\.InputSystem\b","private UnityEngine.InputSystem.Controls.AxisControl Initialize_ctrlTouchscreenpositiony(InternedString kAxisLayout, InputControl parent)"
"Packages/com.unity.inputsystem/InputSystem/Devices/Precompiled/FastTouchscreen.cs",2396,"Unity New Input System : \bUnityEngine\.InputSystem\b","var ctrlTouchscreenpositiony = new UnityEngine.InputSystem.Controls.AxisControl();"
"Packages/com.unity.inputsystem/InputSystem/Devices/Precompiled/FastTouchscreen.cs",2416,"Unity New Input System : \bUnityEngine\.InputSystem\b","private UnityEngine.InputSystem.Controls.AxisControl Initialize_ctrlTouchscreendeltaup(InternedString kAxisLayout, InputControl parent)"
"Packages/com.unity.inputsystem/InputSystem/Devices/Precompiled/FastTouchscreen.cs",2418,"Unity New Input System : \bUnityEngine\.InputSystem\b","var ctrlTouchscreendeltaup = new UnityEngine.InputSystem.Controls.AxisControl { clamp = UnityEngine.InputSystem.Controls.AxisControl.Clamp.BeforeNormalize, clampMax = 3.402823E+38f };"
"Packages/com.unity.inputsystem/InputSystem/Devices/Precompiled/FastTouchscreen.cs",2438,"Unity New Input System : \bUnityEngine\.InputSystem\b","private UnityEngine.InputSystem.Controls.AxisControl Initialize_ctrlTouchscreendeltadown(InternedString kAxisLayout, InputControl parent)"
"Packages/com.unity.inputsystem/InputSystem/Devices/Precompiled/FastTouchscreen.cs",2440,"Unity New Input System : \bUnityEngine\.InputSystem\b","var ctrlTouchscreendeltadown = new UnityEngine.InputSystem.Controls.AxisControl { clamp = UnityEngine.InputSystem.Controls.AxisControl.Clamp.BeforeNormalize, clampMin = -3.402823E+38f, invert = true };"
"Packages/com.unity.inputsystem/InputSystem/Devices/Precompiled/FastTouchscreen.cs",2460,"Unity New Input System : \bUnityEngine\.InputSystem\b","private UnityEngine.InputSystem.Controls.AxisControl Initialize_ctrlTouchscreendeltaleft(InternedString kAxisLayout, InputControl parent)"
"Packages/com.unity.inputsystem/InputSystem/Devices/Precompiled/FastTouchscreen.cs",2462,"Unity New Input System : \bUnityEngine\.InputSystem\b","var ctrlTouchscreendeltaleft = new UnityEngine.InputSystem.Controls.AxisControl { clamp = UnityEngine.InputSystem.Controls.AxisControl.Clamp.BeforeNormalize, clampMin = -3.402823E+38f, invert = true };"
"Packages/com.unity.inputsystem/InputSystem/Devices/Precompiled/FastTouchscreen.cs",2482,"Unity New Input System : \bUnityEngine\.InputSystem\b","private UnityEngine.InputSystem.Controls.AxisControl Initialize_ctrlTouchscreendeltaright(InternedString kAxisLayout, InputControl parent)"
"Packages/com.unity.inputsystem/InputSystem/Devices/Precompiled/FastTouchscreen.cs",2484,"Unity New Input System : \bUnityEngine\.InputSystem\b","var ctrlTouchscreendeltaright = new UnityEngine.InputSystem.Controls.AxisControl { clamp = UnityEngine.InputSystem.Controls.AxisControl.Clamp.BeforeNormalize, clampMax = 3.402823E+38f };"
"Packages/com.unity.inputsystem/InputSystem/Devices/Precompiled/FastTouchscreen.cs",2504,"Unity New Input System : \bUnityEngine\.InputSystem\b","private UnityEngine.InputSystem.Controls.AxisControl Initialize_ctrlTouchscreendeltax(InternedString kAxisLayout, InputControl parent)"
"Packages/com.unity.inputsystem/InputSystem/Devices/Precompiled/FastTouchscreen.cs",2506,"Unity New Input System : \bUnityEngine\.InputSystem\b","var ctrlTouchscreendeltax = new UnityEngine.InputSystem.Controls.AxisControl();"
"Packages/com.unity.inputsystem/InputSystem/Devices/Precompiled/FastTouchscreen.cs",2525,"Unity New Input System : \bUnityEngine\.InputSystem\b","private UnityEngine.InputSystem.Controls.AxisControl Initialize_ctrlTouchscreendeltay(InternedString kAxisLayout, InputControl parent)"
"Packages/com.unity.inputsystem/InputSystem/Devices/Precompiled/FastTouchscreen.cs",2527,"Unity New Input System : \bUnityEngine\.InputSystem\b","var ctrlTouchscreendeltay = new UnityEngine.InputSystem.Controls.AxisControl();"
"Packages/com.unity.inputsystem/InputSystem/Devices/Precompiled/FastTouchscreen.cs",2546,"Unity New Input System : \bUnityEngine\.InputSystem\b","private UnityEngine.InputSystem.Controls.AxisControl Initialize_ctrlTouchscreenradiusx(InternedString kAxisLayout, InputControl parent)"
"Packages/com.unity.inputsystem/InputSystem/Devices/Precompiled/FastTouchscreen.cs",2548,"Unity New Input System : \bUnityEngine\.InputSystem\b","var ctrlTouchscreenradiusx = new UnityEngine.InputSystem.Controls.AxisControl();"
"Packages/com.unity.inputsystem/InputSystem/Devices/Precompiled/FastTouchscreen.cs",2567,"Unity New Input System : \bUnityEngine\.InputSystem\b","private UnityEngine.InputSystem.Controls.AxisControl Initialize_ctrlTouchscreenradiusy(InternedString kAxisLayout, InputControl parent)"
"Packages/com.unity.inputsystem/InputSystem/Devices/Precompiled/FastTouchscreen.cs",2569,"Unity New Input System : \bUnityEngine\.InputSystem\b","var ctrlTouchscreenradiusy = new UnityEngine.InputSystem.Controls.AxisControl();"
"Packages/com.unity.inputsystem/InputSystem/Devices/Precompiled/FastTouchscreen.cs",2588,"Unity New Input System : \bUnityEngine\.InputSystem\b","private UnityEngine.InputSystem.Controls.IntegerControl Initialize_ctrlTouchscreentouch0touchId(InternedString kIntegerLayout, InputControl parent)"
"Packages/com.unity.inputsystem/InputSystem/Devices/Precompiled/FastTouchscreen.cs",2590,"Unity New Input System : \bUnityEngine\.InputSystem\b","var ctrlTouchscreentouch0touchId = new UnityEngine.InputSystem.Controls.IntegerControl();"
"Packages/com.unity.inputsystem/InputSystem/Devices/Precompiled/FastTouchscreen.cs",2611,"Unity New Input System : \bUnityEngine\.InputSystem\b","private UnityEngine.InputSystem.Controls.Vector2Control Initialize_ctrlTouchscreentouch0position(InternedString kVector2Layout, InputControl parent)"
"Packages/com.unity.inputsystem/InputSystem/Devices/Precompiled/FastTouchscreen.cs",2613,"Unity New Input System : \bUnityEngine\.InputSystem\b","var ctrlTouchscreentouch0position = new UnityEngine.InputSystem.Controls.Vector2Control();"
"Packages/com.unity.inputsystem/InputSystem/Devices/Precompiled/FastTouchscreen.cs",2634,"Unity New Input System : \bUnityEngine\.InputSystem\b","private UnityEngine.InputSystem.Controls.DeltaControl Initialize_ctrlTouchscreentouch0delta(InternedString kDeltaLayout, InputControl parent)"
"Packages/com.unity.inputsystem/InputSystem/Devices/Precompiled/FastTouchscreen.cs",2636,"Unity New Input System : \bUnityEngine\.InputSystem\b","var ctrlTouchscreentouch0delta = new UnityEngine.InputSystem.Controls.DeltaControl();"
"Packages/com.unity.inputsystem/InputSystem/Devices/Precompiled/FastTouchscreen.cs",2656,"Unity New Input System : \bUnityEngine\.InputSystem\b","private UnityEngine.InputSystem.Controls.AxisControl Initialize_ctrlTouchscreentouch0pressure(InternedString kAxisLayout, InputControl parent)"
"Packages/com.unity.inputsystem/InputSystem/Devices/Precompiled/FastTouchscreen.cs",2658,"Unity New Input System : \bUnityEngine\.InputSystem\b","var ctrlTouchscreentouch0pressure = new UnityEngine.InputSystem.Controls.AxisControl();"
"Packages/com.unity.inputsystem/InputSystem/Devices/Precompiled/FastTouchscreen.cs",2677,"Unity New Input System : \bUnityEngine\.InputSystem\b","private UnityEngine.InputSystem.Controls.Vector2Control Initialize_ctrlTouchscreentouch0radius(InternedString kVector2Layout, InputControl parent)"
"Packages/com.unity.inputsystem/InputSystem/Devices/Precompiled/FastTouchscreen.cs",2679,"Unity New Input System : \bUnityEngine\.InputSystem\b","var ctrlTouchscreentouch0radius = new UnityEngine.InputSystem.Controls.Vector2Control();"
"Packages/com.unity.inputsystem/InputSystem/Devices/Precompiled/FastTouchscreen.cs",2699,"Unity New Input System : \bUnityEngine\.InputSystem\b","private UnityEngine.InputSystem.Controls.TouchPhaseControl Initialize_ctrlTouchscreentouch0phase(InternedString kTouchPhaseLayout, InputControl parent)"
"Packages/com.unity.inputsystem/InputSystem/Devices/Precompiled/FastTouchscreen.cs",2701,"Unity New Input System : \bUnityEngine\.InputSystem\b","var ctrlTouchscreentouch0phase = new UnityEngine.InputSystem.Controls.TouchPhaseControl();"
"Packages/com.unity.inputsystem/InputSystem/Devices/Precompiled/FastTouchscreen.cs",2721,"Unity New Input System : \bUnityEngine\.InputSystem\b","private UnityEngine.InputSystem.Controls.TouchPressControl Initialize_ctrlTouchscreentouch0press(InternedString kTouchPressLayout, InputControl parent)"
"Packages/com.unity.inputsystem/InputSystem/Devices/Precompiled/FastTouchscreen.cs",2723,"Unity New Input System : \bUnityEngine\.InputSystem\b","var ctrlTouchscreentouch0press = new UnityEngine.InputSystem.Controls.TouchPressControl();"
"Packages/com.unity.inputsystem/InputSystem/Devices/Precompiled/FastTouchscreen.cs",2744,"Unity New Input System : \bUnityEngine\.InputSystem\b","private UnityEngine.InputSystem.Controls.IntegerControl Initialize_ctrlTouchscreentouch0tapCount(InternedString kIntegerLayout, InputControl parent)"
"Packages/com.unity.inputsystem/InputSystem/Devices/Precompiled/FastTouchscreen.cs",2746,"Unity New Input System : \bUnityEngine\.InputSystem\b","var ctrlTouchscreentouch0tapCount = new UnityEngine.InputSystem.Controls.IntegerControl();"
"Packages/com.unity.inputsystem/InputSystem/Devices/Precompiled/FastTouchscreen.cs",2765,"Unity New Input System : \bUnityEngine\.InputSystem\b","private UnityEngine.InputSystem.Controls.IntegerControl Initialize_ctrlTouchscreentouch0displayIndex(InternedString kIntegerLayout, InputControl parent)"
"Packages/com.unity.inputsystem/InputSystem/Devices/Precompiled/FastTouchscreen.cs",2767,"Unity New Input System : \bUnityEngine\.InputSystem\b","var ctrlTouchscreentouch0displayIndex = new UnityEngine.InputSystem.Controls.IntegerControl();"
"Packages/com.unity.inputsystem/InputSystem/Devices/Precompiled/FastTouchscreen.cs",2786,"Unity New Input System : \bUnityEngine\.InputSystem\b","private UnityEngine.InputSystem.Controls.ButtonControl Initialize_ctrlTouchscreentouch0indirectTouch(InternedString kButtonLayout, InputControl parent)"
"Packages/com.unity.inputsystem/InputSystem/Devices/Precompiled/FastTouchscreen.cs",2788,"Unity New Input System : \bUnityEngine\.InputSystem\b","var ctrlTouchscreentouch0indirectTouch = new UnityEngine.InputSystem.Controls.ButtonControl();"
"Packages/com.unity.inputsystem/InputSystem/Devices/Precompiled/FastTouchscreen.cs",2810,"Unity New Input System : \bUnityEngine\.InputSystem\b","private UnityEngine.InputSystem.Controls.ButtonControl Initialize_ctrlTouchscreentouch0tap(InternedString kButtonLayout, InputControl parent)"
"Packages/com.unity.inputsystem/InputSystem/Devices/Precompiled/FastTouchscreen.cs",2812,"Unity New Input System : \bUnityEngine\.InputSystem\b","var ctrlTouchscreentouch0tap = new UnityEngine.InputSystem.Controls.ButtonControl();"
"Packages/com.unity.inputsystem/InputSystem/Devices/Precompiled/FastTouchscreen.cs",2833,"Unity New Input System : \bUnityEngine\.InputSystem\b","private UnityEngine.InputSystem.Controls.DoubleControl Initialize_ctrlTouchscreentouch0startTime(InternedString kDoubleLayout, InputControl parent)"
"Packages/com.unity.inputsystem/InputSystem/Devices/Precompiled/FastTouchscreen.cs",2835,"Unity New Input System : \bUnityEngine\.InputSystem\b","var ctrlTouchscreentouch0startTime = new UnityEngine.InputSystem.Controls.DoubleControl();"
"Packages/com.unity.inputsystem/InputSystem/Devices/Precompiled/FastTouchscreen.cs",2855,"Unity New Input System : \bUnityEngine\.InputSystem\b","private UnityEngine.InputSystem.Controls.Vector2Control Initialize_ctrlTouchscreentouch0startPosition(InternedString kVector2Layout, InputControl parent)"
"Packages/com.unity.inputsystem/InputSystem/Devices/Precompiled/FastTouchscreen.cs",2857,"Unity New Input System : \bUnityEngine\.InputSystem\b","var ctrlTouchscreentouch0startPosition = new UnityEngine.InputSystem.Controls.Vector2Control();"
"Packages/com.unity.inputsystem/InputSystem/Devices/Precompiled/FastTouchscreen.cs",2878,"Unity New Input System : \bUnityEngine\.InputSystem\b","private UnityEngine.InputSystem.Controls.AxisControl Initialize_ctrlTouchscreentouch0positionx(InternedString kAxisLayout, InputControl parent)"
"Packages/com.unity.inputsystem/InputSystem/Devices/Precompiled/FastTouchscreen.cs",2880,"Unity New Input System : \bUnityEngine\.InputSystem\b","var ctrlTouchscreentouch0positionx = new UnityEngine.InputSystem.Controls.AxisControl();"
"Packages/com.unity.inputsystem/InputSystem/Devices/Precompiled/FastTouchscreen.cs",2900,"Unity New Input System : \bUnityEngine\.InputSystem\b","private UnityEngine.InputSystem.Controls.AxisControl Initialize_ctrlTouchscreentouch0positiony(InternedString kAxisLayout, InputControl parent)"
"Packages/com.unity.inputsystem/InputSystem/Devices/Precompiled/FastTouchscreen.cs",2902,"Unity New Input System : \bUnityEngine\.InputSystem\b","var ctrlTouchscreentouch0positiony = new UnityEngine.InputSystem.Controls.AxisControl();"
"Packages/com.unity.inputsystem/InputSystem/Devices/Precompiled/FastTouchscreen.cs",2922,"Unity New Input System : \bUnityEngine\.InputSystem\b","private UnityEngine.InputSystem.Controls.AxisControl Initialize_ctrlTouchscreentouch0deltaup(InternedString kAxisLayout, InputControl parent)"
"Packages/com.unity.inputsystem/InputSystem/Devices/Precompiled/FastTouchscreen.cs",2924,"Unity New Input System : \bUnityEngine\.InputSystem\b","var ctrlTouchscreentouch0deltaup = new UnityEngine.InputSystem.Controls.AxisControl { clamp = UnityEngine.InputSystem.Controls.AxisControl.Clamp.BeforeNormalize, clampMax = 3.402823E+38f };"
"Packages/com.unity.inputsystem/InputSystem/Devices/Precompiled/FastTouchscreen.cs",2944,"Unity New Input System : \bUnityEngine\.InputSystem\b","private UnityEngine.InputSystem.Controls.AxisControl Initialize_ctrlTouchscreentouch0deltadown(InternedString kAxisLayout, InputControl parent)"
"Packages/com.unity.inputsystem/InputSystem/Devices/Precompiled/FastTouchscreen.cs",2946,"Unity New Input System : \bUnityEngine\.InputSystem\b","var ctrlTouchscreentouch0deltadown = new UnityEngine.InputSystem.Controls.AxisControl { clamp = UnityEngine.InputSystem.Controls.AxisControl.Clamp.BeforeNormalize, clampMin = -3.402823E+38f, invert = true };"
"Packages/com.unity.inputsystem/InputSystem/Devices/Precompiled/FastTouchscreen.cs",2966,"Unity New Input System : \bUnityEngine\.InputSystem\b","private UnityEngine.InputSystem.Controls.AxisControl Initialize_ctrlTouchscreentouch0deltaleft(InternedString kAxisLayout, InputControl parent)"
"Packages/com.unity.inputsystem/InputSystem/Devices/Precompiled/FastTouchscreen.cs",2968,"Unity New Input System : \bUnityEngine\.InputSystem\b","var ctrlTouchscreentouch0deltaleft = new UnityEngine.InputSystem.Controls.AxisControl { clamp = UnityEngine.InputSystem.Controls.AxisControl.Clamp.BeforeNormalize, clampMin = -3.402823E+38f, invert = true };"
"Packages/com.unity.inputsystem/InputSystem/Devices/Precompiled/FastTouchscreen.cs",2988,"Unity New Input System : \bUnityEngine\.InputSystem\b","private UnityEngine.InputSystem.Controls.AxisControl Initialize_ctrlTouchscreentouch0deltaright(InternedString kAxisLayout, InputControl parent)"
"Packages/com.unity.inputsystem/InputSystem/Devices/Precompiled/FastTouchscreen.cs",2990,"Unity New Input System : \bUnityEngine\.InputSystem\b","var ctrlTouchscreentouch0deltaright = new UnityEngine.InputSystem.Controls.AxisControl { clamp = UnityEngine.InputSystem.Controls.AxisControl.Clamp.BeforeNormalize, clampMax = 3.402823E+38f };"
"Packages/com.unity.inputsystem/InputSystem/Devices/Precompiled/FastTouchscreen.cs",3010,"Unity New Input System : \bUnityEngine\.InputSystem\b","private UnityEngine.InputSystem.Controls.AxisControl Initialize_ctrlTouchscreentouch0deltax(InternedString kAxisLayout, InputControl parent)"
"Packages/com.unity.inputsystem/InputSystem/Devices/Precompiled/FastTouchscreen.cs",3012,"Unity New Input System : \bUnityEngine\.InputSystem\b","var ctrlTouchscreentouch0deltax = new UnityEngine.InputSystem.Controls.AxisControl();"
"Packages/com.unity.inputsystem/InputSystem/Devices/Precompiled/FastTouchscreen.cs",3031,"Unity New Input System : \bUnityEngine\.InputSystem\b","private UnityEngine.InputSystem.Controls.AxisControl Initialize_ctrlTouchscreentouch0deltay(InternedString kAxisLayout, InputControl parent)"
"Packages/com.unity.inputsystem/InputSystem/Devices/Precompiled/FastTouchscreen.cs",3033,"Unity New Input System : \bUnityEngine\.InputSystem\b","var ctrlTouchscreentouch0deltay = new UnityEngine.InputSystem.Controls.AxisControl();"
"Packages/com.unity.inputsystem/InputSystem/Devices/Precompiled/FastTouchscreen.cs",3052,"Unity New Input System : \bUnityEngine\.InputSystem\b","private UnityEngine.InputSystem.Controls.AxisControl Initialize_ctrlTouchscreentouch0radiusx(InternedString kAxisLayout, InputControl parent)"
"Packages/com.unity.inputsystem/InputSystem/Devices/Precompiled/FastTouchscreen.cs",3054,"Unity New Input System : \bUnityEngine\.InputSystem\b","var ctrlTouchscreentouch0radiusx = new UnityEngine.InputSystem.Controls.AxisControl();"
"Packages/com.unity.inputsystem/InputSystem/Devices/Precompiled/FastTouchscreen.cs",3073,"Unity New Input System : \bUnityEngine\.InputSystem\b","private UnityEngine.InputSystem.Controls.AxisControl Initialize_ctrlTouchscreentouch0radiusy(InternedString kAxisLayout, InputControl parent)"
"Packages/com.unity.inputsystem/InputSystem/Devices/Precompiled/FastTouchscreen.cs",3075,"Unity New Input System : \bUnityEngine\.InputSystem\b","var ctrlTouchscreentouch0radiusy = new UnityEngine.InputSystem.Controls.AxisControl();"
"Packages/com.unity.inputsystem/InputSystem/Devices/Precompiled/FastTouchscreen.cs",3094,"Unity New Input System : \bUnityEngine\.InputSystem\b","private UnityEngine.InputSystem.Controls.AxisControl Initialize_ctrlTouchscreentouch0startPositionx(InternedString kAxisLayout, InputControl parent)"
"Packages/com.unity.inputsystem/InputSystem/Devices/Precompiled/FastTouchscreen.cs",3096,"Unity New Input System : \bUnityEngine\.InputSystem\b","var ctrlTouchscreentouch0startPositionx = new UnityEngine.InputSystem.Controls.AxisControl();"
"Packages/com.unity.inputsystem/InputSystem/Devices/Precompiled/FastTouchscreen.cs",3115,"Unity New Input System : \bUnityEngine\.InputSystem\b","private UnityEngine.InputSystem.Controls.AxisControl Initialize_ctrlTouchscreentouch0startPositiony(InternedString kAxisLayout, InputControl parent)"
"Packages/com.unity.inputsystem/InputSystem/Devices/Precompiled/FastTouchscreen.cs",3117,"Unity New Input System : \bUnityEngine\.InputSystem\b","var ctrlTouchscreentouch0startPositiony = new UnityEngine.InputSystem.Controls.AxisControl();"
"Packages/com.unity.inputsystem/InputSystem/Devices/Precompiled/FastTouchscreen.cs",3136,"Unity New Input System : \bUnityEngine\.InputSystem\b","private UnityEngine.InputSystem.Controls.IntegerControl Initialize_ctrlTouchscreentouch1touchId(InternedString kIntegerLayout, InputControl parent)"
"Packages/com.unity.inputsystem/InputSystem/Devices/Precompiled/FastTouchscreen.cs",3138,"Unity New Input System : \bUnityEngine\.InputSystem\b","var ctrlTouchscreentouch1touchId = new UnityEngine.InputSystem.Controls.IntegerControl();"
"Packages/com.unity.inputsystem/InputSystem/Devices/Precompiled/FastTouchscreen.cs",3159,"Unity New Input System : \bUnityEngine\.InputSystem\b","private UnityEngine.InputSystem.Controls.Vector2Control Initialize_ctrlTouchscreentouch1position(InternedString kVector2Layout, InputControl parent)"
"Packages/com.unity.inputsystem/InputSystem/Devices/Precompiled/FastTouchscreen.cs",3161,"Unity New Input System : \bUnityEngine\.InputSystem\b","var ctrlTouchscreentouch1position = new UnityEngine.InputSystem.Controls.Vector2Control();"
"Packages/com.unity.inputsystem/InputSystem/Devices/Precompiled/FastTouchscreen.cs",3182,"Unity New Input System : \bUnityEngine\.InputSystem\b","private UnityEngine.InputSystem.Controls.DeltaControl Initialize_ctrlTouchscreentouch1delta(InternedString kDeltaLayout, InputControl parent)"
"Packages/com.unity.inputsystem/InputSystem/Devices/Precompiled/FastTouchscreen.cs",3184,"Unity New Input System : \bUnityEngine\.InputSystem\b","var ctrlTouchscreentouch1delta = new UnityEngine.InputSystem.Controls.DeltaControl();"
"Packages/com.unity.inputsystem/InputSystem/Devices/Precompiled/FastTouchscreen.cs",3204,"Unity New Input System : \bUnityEngine\.InputSystem\b","private UnityEngine.InputSystem.Controls.AxisControl Initialize_ctrlTouchscreentouch1pressure(InternedString kAxisLayout, InputControl parent)"
"Packages/com.unity.inputsystem/InputSystem/Devices/Precompiled/FastTouchscreen.cs",3206,"Unity New Input System : \bUnityEngine\.InputSystem\b","var ctrlTouchscreentouch1pressure = new UnityEngine.InputSystem.Controls.AxisControl();"
"Packages/com.unity.inputsystem/InputSystem/Devices/Precompiled/FastTouchscreen.cs",3225,"Unity New Input System : \bUnityEngine\.InputSystem\b","private UnityEngine.InputSystem.Controls.Vector2Control Initialize_ctrlTouchscreentouch1radius(InternedString kVector2Layout, InputControl parent)"
"Packages/com.unity.inputsystem/InputSystem/Devices/Precompiled/FastTouchscreen.cs",3227,"Unity New Input System : \bUnityEngine\.InputSystem\b","var ctrlTouchscreentouch1radius = new UnityEngine.InputSystem.Controls.Vector2Control();"
"Packages/com.unity.inputsystem/InputSystem/Devices/Precompiled/FastTouchscreen.cs",3247,"Unity New Input System : \bUnityEngine\.InputSystem\b","private UnityEngine.InputSystem.Controls.TouchPhaseControl Initialize_ctrlTouchscreentouch1phase(InternedString kTouchPhaseLayout, InputControl parent)"
"Packages/com.unity.inputsystem/InputSystem/Devices/Precompiled/FastTouchscreen.cs",3249,"Unity New Input System : \bUnityEngine\.InputSystem\b","var ctrlTouchscreentouch1phase = new UnityEngine.InputSystem.Controls.TouchPhaseControl();"
"Packages/com.unity.inputsystem/InputSystem/Devices/Precompiled/FastTouchscreen.cs",3269,"Unity New Input System : \bUnityEngine\.InputSystem\b","private UnityEngine.InputSystem.Controls.TouchPressControl Initialize_ctrlTouchscreentouch1press(InternedString kTouchPressLayout, InputControl parent)"
"Packages/com.unity.inputsystem/InputSystem/Devices/Precompiled/FastTouchscreen.cs",3271,"Unity New Input System : \bUnityEngine\.InputSystem\b","var ctrlTouchscreentouch1press = new UnityEngine.InputSystem.Controls.TouchPressControl();"
"Packages/com.unity.inputsystem/InputSystem/Devices/Precompiled/FastTouchscreen.cs",3292,"Unity New Input System : \bUnityEngine\.InputSystem\b","private UnityEngine.InputSystem.Controls.IntegerControl Initialize_ctrlTouchscreentouch1tapCount(InternedString kIntegerLayout, InputControl parent)"
"Packages/com.unity.inputsystem/InputSystem/Devices/Precompiled/FastTouchscreen.cs",3294,"Unity New Input System : \bUnityEngine\.InputSystem\b","var ctrlTouchscreentouch1tapCount = new UnityEngine.InputSystem.Controls.IntegerControl();"
"Packages/com.unity.inputsystem/InputSystem/Devices/Precompiled/FastTouchscreen.cs",3313,"Unity New Input System : \bUnityEngine\.InputSystem\b","private UnityEngine.InputSystem.Controls.IntegerControl Initialize_ctrlTouchscreentouch1displayIndex(InternedString kIntegerLayout, InputControl parent)"
"Packages/com.unity.inputsystem/InputSystem/Devices/Precompiled/FastTouchscreen.cs",3315,"Unity New Input System : \bUnityEngine\.InputSystem\b","var ctrlTouchscreentouch1displayIndex = new UnityEngine.InputSystem.Controls.IntegerControl();"
"Packages/com.unity.inputsystem/InputSystem/Devices/Precompiled/FastTouchscreen.cs",3334,"Unity New Input System : \bUnityEngine\.InputSystem\b","private UnityEngine.InputSystem.Controls.ButtonControl Initialize_ctrlTouchscreentouch1indirectTouch(InternedString kButtonLayout, InputControl parent)"
"Packages/com.unity.inputsystem/InputSystem/Devices/Precompiled/FastTouchscreen.cs",3336,"Unity New Input System : \bUnityEngine\.InputSystem\b","var ctrlTouchscreentouch1indirectTouch = new UnityEngine.InputSystem.Controls.ButtonControl();"
"Packages/com.unity.inputsystem/InputSystem/Devices/Precompiled/FastTouchscreen.cs",3358,"Unity New Input System : \bUnityEngine\.InputSystem\b","private UnityEngine.InputSystem.Controls.ButtonControl Initialize_ctrlTouchscreentouch1tap(InternedString kButtonLayout, InputControl parent)"
"Packages/com.unity.inputsystem/InputSystem/Devices/Precompiled/FastTouchscreen.cs",3360,"Unity New Input System : \bUnityEngine\.InputSystem\b","var ctrlTouchscreentouch1tap = new UnityEngine.InputSystem.Controls.ButtonControl();"
"Packages/com.unity.inputsystem/InputSystem/Devices/Precompiled/FastTouchscreen.cs",3381,"Unity New Input System : \bUnityEngine\.InputSystem\b","private UnityEngine.InputSystem.Controls.DoubleControl Initialize_ctrlTouchscreentouch1startTime(InternedString kDoubleLayout, InputControl parent)"
"Packages/com.unity.inputsystem/InputSystem/Devices/Precompiled/FastTouchscreen.cs",3383,"Unity New Input System : \bUnityEngine\.InputSystem\b","var ctrlTouchscreentouch1startTime = new UnityEngine.InputSystem.Controls.DoubleControl();"
"Packages/com.unity.inputsystem/InputSystem/Devices/Precompiled/FastTouchscreen.cs",3403,"Unity New Input System : \bUnityEngine\.InputSystem\b","private UnityEngine.InputSystem.Controls.Vector2Control Initialize_ctrlTouchscreentouch1startPosition(InternedString kVector2Layout, InputControl parent)"
"Packages/com.unity.inputsystem/InputSystem/Devices/Precompiled/FastTouchscreen.cs",3405,"Unity New Input System : \bUnityEngine\.InputSystem\b","var ctrlTouchscreentouch1startPosition = new UnityEngine.InputSystem.Controls.Vector2Control();"
"Packages/com.unity.inputsystem/InputSystem/Devices/Precompiled/FastTouchscreen.cs",3426,"Unity New Input System : \bUnityEngine\.InputSystem\b","private UnityEngine.InputSystem.Controls.AxisControl Initialize_ctrlTouchscreentouch1positionx(InternedString kAxisLayout, InputControl parent)"
"Packages/com.unity.inputsystem/InputSystem/Devices/Precompiled/FastTouchscreen.cs",3428,"Unity New Input System : \bUnityEngine\.InputSystem\b","var ctrlTouchscreentouch1positionx = new UnityEngine.InputSystem.Controls.AxisControl();"
"Packages/com.unity.inputsystem/InputSystem/Devices/Precompiled/FastTouchscreen.cs",3448,"Unity New Input System : \bUnityEngine\.InputSystem\b","private UnityEngine.InputSystem.Controls.AxisControl Initialize_ctrlTouchscreentouch1positiony(InternedString kAxisLayout, InputControl parent)"
"Packages/com.unity.inputsystem/InputSystem/Devices/Precompiled/FastTouchscreen.cs",3450,"Unity New Input System : \bUnityEngine\.InputSystem\b","var ctrlTouchscreentouch1positiony = new UnityEngine.InputSystem.Controls.AxisControl();"
"Packages/com.unity.inputsystem/InputSystem/Devices/Precompiled/FastTouchscreen.cs",3470,"Unity New Input System : \bUnityEngine\.InputSystem\b","private UnityEngine.InputSystem.Controls.AxisControl Initialize_ctrlTouchscreentouch1deltaup(InternedString kAxisLayout, InputControl parent)"
"Packages/com.unity.inputsystem/InputSystem/Devices/Precompiled/FastTouchscreen.cs",3472,"Unity New Input System : \bUnityEngine\.InputSystem\b","var ctrlTouchscreentouch1deltaup = new UnityEngine.InputSystem.Controls.AxisControl { clamp = UnityEngine.InputSystem.Controls.AxisControl.Clamp.BeforeNormalize, clampMax = 3.402823E+38f };"
"Packages/com.unity.inputsystem/InputSystem/Devices/Precompiled/FastTouchscreen.cs",3492,"Unity New Input System : \bUnityEngine\.InputSystem\b","private UnityEngine.InputSystem.Controls.AxisControl Initialize_ctrlTouchscreentouch1deltadown(InternedString kAxisLayout, InputControl parent)"
"Packages/com.unity.inputsystem/InputSystem/Devices/Precompiled/FastTouchscreen.cs",3494,"Unity New Input System : \bUnityEngine\.InputSystem\b","var ctrlTouchscreentouch1deltadown = new UnityEngine.InputSystem.Controls.AxisControl { clamp = UnityEngine.InputSystem.Controls.AxisControl.Clamp.BeforeNormalize, clampMin = -3.402823E+38f, invert = true };"
"Packages/com.unity.inputsystem/InputSystem/Devices/Precompiled/FastTouchscreen.cs",3514,"Unity New Input System : \bUnityEngine\.InputSystem\b","private UnityEngine.InputSystem.Controls.AxisControl Initialize_ctrlTouchscreentouch1deltaleft(InternedString kAxisLayout, InputControl parent)"
"Packages/com.unity.inputsystem/InputSystem/Devices/Precompiled/FastTouchscreen.cs",3516,"Unity New Input System : \bUnityEngine\.InputSystem\b","var ctrlTouchscreentouch1deltaleft = new UnityEngine.InputSystem.Controls.AxisControl { clamp = UnityEngine.InputSystem.Controls.AxisControl.Clamp.BeforeNormalize, clampMin = -3.402823E+38f, invert = true };"
"Packages/com.unity.inputsystem/InputSystem/Devices/Precompiled/FastTouchscreen.cs",3536,"Unity New Input System : \bUnityEngine\.InputSystem\b","private UnityEngine.InputSystem.Controls.AxisControl Initialize_ctrlTouchscreentouch1deltaright(InternedString kAxisLayout, InputControl parent)"
"Packages/com.unity.inputsystem/InputSystem/Devices/Precompiled/FastTouchscreen.cs",3538,"Unity New Input System : \bUnityEngine\.InputSystem\b","var ctrlTouchscreentouch1deltaright = new UnityEngine.InputSystem.Controls.AxisControl { clamp = UnityEngine.InputSystem.Controls.AxisControl.Clamp.BeforeNormalize, clampMax = 3.402823E+38f };"
"Packages/com.unity.inputsystem/InputSystem/Devices/Precompiled/FastTouchscreen.cs",3558,"Unity New Input System : \bUnityEngine\.InputSystem\b","private UnityEngine.InputSystem.Controls.AxisControl Initialize_ctrlTouchscreentouch1deltax(InternedString kAxisLayout, InputControl parent)"
"Packages/com.unity.inputsystem/InputSystem/Devices/Precompiled/FastTouchscreen.cs",3560,"Unity New Input System : \bUnityEngine\.InputSystem\b","var ctrlTouchscreentouch1deltax = new UnityEngine.InputSystem.Controls.AxisControl();"
"Packages/com.unity.inputsystem/InputSystem/Devices/Precompiled/FastTouchscreen.cs",3579,"Unity New Input System : \bUnityEngine\.InputSystem\b","private UnityEngine.InputSystem.Controls.AxisControl Initialize_ctrlTouchscreentouch1deltay(InternedString kAxisLayout, InputControl parent)"
"Packages/com.unity.inputsystem/InputSystem/Devices/Precompiled/FastTouchscreen.cs",3581,"Unity New Input System : \bUnityEngine\.InputSystem\b","var ctrlTouchscreentouch1deltay = new UnityEngine.InputSystem.Controls.AxisControl();"
"Packages/com.unity.inputsystem/InputSystem/Devices/Precompiled/FastTouchscreen.cs",3600,"Unity New Input System : \bUnityEngine\.InputSystem\b","private UnityEngine.InputSystem.Controls.AxisControl Initialize_ctrlTouchscreentouch1radiusx(InternedString kAxisLayout, InputControl parent)"
"Packages/com.unity.inputsystem/InputSystem/Devices/Precompiled/FastTouchscreen.cs",3602,"Unity New Input System : \bUnityEngine\.InputSystem\b","var ctrlTouchscreentouch1radiusx = new UnityEngine.InputSystem.Controls.AxisControl();"
"Packages/com.unity.inputsystem/InputSystem/Devices/Precompiled/FastTouchscreen.cs",3621,"Unity New Input System : \bUnityEngine\.InputSystem\b","private UnityEngine.InputSystem.Controls.AxisControl Initialize_ctrlTouchscreentouch1radiusy(InternedString kAxisLayout, InputControl parent)"
"Packages/com.unity.inputsystem/InputSystem/Devices/Precompiled/FastTouchscreen.cs",3623,"Unity New Input System : \bUnityEngine\.InputSystem\b","var ctrlTouchscreentouch1radiusy = new UnityEngine.InputSystem.Controls.AxisControl();"
"Packages/com.unity.inputsystem/InputSystem/Devices/Precompiled/FastTouchscreen.cs",3642,"Unity New Input System : \bUnityEngine\.InputSystem\b","private UnityEngine.InputSystem.Controls.AxisControl Initialize_ctrlTouchscreentouch1startPositionx(InternedString kAxisLayout, InputControl parent)"
"Packages/com.unity.inputsystem/InputSystem/Devices/Precompiled/FastTouchscreen.cs",3644,"Unity New Input System : \bUnityEngine\.InputSystem\b","var ctrlTouchscreentouch1startPositionx = new UnityEngine.InputSystem.Controls.AxisControl();"
"Packages/com.unity.inputsystem/InputSystem/Devices/Precompiled/FastTouchscreen.cs",3663,"Unity New Input System : \bUnityEngine\.InputSystem\b","private UnityEngine.InputSystem.Controls.AxisControl Initialize_ctrlTouchscreentouch1startPositiony(InternedString kAxisLayout, InputControl parent)"
"Packages/com.unity.inputsystem/InputSystem/Devices/Precompiled/FastTouchscreen.cs",3665,"Unity New Input System : \bUnityEngine\.InputSystem\b","var ctrlTouchscreentouch1startPositiony = new UnityEngine.InputSystem.Controls.AxisControl();"
"Packages/com.unity.inputsystem/InputSystem/Devices/Precompiled/FastTouchscreen.cs",3684,"Unity New Input System : \bUnityEngine\.InputSystem\b","private UnityEngine.InputSystem.Controls.IntegerControl Initialize_ctrlTouchscreentouch2touchId(InternedString kIntegerLayout, InputControl parent)"
"Packages/com.unity.inputsystem/InputSystem/Devices/Precompiled/FastTouchscreen.cs",3686,"Unity New Input System : \bUnityEngine\.InputSystem\b","var ctrlTouchscreentouch2touchId = new UnityEngine.InputSystem.Controls.IntegerControl();"
"Packages/com.unity.inputsystem/InputSystem/Devices/Precompiled/FastTouchscreen.cs",3707,"Unity New Input System : \bUnityEngine\.InputSystem\b","private UnityEngine.InputSystem.Controls.Vector2Control Initialize_ctrlTouchscreentouch2position(InternedString kVector2Layout, InputControl parent)"
"Packages/com.unity.inputsystem/InputSystem/Devices/Precompiled/FastTouchscreen.cs",3709,"Unity New Input System : \bUnityEngine\.InputSystem\b","var ctrlTouchscreentouch2position = new UnityEngine.InputSystem.Controls.Vector2Control();"
"Packages/com.unity.inputsystem/InputSystem/Devices/Precompiled/FastTouchscreen.cs",3730,"Unity New Input System : \bUnityEngine\.InputSystem\b","private UnityEngine.InputSystem.Controls.DeltaControl Initialize_ctrlTouchscreentouch2delta(InternedString kDeltaLayout, InputControl parent)"
"Packages/com.unity.inputsystem/InputSystem/Devices/Precompiled/FastTouchscreen.cs",3732,"Unity New Input System : \bUnityEngine\.InputSystem\b","var ctrlTouchscreentouch2delta = new UnityEngine.InputSystem.Controls.DeltaControl();"
"Packages/com.unity.inputsystem/InputSystem/Devices/Precompiled/FastTouchscreen.cs",3752,"Unity New Input System : \bUnityEngine\.InputSystem\b","private UnityEngine.InputSystem.Controls.AxisControl Initialize_ctrlTouchscreentouch2pressure(InternedString kAxisLayout, InputControl parent)"
"Packages/com.unity.inputsystem/InputSystem/Devices/Precompiled/FastTouchscreen.cs",3754,"Unity New Input System : \bUnityEngine\.InputSystem\b","var ctrlTouchscreentouch2pressure = new UnityEngine.InputSystem.Controls.AxisControl();"
"Packages/com.unity.inputsystem/InputSystem/Devices/Precompiled/FastTouchscreen.cs",3773,"Unity New Input System : \bUnityEngine\.InputSystem\b","private UnityEngine.InputSystem.Controls.Vector2Control Initialize_ctrlTouchscreentouch2radius(InternedString kVector2Layout, InputControl parent)"
"Packages/com.unity.inputsystem/InputSystem/Devices/Precompiled/FastTouchscreen.cs",3775,"Unity New Input System : \bUnityEngine\.InputSystem\b","var ctrlTouchscreentouch2radius = new UnityEngine.InputSystem.Controls.Vector2Control();"
"Packages/com.unity.inputsystem/InputSystem/Devices/Precompiled/FastTouchscreen.cs",3795,"Unity New Input System : \bUnityEngine\.InputSystem\b","private UnityEngine.InputSystem.Controls.TouchPhaseControl Initialize_ctrlTouchscreentouch2phase(InternedString kTouchPhaseLayout, InputControl parent)"
"Packages/com.unity.inputsystem/InputSystem/Devices/Precompiled/FastTouchscreen.cs",3797,"Unity New Input System : \bUnityEngine\.InputSystem\b","var ctrlTouchscreentouch2phase = new UnityEngine.InputSystem.Controls.TouchPhaseControl();"
"Packages/com.unity.inputsystem/InputSystem/Devices/Precompiled/FastTouchscreen.cs",3817,"Unity New Input System : \bUnityEngine\.InputSystem\b","private UnityEngine.InputSystem.Controls.TouchPressControl Initialize_ctrlTouchscreentouch2press(InternedString kTouchPressLayout, InputControl parent)"
"Packages/com.unity.inputsystem/InputSystem/Devices/Precompiled/FastTouchscreen.cs",3819,"Unity New Input System : \bUnityEngine\.InputSystem\b","var ctrlTouchscreentouch2press = new UnityEngine.InputSystem.Controls.TouchPressControl();"
"Packages/com.unity.inputsystem/InputSystem/Devices/Precompiled/FastTouchscreen.cs",3840,"Unity New Input System : \bUnityEngine\.InputSystem\b","private UnityEngine.InputSystem.Controls.IntegerControl Initialize_ctrlTouchscreentouch2tapCount(InternedString kIntegerLayout, InputControl parent)"
"Packages/com.unity.inputsystem/InputSystem/Devices/Precompiled/FastTouchscreen.cs",3842,"Unity New Input System : \bUnityEngine\.InputSystem\b","var ctrlTouchscreentouch2tapCount = new UnityEngine.InputSystem.Controls.IntegerControl();"
"Packages/com.unity.inputsystem/InputSystem/Devices/Precompiled/FastTouchscreen.cs",3861,"Unity New Input System : \bUnityEngine\.InputSystem\b","private UnityEngine.InputSystem.Controls.IntegerControl Initialize_ctrlTouchscreentouch2displayIndex(InternedString kIntegerLayout, InputControl parent)"
"Packages/com.unity.inputsystem/InputSystem/Devices/Precompiled/FastTouchscreen.cs",3863,"Unity New Input System : \bUnityEngine\.InputSystem\b","var ctrlTouchscreentouch2displayIndex = new UnityEngine.InputSystem.Controls.IntegerControl();"
"Packages/com.unity.inputsystem/InputSystem/Devices/Precompiled/FastTouchscreen.cs",3882,"Unity New Input System : \bUnityEngine\.InputSystem\b","private UnityEngine.InputSystem.Controls.ButtonControl Initialize_ctrlTouchscreentouch2indirectTouch(InternedString kButtonLayout, InputControl parent)"
"Packages/com.unity.inputsystem/InputSystem/Devices/Precompiled/FastTouchscreen.cs",3884,"Unity New Input System : \bUnityEngine\.InputSystem\b","var ctrlTouchscreentouch2indirectTouch = new UnityEngine.InputSystem.Controls.ButtonControl();"
"Packages/com.unity.inputsystem/InputSystem/Devices/Precompiled/FastTouchscreen.cs",3906,"Unity New Input System : \bUnityEngine\.InputSystem\b","private UnityEngine.InputSystem.Controls.ButtonControl Initialize_ctrlTouchscreentouch2tap(InternedString kButtonLayout, InputControl parent)"
"Packages/com.unity.inputsystem/InputSystem/Devices/Precompiled/FastTouchscreen.cs",3908,"Unity New Input System : \bUnityEngine\.InputSystem\b","var ctrlTouchscreentouch2tap = new UnityEngine.InputSystem.Controls.ButtonControl();"
"Packages/com.unity.inputsystem/InputSystem/Devices/Precompiled/FastTouchscreen.cs",3929,"Unity New Input System : \bUnityEngine\.InputSystem\b","private UnityEngine.InputSystem.Controls.DoubleControl Initialize_ctrlTouchscreentouch2startTime(InternedString kDoubleLayout, InputControl parent)"
"Packages/com.unity.inputsystem/InputSystem/Devices/Precompiled/FastTouchscreen.cs",3931,"Unity New Input System : \bUnityEngine\.InputSystem\b","var ctrlTouchscreentouch2startTime = new UnityEngine.InputSystem.Controls.DoubleControl();"
"Packages/com.unity.inputsystem/InputSystem/Devices/Precompiled/FastTouchscreen.cs",3951,"Unity New Input System : \bUnityEngine\.InputSystem\b","private UnityEngine.InputSystem.Controls.Vector2Control Initialize_ctrlTouchscreentouch2startPosition(InternedString kVector2Layout, InputControl parent)"
"Packages/com.unity.inputsystem/InputSystem/Devices/Precompiled/FastTouchscreen.cs",3953,"Unity New Input System : \bUnityEngine\.InputSystem\b","var ctrlTouchscreentouch2startPosition = new UnityEngine.InputSystem.Controls.Vector2Control();"
"Packages/com.unity.inputsystem/InputSystem/Devices/Precompiled/FastTouchscreen.cs",3974,"Unity New Input System : \bUnityEngine\.InputSystem\b","private UnityEngine.InputSystem.Controls.AxisControl Initialize_ctrlTouchscreentouch2positionx(InternedString kAxisLayout, InputControl parent)"
"Packages/com.unity.inputsystem/InputSystem/Devices/Precompiled/FastTouchscreen.cs",3976,"Unity New Input System : \bUnityEngine\.InputSystem\b","var ctrlTouchscreentouch2positionx = new UnityEngine.InputSystem.Controls.AxisControl();"
"Packages/com.unity.inputsystem/InputSystem/Devices/Precompiled/FastTouchscreen.cs",3996,"Unity New Input System : \bUnityEngine\.InputSystem\b","private UnityEngine.InputSystem.Controls.AxisControl Initialize_ctrlTouchscreentouch2positiony(InternedString kAxisLayout, InputControl parent)"
"Packages/com.unity.inputsystem/InputSystem/Devices/Precompiled/FastTouchscreen.cs",3998,"Unity New Input System : \bUnityEngine\.InputSystem\b","var ctrlTouchscreentouch2positiony = new UnityEngine.InputSystem.Controls.AxisControl();"
"Packages/com.unity.inputsystem/InputSystem/Devices/Precompiled/FastTouchscreen.cs",4018,"Unity New Input System : \bUnityEngine\.InputSystem\b","private UnityEngine.InputSystem.Controls.AxisControl Initialize_ctrlTouchscreentouch2deltaup(InternedString kAxisLayout, InputControl parent)"
"Packages/com.unity.inputsystem/InputSystem/Devices/Precompiled/FastTouchscreen.cs",4020,"Unity New Input System : \bUnityEngine\.InputSystem\b","var ctrlTouchscreentouch2deltaup = new UnityEngine.InputSystem.Controls.AxisControl { clamp = UnityEngine.InputSystem.Controls.AxisControl.Clamp.BeforeNormalize, clampMax = 3.402823E+38f };"
"Packages/com.unity.inputsystem/InputSystem/Devices/Precompiled/FastTouchscreen.cs",4040,"Unity New Input System : \bUnityEngine\.InputSystem\b","private UnityEngine.InputSystem.Controls.AxisControl Initialize_ctrlTouchscreentouch2deltadown(InternedString kAxisLayout, InputControl parent)"
"Packages/com.unity.inputsystem/InputSystem/Devices/Precompiled/FastTouchscreen.cs",4042,"Unity New Input System : \bUnityEngine\.InputSystem\b","var ctrlTouchscreentouch2deltadown = new UnityEngine.InputSystem.Controls.AxisControl { clamp = UnityEngine.InputSystem.Controls.AxisControl.Clamp.BeforeNormalize, clampMin = -3.402823E+38f, invert = true };"
"Packages/com.unity.inputsystem/InputSystem/Devices/Precompiled/FastTouchscreen.cs",4062,"Unity New Input System : \bUnityEngine\.InputSystem\b","private UnityEngine.InputSystem.Controls.AxisControl Initialize_ctrlTouchscreentouch2deltaleft(InternedString kAxisLayout, InputControl parent)"
"Packages/com.unity.inputsystem/InputSystem/Devices/Precompiled/FastTouchscreen.cs",4064,"Unity New Input System : \bUnityEngine\.InputSystem\b","var ctrlTouchscreentouch2deltaleft = new UnityEngine.InputSystem.Controls.AxisControl { clamp = UnityEngine.InputSystem.Controls.AxisControl.Clamp.BeforeNormalize, clampMin = -3.402823E+38f, invert = true };"
"Packages/com.unity.inputsystem/InputSystem/Devices/Precompiled/FastTouchscreen.cs",4084,"Unity New Input System : \bUnityEngine\.InputSystem\b","private UnityEngine.InputSystem.Controls.AxisControl Initialize_ctrlTouchscreentouch2deltaright(InternedString kAxisLayout, InputControl parent)"
"Packages/com.unity.inputsystem/InputSystem/Devices/Precompiled/FastTouchscreen.cs",4086,"Unity New Input System : \bUnityEngine\.InputSystem\b","var ctrlTouchscreentouch2deltaright = new UnityEngine.InputSystem.Controls.AxisControl { clamp = UnityEngine.InputSystem.Controls.AxisControl.Clamp.BeforeNormalize, clampMax = 3.402823E+38f };"
"Packages/com.unity.inputsystem/InputSystem/Devices/Precompiled/FastTouchscreen.cs",4106,"Unity New Input System : \bUnityEngine\.InputSystem\b","private UnityEngine.InputSystem.Controls.AxisControl Initialize_ctrlTouchscreentouch2deltax(InternedString kAxisLayout, InputControl parent)"
"Packages/com.unity.inputsystem/InputSystem/Devices/Precompiled/FastTouchscreen.cs",4108,"Unity New Input System : \bUnityEngine\.InputSystem\b","var ctrlTouchscreentouch2deltax = new UnityEngine.InputSystem.Controls.AxisControl();"
"Packages/com.unity.inputsystem/InputSystem/Devices/Precompiled/FastTouchscreen.cs",4127,"Unity New Input System : \bUnityEngine\.InputSystem\b","private UnityEngine.InputSystem.Controls.AxisControl Initialize_ctrlTouchscreentouch2deltay(InternedString kAxisLayout, InputControl parent)"
"Packages/com.unity.inputsystem/InputSystem/Devices/Precompiled/FastTouchscreen.cs",4129,"Unity New Input System : \bUnityEngine\.InputSystem\b","var ctrlTouchscreentouch2deltay = new UnityEngine.InputSystem.Controls.AxisControl();"
"Packages/com.unity.inputsystem/InputSystem/Devices/Precompiled/FastTouchscreen.cs",4148,"Unity New Input System : \bUnityEngine\.InputSystem\b","private UnityEngine.InputSystem.Controls.AxisControl Initialize_ctrlTouchscreentouch2radiusx(InternedString kAxisLayout, InputControl parent)"
"Packages/com.unity.inputsystem/InputSystem/Devices/Precompiled/FastTouchscreen.cs",4150,"Unity New Input System : \bUnityEngine\.InputSystem\b","var ctrlTouchscreentouch2radiusx = new UnityEngine.InputSystem.Controls.AxisControl();"
"Packages/com.unity.inputsystem/InputSystem/Devices/Precompiled/FastTouchscreen.cs",4169,"Unity New Input System : \bUnityEngine\.InputSystem\b","private UnityEngine.InputSystem.Controls.AxisControl Initialize_ctrlTouchscreentouch2radiusy(InternedString kAxisLayout, InputControl parent)"
"Packages/com.unity.inputsystem/InputSystem/Devices/Precompiled/FastTouchscreen.cs",4171,"Unity New Input System : \bUnityEngine\.InputSystem\b","var ctrlTouchscreentouch2radiusy = new UnityEngine.InputSystem.Controls.AxisControl();"
"Packages/com.unity.inputsystem/InputSystem/Devices/Precompiled/FastTouchscreen.cs",4190,"Unity New Input System : \bUnityEngine\.InputSystem\b","private UnityEngine.InputSystem.Controls.AxisControl Initialize_ctrlTouchscreentouch2startPositionx(InternedString kAxisLayout, InputControl parent)"
"Packages/com.unity.inputsystem/InputSystem/Devices/Precompiled/FastTouchscreen.cs",4192,"Unity New Input System : \bUnityEngine\.InputSystem\b","var ctrlTouchscreentouch2startPositionx = new UnityEngine.InputSystem.Controls.AxisControl();"
"Packages/com.unity.inputsystem/InputSystem/Devices/Precompiled/FastTouchscreen.cs",4211,"Unity New Input System : \bUnityEngine\.InputSystem\b","private UnityEngine.InputSystem.Controls.AxisControl Initialize_ctrlTouchscreentouch2startPositiony(InternedString kAxisLayout, InputControl parent)"
"Packages/com.unity.inputsystem/InputSystem/Devices/Precompiled/FastTouchscreen.cs",4213,"Unity New Input System : \bUnityEngine\.InputSystem\b","var ctrlTouchscreentouch2startPositiony = new UnityEngine.InputSystem.Controls.AxisControl();"
"Packages/com.unity.inputsystem/InputSystem/Devices/Precompiled/FastTouchscreen.cs",4232,"Unity New Input System : \bUnityEngine\.InputSystem\b","private UnityEngine.InputSystem.Controls.IntegerControl Initialize_ctrlTouchscreentouch3touchId(InternedString kIntegerLayout, InputControl parent)"
"Packages/com.unity.inputsystem/InputSystem/Devices/Precompiled/FastTouchscreen.cs",4234,"Unity New Input System : \bUnityEngine\.InputSystem\b","var ctrlTouchscreentouch3touchId = new UnityEngine.InputSystem.Controls.IntegerControl();"
"Packages/com.unity.inputsystem/InputSystem/Devices/Precompiled/FastTouchscreen.cs",4255,"Unity New Input System : \bUnityEngine\.InputSystem\b","private UnityEngine.InputSystem.Controls.Vector2Control Initialize_ctrlTouchscreentouch3position(InternedString kVector2Layout, InputControl parent)"
"Packages/com.unity.inputsystem/InputSystem/Devices/Precompiled/FastTouchscreen.cs",4257,"Unity New Input System : \bUnityEngine\.InputSystem\b","var ctrlTouchscreentouch3position = new UnityEngine.InputSystem.Controls.Vector2Control();"
"Packages/com.unity.inputsystem/InputSystem/Devices/Precompiled/FastTouchscreen.cs",4278,"Unity New Input System : \bUnityEngine\.InputSystem\b","private UnityEngine.InputSystem.Controls.DeltaControl Initialize_ctrlTouchscreentouch3delta(InternedString kDeltaLayout, InputControl parent)"
"Packages/com.unity.inputsystem/InputSystem/Devices/Precompiled/FastTouchscreen.cs",4280,"Unity New Input System : \bUnityEngine\.InputSystem\b","var ctrlTouchscreentouch3delta = new UnityEngine.InputSystem.Controls.DeltaControl();"
"Packages/com.unity.inputsystem/InputSystem/Devices/Precompiled/FastTouchscreen.cs",4300,"Unity New Input System : \bUnityEngine\.InputSystem\b","private UnityEngine.InputSystem.Controls.AxisControl Initialize_ctrlTouchscreentouch3pressure(InternedString kAxisLayout, InputControl parent)"
"Packages/com.unity.inputsystem/InputSystem/Devices/Precompiled/FastTouchscreen.cs",4302,"Unity New Input System : \bUnityEngine\.InputSystem\b","var ctrlTouchscreentouch3pressure = new UnityEngine.InputSystem.Controls.AxisControl();"
"Packages/com.unity.inputsystem/InputSystem/Devices/Precompiled/FastTouchscreen.cs",4321,"Unity New Input System : \bUnityEngine\.InputSystem\b","private UnityEngine.InputSystem.Controls.Vector2Control Initialize_ctrlTouchscreentouch3radius(InternedString kVector2Layout, InputControl parent)"
"Packages/com.unity.inputsystem/InputSystem/Devices/Precompiled/FastTouchscreen.cs",4323,"Unity New Input System : \bUnityEngine\.InputSystem\b","var ctrlTouchscreentouch3radius = new UnityEngine.InputSystem.Controls.Vector2Control();"
"Packages/com.unity.inputsystem/InputSystem/Devices/Precompiled/FastTouchscreen.cs",4343,"Unity New Input System : \bUnityEngine\.InputSystem\b","private UnityEngine.InputSystem.Controls.TouchPhaseControl Initialize_ctrlTouchscreentouch3phase(InternedString kTouchPhaseLayout, InputControl parent)"
"Packages/com.unity.inputsystem/InputSystem/Devices/Precompiled/FastTouchscreen.cs",4345,"Unity New Input System : \bUnityEngine\.InputSystem\b","var ctrlTouchscreentouch3phase = new UnityEngine.InputSystem.Controls.TouchPhaseControl();"
"Packages/com.unity.inputsystem/InputSystem/Devices/Precompiled/FastTouchscreen.cs",4365,"Unity New Input System : \bUnityEngine\.InputSystem\b","private UnityEngine.InputSystem.Controls.TouchPressControl Initialize_ctrlTouchscreentouch3press(InternedString kTouchPressLayout, InputControl parent)"
"Packages/com.unity.inputsystem/InputSystem/Devices/Precompiled/FastTouchscreen.cs",4367,"Unity New Input System : \bUnityEngine\.InputSystem\b","var ctrlTouchscreentouch3press = new UnityEngine.InputSystem.Controls.TouchPressControl();"
"Packages/com.unity.inputsystem/InputSystem/Devices/Precompiled/FastTouchscreen.cs",4388,"Unity New Input System : \bUnityEngine\.InputSystem\b","private UnityEngine.InputSystem.Controls.IntegerControl Initialize_ctrlTouchscreentouch3tapCount(InternedString kIntegerLayout, InputControl parent)"
"Packages/com.unity.inputsystem/InputSystem/Devices/Precompiled/FastTouchscreen.cs",4390,"Unity New Input System : \bUnityEngine\.InputSystem\b","var ctrlTouchscreentouch3tapCount = new UnityEngine.InputSystem.Controls.IntegerControl();"
"Packages/com.unity.inputsystem/InputSystem/Devices/Precompiled/FastTouchscreen.cs",4409,"Unity New Input System : \bUnityEngine\.InputSystem\b","private UnityEngine.InputSystem.Controls.IntegerControl Initialize_ctrlTouchscreentouch3displayIndex(InternedString kIntegerLayout, InputControl parent)"
"Packages/com.unity.inputsystem/InputSystem/Devices/Precompiled/FastTouchscreen.cs",4411,"Unity New Input System : \bUnityEngine\.InputSystem\b","var ctrlTouchscreentouch3displayIndex = new UnityEngine.InputSystem.Controls.IntegerControl();"
"Packages/com.unity.inputsystem/InputSystem/Devices/Precompiled/FastTouchscreen.cs",4430,"Unity New Input System : \bUnityEngine\.InputSystem\b","private UnityEngine.InputSystem.Controls.ButtonControl Initialize_ctrlTouchscreentouch3indirectTouch(InternedString kButtonLayout, InputControl parent)"
"Packages/com.unity.inputsystem/InputSystem/Devices/Precompiled/FastTouchscreen.cs",4432,"Unity New Input System : \bUnityEngine\.InputSystem\b","var ctrlTouchscreentouch3indirectTouch = new UnityEngine.InputSystem.Controls.ButtonControl();"
"Packages/com.unity.inputsystem/InputSystem/Devices/Precompiled/FastTouchscreen.cs",4454,"Unity New Input System : \bUnityEngine\.InputSystem\b","private UnityEngine.InputSystem.Controls.ButtonControl Initialize_ctrlTouchscreentouch3tap(InternedString kButtonLayout, InputControl parent)"
"Packages/com.unity.inputsystem/InputSystem/Devices/Precompiled/FastTouchscreen.cs",4456,"Unity New Input System : \bUnityEngine\.InputSystem\b","var ctrlTouchscreentouch3tap = new UnityEngine.InputSystem.Controls.ButtonControl();"
"Packages/com.unity.inputsystem/InputSystem/Devices/Precompiled/FastTouchscreen.cs",4477,"Unity New Input System : \bUnityEngine\.InputSystem\b","private UnityEngine.InputSystem.Controls.DoubleControl Initialize_ctrlTouchscreentouch3startTime(InternedString kDoubleLayout, InputControl parent)"
"Packages/com.unity.inputsystem/InputSystem/Devices/Precompiled/FastTouchscreen.cs",4479,"Unity New Input System : \bUnityEngine\.InputSystem\b","var ctrlTouchscreentouch3startTime = new UnityEngine.InputSystem.Controls.DoubleControl();"
"Packages/com.unity.inputsystem/InputSystem/Devices/Precompiled/FastTouchscreen.cs",4499,"Unity New Input System : \bUnityEngine\.InputSystem\b","private UnityEngine.InputSystem.Controls.Vector2Control Initialize_ctrlTouchscreentouch3startPosition(InternedString kVector2Layout, InputControl parent)"
"Packages/com.unity.inputsystem/InputSystem/Devices/Precompiled/FastTouchscreen.cs",4501,"Unity New Input System : \bUnityEngine\.InputSystem\b","var ctrlTouchscreentouch3startPosition = new UnityEngine.InputSystem.Controls.Vector2Control();"
"Packages/com.unity.inputsystem/InputSystem/Devices/Precompiled/FastTouchscreen.cs",4522,"Unity New Input System : \bUnityEngine\.InputSystem\b","private UnityEngine.InputSystem.Controls.AxisControl Initialize_ctrlTouchscreentouch3positionx(InternedString kAxisLayout, InputControl parent)"
"Packages/com.unity.inputsystem/InputSystem/Devices/Precompiled/FastTouchscreen.cs",4524,"Unity New Input System : \bUnityEngine\.InputSystem\b","var ctrlTouchscreentouch3positionx = new UnityEngine.InputSystem.Controls.AxisControl();"
"Packages/com.unity.inputsystem/InputSystem/Devices/Precompiled/FastTouchscreen.cs",4544,"Unity New Input System : \bUnityEngine\.InputSystem\b","private UnityEngine.InputSystem.Controls.AxisControl Initialize_ctrlTouchscreentouch3positiony(InternedString kAxisLayout, InputControl parent)"
"Packages/com.unity.inputsystem/InputSystem/Devices/Precompiled/FastTouchscreen.cs",4546,"Unity New Input System : \bUnityEngine\.InputSystem\b","var ctrlTouchscreentouch3positiony = new UnityEngine.InputSystem.Controls.AxisControl();"
"Packages/com.unity.inputsystem/InputSystem/Devices/Precompiled/FastTouchscreen.cs",4566,"Unity New Input System : \bUnityEngine\.InputSystem\b","private UnityEngine.InputSystem.Controls.AxisControl Initialize_ctrlTouchscreentouch3deltaup(InternedString kAxisLayout, InputControl parent)"
"Packages/com.unity.inputsystem/InputSystem/Devices/Precompiled/FastTouchscreen.cs",4568,"Unity New Input System : \bUnityEngine\.InputSystem\b","var ctrlTouchscreentouch3deltaup = new UnityEngine.InputSystem.Controls.AxisControl { clamp = UnityEngine.InputSystem.Controls.AxisControl.Clamp.BeforeNormalize, clampMax = 3.402823E+38f };"
"Packages/com.unity.inputsystem/InputSystem/Devices/Precompiled/FastTouchscreen.cs",4588,"Unity New Input System : \bUnityEngine\.InputSystem\b","private UnityEngine.InputSystem.Controls.AxisControl Initialize_ctrlTouchscreentouch3deltadown(InternedString kAxisLayout, InputControl parent)"
"Packages/com.unity.inputsystem/InputSystem/Devices/Precompiled/FastTouchscreen.cs",4590,"Unity New Input System : \bUnityEngine\.InputSystem\b","var ctrlTouchscreentouch3deltadown = new UnityEngine.InputSystem.Controls.AxisControl { clamp = UnityEngine.InputSystem.Controls.AxisControl.Clamp.BeforeNormalize, clampMin = -3.402823E+38f, invert = true };"
"Packages/com.unity.inputsystem/InputSystem/Devices/Precompiled/FastTouchscreen.cs",4610,"Unity New Input System : \bUnityEngine\.InputSystem\b","private UnityEngine.InputSystem.Controls.AxisControl Initialize_ctrlTouchscreentouch3deltaleft(InternedString kAxisLayout, InputControl parent)"
"Packages/com.unity.inputsystem/InputSystem/Devices/Precompiled/FastTouchscreen.cs",4612,"Unity New Input System : \bUnityEngine\.InputSystem\b","var ctrlTouchscreentouch3deltaleft = new UnityEngine.InputSystem.Controls.AxisControl { clamp = UnityEngine.InputSystem.Controls.AxisControl.Clamp.BeforeNormalize, clampMin = -3.402823E+38f, invert = true };"
"Packages/com.unity.inputsystem/InputSystem/Devices/Precompiled/FastTouchscreen.cs",4632,"Unity New Input System : \bUnityEngine\.InputSystem\b","private UnityEngine.InputSystem.Controls.AxisControl Initialize_ctrlTouchscreentouch3deltaright(InternedString kAxisLayout, InputControl parent)"
"Packages/com.unity.inputsystem/InputSystem/Devices/Precompiled/FastTouchscreen.cs",4634,"Unity New Input System : \bUnityEngine\.InputSystem\b","var ctrlTouchscreentouch3deltaright = new UnityEngine.InputSystem.Controls.AxisControl { clamp = UnityEngine.InputSystem.Controls.AxisControl.Clamp.BeforeNormalize, clampMax = 3.402823E+38f };"
"Packages/com.unity.inputsystem/InputSystem/Devices/Precompiled/FastTouchscreen.cs",4654,"Unity New Input System : \bUnityEngine\.InputSystem\b","private UnityEngine.InputSystem.Controls.AxisControl Initialize_ctrlTouchscreentouch3deltax(InternedString kAxisLayout, InputControl parent)"
"Packages/com.unity.inputsystem/InputSystem/Devices/Precompiled/FastTouchscreen.cs",4656,"Unity New Input System : \bUnityEngine\.InputSystem\b","var ctrlTouchscreentouch3deltax = new UnityEngine.InputSystem.Controls.AxisControl();"
"Packages/com.unity.inputsystem/InputSystem/Devices/Precompiled/FastTouchscreen.cs",4675,"Unity New Input System : \bUnityEngine\.InputSystem\b","private UnityEngine.InputSystem.Controls.AxisControl Initialize_ctrlTouchscreentouch3deltay(InternedString kAxisLayout, InputControl parent)"
"Packages/com.unity.inputsystem/InputSystem/Devices/Precompiled/FastTouchscreen.cs",4677,"Unity New Input System : \bUnityEngine\.InputSystem\b","var ctrlTouchscreentouch3deltay = new UnityEngine.InputSystem.Controls.AxisControl();"
"Packages/com.unity.inputsystem/InputSystem/Devices/Precompiled/FastTouchscreen.cs",4696,"Unity New Input System : \bUnityEngine\.InputSystem\b","private UnityEngine.InputSystem.Controls.AxisControl Initialize_ctrlTouchscreentouch3radiusx(InternedString kAxisLayout, InputControl parent)"
"Packages/com.unity.inputsystem/InputSystem/Devices/Precompiled/FastTouchscreen.cs",4698,"Unity New Input System : \bUnityEngine\.InputSystem\b","var ctrlTouchscreentouch3radiusx = new UnityEngine.InputSystem.Controls.AxisControl();"
"Packages/com.unity.inputsystem/InputSystem/Devices/Precompiled/FastTouchscreen.cs",4717,"Unity New Input System : \bUnityEngine\.InputSystem\b","private UnityEngine.InputSystem.Controls.AxisControl Initialize_ctrlTouchscreentouch3radiusy(InternedString kAxisLayout, InputControl parent)"
"Packages/com.unity.inputsystem/InputSystem/Devices/Precompiled/FastTouchscreen.cs",4719,"Unity New Input System : \bUnityEngine\.InputSystem\b","var ctrlTouchscreentouch3radiusy = new UnityEngine.InputSystem.Controls.AxisControl();"
"Packages/com.unity.inputsystem/InputSystem/Devices/Precompiled/FastTouchscreen.cs",4738,"Unity New Input System : \bUnityEngine\.InputSystem\b","private UnityEngine.InputSystem.Controls.AxisControl Initialize_ctrlTouchscreentouch3startPositionx(InternedString kAxisLayout, InputControl parent)"
"Packages/com.unity.inputsystem/InputSystem/Devices/Precompiled/FastTouchscreen.cs",4740,"Unity New Input System : \bUnityEngine\.InputSystem\b","var ctrlTouchscreentouch3startPositionx = new UnityEngine.InputSystem.Controls.AxisControl();"
"Packages/com.unity.inputsystem/InputSystem/Devices/Precompiled/FastTouchscreen.cs",4759,"Unity New Input System : \bUnityEngine\.InputSystem\b","private UnityEngine.InputSystem.Controls.AxisControl Initialize_ctrlTouchscreentouch3startPositiony(InternedString kAxisLayout, InputControl parent)"
"Packages/com.unity.inputsystem/InputSystem/Devices/Precompiled/FastTouchscreen.cs",4761,"Unity New Input System : \bUnityEngine\.InputSystem\b","var ctrlTouchscreentouch3startPositiony = new UnityEngine.InputSystem.Controls.AxisControl();"
"Packages/com.unity.inputsystem/InputSystem/Devices/Precompiled/FastTouchscreen.cs",4780,"Unity New Input System : \bUnityEngine\.InputSystem\b","private UnityEngine.InputSystem.Controls.IntegerControl Initialize_ctrlTouchscreentouch4touchId(InternedString kIntegerLayout, InputControl parent)"
"Packages/com.unity.inputsystem/InputSystem/Devices/Precompiled/FastTouchscreen.cs",4782,"Unity New Input System : \bUnityEngine\.InputSystem\b","var ctrlTouchscreentouch4touchId = new UnityEngine.InputSystem.Controls.IntegerControl();"
"Packages/com.unity.inputsystem/InputSystem/Devices/Precompiled/FastTouchscreen.cs",4803,"Unity New Input System : \bUnityEngine\.InputSystem\b","private UnityEngine.InputSystem.Controls.Vector2Control Initialize_ctrlTouchscreentouch4position(InternedString kVector2Layout, InputControl parent)"
"Packages/com.unity.inputsystem/InputSystem/Devices/Precompiled/FastTouchscreen.cs",4805,"Unity New Input System : \bUnityEngine\.InputSystem\b","var ctrlTouchscreentouch4position = new UnityEngine.InputSystem.Controls.Vector2Control();"
"Packages/com.unity.inputsystem/InputSystem/Devices/Precompiled/FastTouchscreen.cs",4826,"Unity New Input System : \bUnityEngine\.InputSystem\b","private UnityEngine.InputSystem.Controls.DeltaControl Initialize_ctrlTouchscreentouch4delta(InternedString kDeltaLayout, InputControl parent)"
"Packages/com.unity.inputsystem/InputSystem/Devices/Precompiled/FastTouchscreen.cs",4828,"Unity New Input System : \bUnityEngine\.InputSystem\b","var ctrlTouchscreentouch4delta = new UnityEngine.InputSystem.Controls.DeltaControl();"
"Packages/com.unity.inputsystem/InputSystem/Devices/Precompiled/FastTouchscreen.cs",4848,"Unity New Input System : \bUnityEngine\.InputSystem\b","private UnityEngine.InputSystem.Controls.AxisControl Initialize_ctrlTouchscreentouch4pressure(InternedString kAxisLayout, InputControl parent)"
"Packages/com.unity.inputsystem/InputSystem/Devices/Precompiled/FastTouchscreen.cs",4850,"Unity New Input System : \bUnityEngine\.InputSystem\b","var ctrlTouchscreentouch4pressure = new UnityEngine.InputSystem.Controls.AxisControl();"
"Packages/com.unity.inputsystem/InputSystem/Devices/Precompiled/FastTouchscreen.cs",4869,"Unity New Input System : \bUnityEngine\.InputSystem\b","private UnityEngine.InputSystem.Controls.Vector2Control Initialize_ctrlTouchscreentouch4radius(InternedString kVector2Layout, InputControl parent)"
"Packages/com.unity.inputsystem/InputSystem/Devices/Precompiled/FastTouchscreen.cs",4871,"Unity New Input System : \bUnityEngine\.InputSystem\b","var ctrlTouchscreentouch4radius = new UnityEngine.InputSystem.Controls.Vector2Control();"
"Packages/com.unity.inputsystem/InputSystem/Devices/Precompiled/FastTouchscreen.cs",4891,"Unity New Input System : \bUnityEngine\.InputSystem\b","private UnityEngine.InputSystem.Controls.TouchPhaseControl Initialize_ctrlTouchscreentouch4phase(InternedString kTouchPhaseLayout, InputControl parent)"
"Packages/com.unity.inputsystem/InputSystem/Devices/Precompiled/FastTouchscreen.cs",4893,"Unity New Input System : \bUnityEngine\.InputSystem\b","var ctrlTouchscreentouch4phase = new UnityEngine.InputSystem.Controls.TouchPhaseControl();"
"Packages/com.unity.inputsystem/InputSystem/Devices/Precompiled/FastTouchscreen.cs",4913,"Unity New Input System : \bUnityEngine\.InputSystem\b","private UnityEngine.InputSystem.Controls.TouchPressControl Initialize_ctrlTouchscreentouch4press(InternedString kTouchPressLayout, InputControl parent)"
"Packages/com.unity.inputsystem/InputSystem/Devices/Precompiled/FastTouchscreen.cs",4915,"Unity New Input System : \bUnityEngine\.InputSystem\b","var ctrlTouchscreentouch4press = new UnityEngine.InputSystem.Controls.TouchPressControl();"
"Packages/com.unity.inputsystem/InputSystem/Devices/Precompiled/FastTouchscreen.cs",4936,"Unity New Input System : \bUnityEngine\.InputSystem\b","private UnityEngine.InputSystem.Controls.IntegerControl Initialize_ctrlTouchscreentouch4tapCount(InternedString kIntegerLayout, InputControl parent)"
"Packages/com.unity.inputsystem/InputSystem/Devices/Precompiled/FastTouchscreen.cs",4938,"Unity New Input System : \bUnityEngine\.InputSystem\b","var ctrlTouchscreentouch4tapCount = new UnityEngine.InputSystem.Controls.IntegerControl();"
"Packages/com.unity.inputsystem/InputSystem/Devices/Precompiled/FastTouchscreen.cs",4957,"Unity New Input System : \bUnityEngine\.InputSystem\b","private UnityEngine.InputSystem.Controls.IntegerControl Initialize_ctrlTouchscreentouch4displayIndex(InternedString kIntegerLayout, InputControl parent)"
"Packages/com.unity.inputsystem/InputSystem/Devices/Precompiled/FastTouchscreen.cs",4959,"Unity New Input System : \bUnityEngine\.InputSystem\b","var ctrlTouchscreentouch4displayIndex = new UnityEngine.InputSystem.Controls.IntegerControl();"
"Packages/com.unity.inputsystem/InputSystem/Devices/Precompiled/FastTouchscreen.cs",4978,"Unity New Input System : \bUnityEngine\.InputSystem\b","private UnityEngine.InputSystem.Controls.ButtonControl Initialize_ctrlTouchscreentouch4indirectTouch(InternedString kButtonLayout, InputControl parent)"
"Packages/com.unity.inputsystem/InputSystem/Devices/Precompiled/FastTouchscreen.cs",4980,"Unity New Input System : \bUnityEngine\.InputSystem\b","var ctrlTouchscreentouch4indirectTouch = new UnityEngine.InputSystem.Controls.ButtonControl();"
"Packages/com.unity.inputsystem/InputSystem/Devices/Precompiled/FastTouchscreen.cs",5002,"Unity New Input System : \bUnityEngine\.InputSystem\b","private UnityEngine.InputSystem.Controls.ButtonControl Initialize_ctrlTouchscreentouch4tap(InternedString kButtonLayout, InputControl parent)"
"Packages/com.unity.inputsystem/InputSystem/Devices/Precompiled/FastTouchscreen.cs",5004,"Unity New Input System : \bUnityEngine\.InputSystem\b","var ctrlTouchscreentouch4tap = new UnityEngine.InputSystem.Controls.ButtonControl();"
"Packages/com.unity.inputsystem/InputSystem/Devices/Precompiled/FastTouchscreen.cs",5025,"Unity New Input System : \bUnityEngine\.InputSystem\b","private UnityEngine.InputSystem.Controls.DoubleControl Initialize_ctrlTouchscreentouch4startTime(InternedString kDoubleLayout, InputControl parent)"
"Packages/com.unity.inputsystem/InputSystem/Devices/Precompiled/FastTouchscreen.cs",5027,"Unity New Input System : \bUnityEngine\.InputSystem\b","var ctrlTouchscreentouch4startTime = new UnityEngine.InputSystem.Controls.DoubleControl();"
"Packages/com.unity.inputsystem/InputSystem/Devices/Precompiled/FastTouchscreen.cs",5047,"Unity New Input System : \bUnityEngine\.InputSystem\b","private UnityEngine.InputSystem.Controls.Vector2Control Initialize_ctrlTouchscreentouch4startPosition(InternedString kVector2Layout, InputControl parent)"
"Packages/com.unity.inputsystem/InputSystem/Devices/Precompiled/FastTouchscreen.cs",5049,"Unity New Input System : \bUnityEngine\.InputSystem\b","var ctrlTouchscreentouch4startPosition = new UnityEngine.InputSystem.Controls.Vector2Control();"
"Packages/com.unity.inputsystem/InputSystem/Devices/Precompiled/FastTouchscreen.cs",5070,"Unity New Input System : \bUnityEngine\.InputSystem\b","private UnityEngine.InputSystem.Controls.AxisControl Initialize_ctrlTouchscreentouch4positionx(InternedString kAxisLayout, InputControl parent)"
"Packages/com.unity.inputsystem/InputSystem/Devices/Precompiled/FastTouchscreen.cs",5072,"Unity New Input System : \bUnityEngine\.InputSystem\b","var ctrlTouchscreentouch4positionx = new UnityEngine.InputSystem.Controls.AxisControl();"
"Packages/com.unity.inputsystem/InputSystem/Devices/Precompiled/FastTouchscreen.cs",5092,"Unity New Input System : \bUnityEngine\.InputSystem\b","private UnityEngine.InputSystem.Controls.AxisControl Initialize_ctrlTouchscreentouch4positiony(InternedString kAxisLayout, InputControl parent)"
"Packages/com.unity.inputsystem/InputSystem/Devices/Precompiled/FastTouchscreen.cs",5094,"Unity New Input System : \bUnityEngine\.InputSystem\b","var ctrlTouchscreentouch4positiony = new UnityEngine.InputSystem.Controls.AxisControl();"
"Packages/com.unity.inputsystem/InputSystem/Devices/Precompiled/FastTouchscreen.cs",5114,"Unity New Input System : \bUnityEngine\.InputSystem\b","private UnityEngine.InputSystem.Controls.AxisControl Initialize_ctrlTouchscreentouch4deltaup(InternedString kAxisLayout, InputControl parent)"
"Packages/com.unity.inputsystem/InputSystem/Devices/Precompiled/FastTouchscreen.cs",5116,"Unity New Input System : \bUnityEngine\.InputSystem\b","var ctrlTouchscreentouch4deltaup = new UnityEngine.InputSystem.Controls.AxisControl { clamp = UnityEngine.InputSystem.Controls.AxisControl.Clamp.BeforeNormalize, clampMax = 3.402823E+38f };"
"Packages/com.unity.inputsystem/InputSystem/Devices/Precompiled/FastTouchscreen.cs",5136,"Unity New Input System : \bUnityEngine\.InputSystem\b","private UnityEngine.InputSystem.Controls.AxisControl Initialize_ctrlTouchscreentouch4deltadown(InternedString kAxisLayout, InputControl parent)"
"Packages/com.unity.inputsystem/InputSystem/Devices/Precompiled/FastTouchscreen.cs",5138,"Unity New Input System : \bUnityEngine\.InputSystem\b","var ctrlTouchscreentouch4deltadown = new UnityEngine.InputSystem.Controls.AxisControl { clamp = UnityEngine.InputSystem.Controls.AxisControl.Clamp.BeforeNormalize, clampMin = -3.402823E+38f, invert = true };"
"Packages/com.unity.inputsystem/InputSystem/Devices/Precompiled/FastTouchscreen.cs",5158,"Unity New Input System : \bUnityEngine\.InputSystem\b","private UnityEngine.InputSystem.Controls.AxisControl Initialize_ctrlTouchscreentouch4deltaleft(InternedString kAxisLayout, InputControl parent)"
"Packages/com.unity.inputsystem/InputSystem/Devices/Precompiled/FastTouchscreen.cs",5160,"Unity New Input System : \bUnityEngine\.InputSystem\b","var ctrlTouchscreentouch4deltaleft = new UnityEngine.InputSystem.Controls.AxisControl { clamp = UnityEngine.InputSystem.Controls.AxisControl.Clamp.BeforeNormalize, clampMin = -3.402823E+38f, invert = true };"
"Packages/com.unity.inputsystem/InputSystem/Devices/Precompiled/FastTouchscreen.cs",5180,"Unity New Input System : \bUnityEngine\.InputSystem\b","private UnityEngine.InputSystem.Controls.AxisControl Initialize_ctrlTouchscreentouch4deltaright(InternedString kAxisLayout, InputControl parent)"
"Packages/com.unity.inputsystem/InputSystem/Devices/Precompiled/FastTouchscreen.cs",5182,"Unity New Input System : \bUnityEngine\.InputSystem\b","var ctrlTouchscreentouch4deltaright = new UnityEngine.InputSystem.Controls.AxisControl { clamp = UnityEngine.InputSystem.Controls.AxisControl.Clamp.BeforeNormalize, clampMax = 3.402823E+38f };"
"Packages/com.unity.inputsystem/InputSystem/Devices/Precompiled/FastTouchscreen.cs",5202,"Unity New Input System : \bUnityEngine\.InputSystem\b","private UnityEngine.InputSystem.Controls.AxisControl Initialize_ctrlTouchscreentouch4deltax(InternedString kAxisLayout, InputControl parent)"
"Packages/com.unity.inputsystem/InputSystem/Devices/Precompiled/FastTouchscreen.cs",5204,"Unity New Input System : \bUnityEngine\.InputSystem\b","var ctrlTouchscreentouch4deltax = new UnityEngine.InputSystem.Controls.AxisControl();"
"Packages/com.unity.inputsystem/InputSystem/Devices/Precompiled/FastTouchscreen.cs",5223,"Unity New Input System : \bUnityEngine\.InputSystem\b","private UnityEngine.InputSystem.Controls.AxisControl Initialize_ctrlTouchscreentouch4deltay(InternedString kAxisLayout, InputControl parent)"
"Packages/com.unity.inputsystem/InputSystem/Devices/Precompiled/FastTouchscreen.cs",5225,"Unity New Input System : \bUnityEngine\.InputSystem\b","var ctrlTouchscreentouch4deltay = new UnityEngine.InputSystem.Controls.AxisControl();"
"Packages/com.unity.inputsystem/InputSystem/Devices/Precompiled/FastTouchscreen.cs",5244,"Unity New Input System : \bUnityEngine\.InputSystem\b","private UnityEngine.InputSystem.Controls.AxisControl Initialize_ctrlTouchscreentouch4radiusx(InternedString kAxisLayout, InputControl parent)"
"Packages/com.unity.inputsystem/InputSystem/Devices/Precompiled/FastTouchscreen.cs",5246,"Unity New Input System : \bUnityEngine\.InputSystem\b","var ctrlTouchscreentouch4radiusx = new UnityEngine.InputSystem.Controls.AxisControl();"
"Packages/com.unity.inputsystem/InputSystem/Devices/Precompiled/FastTouchscreen.cs",5265,"Unity New Input System : \bUnityEngine\.InputSystem\b","private UnityEngine.InputSystem.Controls.AxisControl Initialize_ctrlTouchscreentouch4radiusy(InternedString kAxisLayout, InputControl parent)"
"Packages/com.unity.inputsystem/InputSystem/Devices/Precompiled/FastTouchscreen.cs",5267,"Unity New Input System : \bUnityEngine\.InputSystem\b","var ctrlTouchscreentouch4radiusy = new UnityEngine.InputSystem.Controls.AxisControl();"
"Packages/com.unity.inputsystem/InputSystem/Devices/Precompiled/FastTouchscreen.cs",5286,"Unity New Input System : \bUnityEngine\.InputSystem\b","private UnityEngine.InputSystem.Controls.AxisControl Initialize_ctrlTouchscreentouch4startPositionx(InternedString kAxisLayout, InputControl parent)"
"Packages/com.unity.inputsystem/InputSystem/Devices/Precompiled/FastTouchscreen.cs",5288,"Unity New Input System : \bUnityEngine\.InputSystem\b","var ctrlTouchscreentouch4startPositionx = new UnityEngine.InputSystem.Controls.AxisControl();"
"Packages/com.unity.inputsystem/InputSystem/Devices/Precompiled/FastTouchscreen.cs",5307,"Unity New Input System : \bUnityEngine\.InputSystem\b","private UnityEngine.InputSystem.Controls.AxisControl Initialize_ctrlTouchscreentouch4startPositiony(InternedString kAxisLayout, InputControl parent)"
"Packages/com.unity.inputsystem/InputSystem/Devices/Precompiled/FastTouchscreen.cs",5309,"Unity New Input System : \bUnityEngine\.InputSystem\b","var ctrlTouchscreentouch4startPositiony = new UnityEngine.InputSystem.Controls.AxisControl();"
"Packages/com.unity.inputsystem/InputSystem/Devices/Precompiled/FastTouchscreen.cs",5328,"Unity New Input System : \bUnityEngine\.InputSystem\b","private UnityEngine.InputSystem.Controls.IntegerControl Initialize_ctrlTouchscreentouch5touchId(InternedString kIntegerLayout, InputControl parent)"
"Packages/com.unity.inputsystem/InputSystem/Devices/Precompiled/FastTouchscreen.cs",5330,"Unity New Input System : \bUnityEngine\.InputSystem\b","var ctrlTouchscreentouch5touchId = new UnityEngine.InputSystem.Controls.IntegerControl();"
"Packages/com.unity.inputsystem/InputSystem/Devices/Precompiled/FastTouchscreen.cs",5351,"Unity New Input System : \bUnityEngine\.InputSystem\b","private UnityEngine.InputSystem.Controls.Vector2Control Initialize_ctrlTouchscreentouch5position(InternedString kVector2Layout, InputControl parent)"
"Packages/com.unity.inputsystem/InputSystem/Devices/Precompiled/FastTouchscreen.cs",5353,"Unity New Input System : \bUnityEngine\.InputSystem\b","var ctrlTouchscreentouch5position = new UnityEngine.InputSystem.Controls.Vector2Control();"
"Packages/com.unity.inputsystem/InputSystem/Devices/Precompiled/FastTouchscreen.cs",5374,"Unity New Input System : \bUnityEngine\.InputSystem\b","private UnityEngine.InputSystem.Controls.DeltaControl Initialize_ctrlTouchscreentouch5delta(InternedString kDeltaLayout, InputControl parent)"
"Packages/com.unity.inputsystem/InputSystem/Devices/Precompiled/FastTouchscreen.cs",5376,"Unity New Input System : \bUnityEngine\.InputSystem\b","var ctrlTouchscreentouch5delta = new UnityEngine.InputSystem.Controls.DeltaControl();"
"Packages/com.unity.inputsystem/InputSystem/Devices/Precompiled/FastTouchscreen.cs",5396,"Unity New Input System : \bUnityEngine\.InputSystem\b","private UnityEngine.InputSystem.Controls.AxisControl Initialize_ctrlTouchscreentouch5pressure(InternedString kAxisLayout, InputControl parent)"
"Packages/com.unity.inputsystem/InputSystem/Devices/Precompiled/FastTouchscreen.cs",5398,"Unity New Input System : \bUnityEngine\.InputSystem\b","var ctrlTouchscreentouch5pressure = new UnityEngine.InputSystem.Controls.AxisControl();"
"Packages/com.unity.inputsystem/InputSystem/Devices/Precompiled/FastTouchscreen.cs",5417,"Unity New Input System : \bUnityEngine\.InputSystem\b","private UnityEngine.InputSystem.Controls.Vector2Control Initialize_ctrlTouchscreentouch5radius(InternedString kVector2Layout, InputControl parent)"
"Packages/com.unity.inputsystem/InputSystem/Devices/Precompiled/FastTouchscreen.cs",5419,"Unity New Input System : \bUnityEngine\.InputSystem\b","var ctrlTouchscreentouch5radius = new UnityEngine.InputSystem.Controls.Vector2Control();"
"Packages/com.unity.inputsystem/InputSystem/Devices/Precompiled/FastTouchscreen.cs",5439,"Unity New Input System : \bUnityEngine\.InputSystem\b","private UnityEngine.InputSystem.Controls.TouchPhaseControl Initialize_ctrlTouchscreentouch5phase(InternedString kTouchPhaseLayout, InputControl parent)"
"Packages/com.unity.inputsystem/InputSystem/Devices/Precompiled/FastTouchscreen.cs",5441,"Unity New Input System : \bUnityEngine\.InputSystem\b","var ctrlTouchscreentouch5phase = new UnityEngine.InputSystem.Controls.TouchPhaseControl();"
"Packages/com.unity.inputsystem/InputSystem/Devices/Precompiled/FastTouchscreen.cs",5461,"Unity New Input System : \bUnityEngine\.InputSystem\b","private UnityEngine.InputSystem.Controls.TouchPressControl Initialize_ctrlTouchscreentouch5press(InternedString kTouchPressLayout, InputControl parent)"
"Packages/com.unity.inputsystem/InputSystem/Devices/Precompiled/FastTouchscreen.cs",5463,"Unity New Input System : \bUnityEngine\.InputSystem\b","var ctrlTouchscreentouch5press = new UnityEngine.InputSystem.Controls.TouchPressControl();"
"Packages/com.unity.inputsystem/InputSystem/Devices/Precompiled/FastTouchscreen.cs",5484,"Unity New Input System : \bUnityEngine\.InputSystem\b","private UnityEngine.InputSystem.Controls.IntegerControl Initialize_ctrlTouchscreentouch5tapCount(InternedString kIntegerLayout, InputControl parent)"
"Packages/com.unity.inputsystem/InputSystem/Devices/Precompiled/FastTouchscreen.cs",5486,"Unity New Input System : \bUnityEngine\.InputSystem\b","var ctrlTouchscreentouch5tapCount = new UnityEngine.InputSystem.Controls.IntegerControl();"
"Packages/com.unity.inputsystem/InputSystem/Devices/Precompiled/FastTouchscreen.cs",5505,"Unity New Input System : \bUnityEngine\.InputSystem\b","private UnityEngine.InputSystem.Controls.IntegerControl Initialize_ctrlTouchscreentouch5displayIndex(InternedString kIntegerLayout, InputControl parent)"
"Packages/com.unity.inputsystem/InputSystem/Devices/Precompiled/FastTouchscreen.cs",5507,"Unity New Input System : \bUnityEngine\.InputSystem\b","var ctrlTouchscreentouch5displayIndex = new UnityEngine.InputSystem.Controls.IntegerControl();"
"Packages/com.unity.inputsystem/InputSystem/Devices/Precompiled/FastTouchscreen.cs",5526,"Unity New Input System : \bUnityEngine\.InputSystem\b","private UnityEngine.InputSystem.Controls.ButtonControl Initialize_ctrlTouchscreentouch5indirectTouch(InternedString kButtonLayout, InputControl parent)"
"Packages/com.unity.inputsystem/InputSystem/Devices/Precompiled/FastTouchscreen.cs",5528,"Unity New Input System : \bUnityEngine\.InputSystem\b","var ctrlTouchscreentouch5indirectTouch = new UnityEngine.InputSystem.Controls.ButtonControl();"
"Packages/com.unity.inputsystem/InputSystem/Devices/Precompiled/FastTouchscreen.cs",5550,"Unity New Input System : \bUnityEngine\.InputSystem\b","private UnityEngine.InputSystem.Controls.ButtonControl Initialize_ctrlTouchscreentouch5tap(InternedString kButtonLayout, InputControl parent)"
"Packages/com.unity.inputsystem/InputSystem/Devices/Precompiled/FastTouchscreen.cs",5552,"Unity New Input System : \bUnityEngine\.InputSystem\b","var ctrlTouchscreentouch5tap = new UnityEngine.InputSystem.Controls.ButtonControl();"
"Packages/com.unity.inputsystem/InputSystem/Devices/Precompiled/FastTouchscreen.cs",5573,"Unity New Input System : \bUnityEngine\.InputSystem\b","private UnityEngine.InputSystem.Controls.DoubleControl Initialize_ctrlTouchscreentouch5startTime(InternedString kDoubleLayout, InputControl parent)"
"Packages/com.unity.inputsystem/InputSystem/Devices/Precompiled/FastTouchscreen.cs",5575,"Unity New Input System : \bUnityEngine\.InputSystem\b","var ctrlTouchscreentouch5startTime = new UnityEngine.InputSystem.Controls.DoubleControl();"
"Packages/com.unity.inputsystem/InputSystem/Devices/Precompiled/FastTouchscreen.cs",5595,"Unity New Input System : \bUnityEngine\.InputSystem\b","private UnityEngine.InputSystem.Controls.Vector2Control Initialize_ctrlTouchscreentouch5startPosition(InternedString kVector2Layout, InputControl parent)"
"Packages/com.unity.inputsystem/InputSystem/Devices/Precompiled/FastTouchscreen.cs",5597,"Unity New Input System : \bUnityEngine\.InputSystem\b","var ctrlTouchscreentouch5startPosition = new UnityEngine.InputSystem.Controls.Vector2Control();"
"Packages/com.unity.inputsystem/InputSystem/Devices/Precompiled/FastTouchscreen.cs",5618,"Unity New Input System : \bUnityEngine\.InputSystem\b","private UnityEngine.InputSystem.Controls.AxisControl Initialize_ctrlTouchscreentouch5positionx(InternedString kAxisLayout, InputControl parent)"
"Packages/com.unity.inputsystem/InputSystem/Devices/Precompiled/FastTouchscreen.cs",5620,"Unity New Input System : \bUnityEngine\.InputSystem\b","var ctrlTouchscreentouch5positionx = new UnityEngine.InputSystem.Controls.AxisControl();"
"Packages/com.unity.inputsystem/InputSystem/Devices/Precompiled/FastTouchscreen.cs",5640,"Unity New Input System : \bUnityEngine\.InputSystem\b","private UnityEngine.InputSystem.Controls.AxisControl Initialize_ctrlTouchscreentouch5positiony(InternedString kAxisLayout, InputControl parent)"
"Packages/com.unity.inputsystem/InputSystem/Devices/Precompiled/FastTouchscreen.cs",5642,"Unity New Input System : \bUnityEngine\.InputSystem\b","var ctrlTouchscreentouch5positiony = new UnityEngine.InputSystem.Controls.AxisControl();"
"Packages/com.unity.inputsystem/InputSystem/Devices/Precompiled/FastTouchscreen.cs",5662,"Unity New Input System : \bUnityEngine\.InputSystem\b","private UnityEngine.InputSystem.Controls.AxisControl Initialize_ctrlTouchscreentouch5deltaup(InternedString kAxisLayout, InputControl parent)"
"Packages/com.unity.inputsystem/InputSystem/Devices/Precompiled/FastTouchscreen.cs",5664,"Unity New Input System : \bUnityEngine\.InputSystem\b","var ctrlTouchscreentouch5deltaup = new UnityEngine.InputSystem.Controls.AxisControl { clamp = UnityEngine.InputSystem.Controls.AxisControl.Clamp.BeforeNormalize, clampMax = 3.402823E+38f };"
"Packages/com.unity.inputsystem/InputSystem/Devices/Precompiled/FastTouchscreen.cs",5684,"Unity New Input System : \bUnityEngine\.InputSystem\b","private UnityEngine.InputSystem.Controls.AxisControl Initialize_ctrlTouchscreentouch5deltadown(InternedString kAxisLayout, InputControl parent)"
"Packages/com.unity.inputsystem/InputSystem/Devices/Precompiled/FastTouchscreen.cs",5686,"Unity New Input System : \bUnityEngine\.InputSystem\b","var ctrlTouchscreentouch5deltadown = new UnityEngine.InputSystem.Controls.AxisControl { clamp = UnityEngine.InputSystem.Controls.AxisControl.Clamp.BeforeNormalize, clampMin = -3.402823E+38f, invert = true };"
"Packages/com.unity.inputsystem/InputSystem/Devices/Precompiled/FastTouchscreen.cs",5706,"Unity New Input System : \bUnityEngine\.InputSystem\b","private UnityEngine.InputSystem.Controls.AxisControl Initialize_ctrlTouchscreentouch5deltaleft(InternedString kAxisLayout, InputControl parent)"
"Packages/com.unity.inputsystem/InputSystem/Devices/Precompiled/FastTouchscreen.cs",5708,"Unity New Input System : \bUnityEngine\.InputSystem\b","var ctrlTouchscreentouch5deltaleft = new UnityEngine.InputSystem.Controls.AxisControl { clamp = UnityEngine.InputSystem.Controls.AxisControl.Clamp.BeforeNormalize, clampMin = -3.402823E+38f, invert = true };"
"Packages/com.unity.inputsystem/InputSystem/Devices/Precompiled/FastTouchscreen.cs",5728,"Unity New Input System : \bUnityEngine\.InputSystem\b","private UnityEngine.InputSystem.Controls.AxisControl Initialize_ctrlTouchscreentouch5deltaright(InternedString kAxisLayout, InputControl parent)"
"Packages/com.unity.inputsystem/InputSystem/Devices/Precompiled/FastTouchscreen.cs",5730,"Unity New Input System : \bUnityEngine\.InputSystem\b","var ctrlTouchscreentouch5deltaright = new UnityEngine.InputSystem.Controls.AxisControl { clamp = UnityEngine.InputSystem.Controls.AxisControl.Clamp.BeforeNormalize, clampMax = 3.402823E+38f };"
"Packages/com.unity.inputsystem/InputSystem/Devices/Precompiled/FastTouchscreen.cs",5750,"Unity New Input System : \bUnityEngine\.InputSystem\b","private UnityEngine.InputSystem.Controls.AxisControl Initialize_ctrlTouchscreentouch5deltax(InternedString kAxisLayout, InputControl parent)"
"Packages/com.unity.inputsystem/InputSystem/Devices/Precompiled/FastTouchscreen.cs",5752,"Unity New Input System : \bUnityEngine\.InputSystem\b","var ctrlTouchscreentouch5deltax = new UnityEngine.InputSystem.Controls.AxisControl();"
"Packages/com.unity.inputsystem/InputSystem/Devices/Precompiled/FastTouchscreen.cs",5771,"Unity New Input System : \bUnityEngine\.InputSystem\b","private UnityEngine.InputSystem.Controls.AxisControl Initialize_ctrlTouchscreentouch5deltay(InternedString kAxisLayout, InputControl parent)"
"Packages/com.unity.inputsystem/InputSystem/Devices/Precompiled/FastTouchscreen.cs",5773,"Unity New Input System : \bUnityEngine\.InputSystem\b","var ctrlTouchscreentouch5deltay = new UnityEngine.InputSystem.Controls.AxisControl();"
"Packages/com.unity.inputsystem/InputSystem/Devices/Precompiled/FastTouchscreen.cs",5792,"Unity New Input System : \bUnityEngine\.InputSystem\b","private UnityEngine.InputSystem.Controls.AxisControl Initialize_ctrlTouchscreentouch5radiusx(InternedString kAxisLayout, InputControl parent)"
"Packages/com.unity.inputsystem/InputSystem/Devices/Precompiled/FastTouchscreen.cs",5794,"Unity New Input System : \bUnityEngine\.InputSystem\b","var ctrlTouchscreentouch5radiusx = new UnityEngine.InputSystem.Controls.AxisControl();"
"Packages/com.unity.inputsystem/InputSystem/Devices/Precompiled/FastTouchscreen.cs",5813,"Unity New Input System : \bUnityEngine\.InputSystem\b","private UnityEngine.InputSystem.Controls.AxisControl Initialize_ctrlTouchscreentouch5radiusy(InternedString kAxisLayout, InputControl parent)"
"Packages/com.unity.inputsystem/InputSystem/Devices/Precompiled/FastTouchscreen.cs",5815,"Unity New Input System : \bUnityEngine\.InputSystem\b","var ctrlTouchscreentouch5radiusy = new UnityEngine.InputSystem.Controls.AxisControl();"
"Packages/com.unity.inputsystem/InputSystem/Devices/Precompiled/FastTouchscreen.cs",5834,"Unity New Input System : \bUnityEngine\.InputSystem\b","private UnityEngine.InputSystem.Controls.AxisControl Initialize_ctrlTouchscreentouch5startPositionx(InternedString kAxisLayout, InputControl parent)"
"Packages/com.unity.inputsystem/InputSystem/Devices/Precompiled/FastTouchscreen.cs",5836,"Unity New Input System : \bUnityEngine\.InputSystem\b","var ctrlTouchscreentouch5startPositionx = new UnityEngine.InputSystem.Controls.AxisControl();"
"Packages/com.unity.inputsystem/InputSystem/Devices/Precompiled/FastTouchscreen.cs",5855,"Unity New Input System : \bUnityEngine\.InputSystem\b","private UnityEngine.InputSystem.Controls.AxisControl Initialize_ctrlTouchscreentouch5startPositiony(InternedString kAxisLayout, InputControl parent)"
"Packages/com.unity.inputsystem/InputSystem/Devices/Precompiled/FastTouchscreen.cs",5857,"Unity New Input System : \bUnityEngine\.InputSystem\b","var ctrlTouchscreentouch5startPositiony = new UnityEngine.InputSystem.Controls.AxisControl();"
"Packages/com.unity.inputsystem/InputSystem/Devices/Precompiled/FastTouchscreen.cs",5876,"Unity New Input System : \bUnityEngine\.InputSystem\b","private UnityEngine.InputSystem.Controls.IntegerControl Initialize_ctrlTouchscreentouch6touchId(InternedString kIntegerLayout, InputControl parent)"
"Packages/com.unity.inputsystem/InputSystem/Devices/Precompiled/FastTouchscreen.cs",5878,"Unity New Input System : \bUnityEngine\.InputSystem\b","var ctrlTouchscreentouch6touchId = new UnityEngine.InputSystem.Controls.IntegerControl();"
"Packages/com.unity.inputsystem/InputSystem/Devices/Precompiled/FastTouchscreen.cs",5899,"Unity New Input System : \bUnityEngine\.InputSystem\b","private UnityEngine.InputSystem.Controls.Vector2Control Initialize_ctrlTouchscreentouch6position(InternedString kVector2Layout, InputControl parent)"
"Packages/com.unity.inputsystem/InputSystem/Devices/Precompiled/FastTouchscreen.cs",5901,"Unity New Input System : \bUnityEngine\.InputSystem\b","var ctrlTouchscreentouch6position = new UnityEngine.InputSystem.Controls.Vector2Control();"
"Packages/com.unity.inputsystem/InputSystem/Devices/Precompiled/FastTouchscreen.cs",5922,"Unity New Input System : \bUnityEngine\.InputSystem\b","private UnityEngine.InputSystem.Controls.DeltaControl Initialize_ctrlTouchscreentouch6delta(InternedString kDeltaLayout, InputControl parent)"
"Packages/com.unity.inputsystem/InputSystem/Devices/Precompiled/FastTouchscreen.cs",5924,"Unity New Input System : \bUnityEngine\.InputSystem\b","var ctrlTouchscreentouch6delta = new UnityEngine.InputSystem.Controls.DeltaControl();"
"Packages/com.unity.inputsystem/InputSystem/Devices/Precompiled/FastTouchscreen.cs",5944,"Unity New Input System : \bUnityEngine\.InputSystem\b","private UnityEngine.InputSystem.Controls.AxisControl Initialize_ctrlTouchscreentouch6pressure(InternedString kAxisLayout, InputControl parent)"
"Packages/com.unity.inputsystem/InputSystem/Devices/Precompiled/FastTouchscreen.cs",5946,"Unity New Input System : \bUnityEngine\.InputSystem\b","var ctrlTouchscreentouch6pressure = new UnityEngine.InputSystem.Controls.AxisControl();"
"Packages/com.unity.inputsystem/InputSystem/Devices/Precompiled/FastTouchscreen.cs",5965,"Unity New Input System : \bUnityEngine\.InputSystem\b","private UnityEngine.InputSystem.Controls.Vector2Control Initialize_ctrlTouchscreentouch6radius(InternedString kVector2Layout, InputControl parent)"
"Packages/com.unity.inputsystem/InputSystem/Devices/Precompiled/FastTouchscreen.cs",5967,"Unity New Input System : \bUnityEngine\.InputSystem\b","var ctrlTouchscreentouch6radius = new UnityEngine.InputSystem.Controls.Vector2Control();"
"Packages/com.unity.inputsystem/InputSystem/Devices/Precompiled/FastTouchscreen.cs",5987,"Unity New Input System : \bUnityEngine\.InputSystem\b","private UnityEngine.InputSystem.Controls.TouchPhaseControl Initialize_ctrlTouchscreentouch6phase(InternedString kTouchPhaseLayout, InputControl parent)"
"Packages/com.unity.inputsystem/InputSystem/Devices/Precompiled/FastTouchscreen.cs",5989,"Unity New Input System : \bUnityEngine\.InputSystem\b","var ctrlTouchscreentouch6phase = new UnityEngine.InputSystem.Controls.TouchPhaseControl();"
"Packages/com.unity.inputsystem/InputSystem/Devices/Precompiled/FastTouchscreen.cs",6009,"Unity New Input System : \bUnityEngine\.InputSystem\b","private UnityEngine.InputSystem.Controls.TouchPressControl Initialize_ctrlTouchscreentouch6press(InternedString kTouchPressLayout, InputControl parent)"
"Packages/com.unity.inputsystem/InputSystem/Devices/Precompiled/FastTouchscreen.cs",6011,"Unity New Input System : \bUnityEngine\.InputSystem\b","var ctrlTouchscreentouch6press = new UnityEngine.InputSystem.Controls.TouchPressControl();"
"Packages/com.unity.inputsystem/InputSystem/Devices/Precompiled/FastTouchscreen.cs",6032,"Unity New Input System : \bUnityEngine\.InputSystem\b","private UnityEngine.InputSystem.Controls.IntegerControl Initialize_ctrlTouchscreentouch6tapCount(InternedString kIntegerLayout, InputControl parent)"
"Packages/com.unity.inputsystem/InputSystem/Devices/Precompiled/FastTouchscreen.cs",6034,"Unity New Input System : \bUnityEngine\.InputSystem\b","var ctrlTouchscreentouch6tapCount = new UnityEngine.InputSystem.Controls.IntegerControl();"
"Packages/com.unity.inputsystem/InputSystem/Devices/Precompiled/FastTouchscreen.cs",6053,"Unity New Input System : \bUnityEngine\.InputSystem\b","private UnityEngine.InputSystem.Controls.IntegerControl Initialize_ctrlTouchscreentouch6displayIndex(InternedString kIntegerLayout, InputControl parent)"
"Packages/com.unity.inputsystem/InputSystem/Devices/Precompiled/FastTouchscreen.cs",6055,"Unity New Input System : \bUnityEngine\.InputSystem\b","var ctrlTouchscreentouch6displayIndex = new UnityEngine.InputSystem.Controls.IntegerControl();"
"Packages/com.unity.inputsystem/InputSystem/Devices/Precompiled/FastTouchscreen.cs",6074,"Unity New Input System : \bUnityEngine\.InputSystem\b","private UnityEngine.InputSystem.Controls.ButtonControl Initialize_ctrlTouchscreentouch6indirectTouch(InternedString kButtonLayout, InputControl parent)"
"Packages/com.unity.inputsystem/InputSystem/Devices/Precompiled/FastTouchscreen.cs",6076,"Unity New Input System : \bUnityEngine\.InputSystem\b","var ctrlTouchscreentouch6indirectTouch = new UnityEngine.InputSystem.Controls.ButtonControl();"
"Packages/com.unity.inputsystem/InputSystem/Devices/Precompiled/FastTouchscreen.cs",6098,"Unity New Input System : \bUnityEngine\.InputSystem\b","private UnityEngine.InputSystem.Controls.ButtonControl Initialize_ctrlTouchscreentouch6tap(InternedString kButtonLayout, InputControl parent)"
"Packages/com.unity.inputsystem/InputSystem/Devices/Precompiled/FastTouchscreen.cs",6100,"Unity New Input System : \bUnityEngine\.InputSystem\b","var ctrlTouchscreentouch6tap = new UnityEngine.InputSystem.Controls.ButtonControl();"
"Packages/com.unity.inputsystem/InputSystem/Devices/Precompiled/FastTouchscreen.cs",6121,"Unity New Input System : \bUnityEngine\.InputSystem\b","private UnityEngine.InputSystem.Controls.DoubleControl Initialize_ctrlTouchscreentouch6startTime(InternedString kDoubleLayout, InputControl parent)"
"Packages/com.unity.inputsystem/InputSystem/Devices/Precompiled/FastTouchscreen.cs",6123,"Unity New Input System : \bUnityEngine\.InputSystem\b","var ctrlTouchscreentouch6startTime = new UnityEngine.InputSystem.Controls.DoubleControl();"
"Packages/com.unity.inputsystem/InputSystem/Devices/Precompiled/FastTouchscreen.cs",6143,"Unity New Input System : \bUnityEngine\.InputSystem\b","private UnityEngine.InputSystem.Controls.Vector2Control Initialize_ctrlTouchscreentouch6startPosition(InternedString kVector2Layout, InputControl parent)"
"Packages/com.unity.inputsystem/InputSystem/Devices/Precompiled/FastTouchscreen.cs",6145,"Unity New Input System : \bUnityEngine\.InputSystem\b","var ctrlTouchscreentouch6startPosition = new UnityEngine.InputSystem.Controls.Vector2Control();"
"Packages/com.unity.inputsystem/InputSystem/Devices/Precompiled/FastTouchscreen.cs",6166,"Unity New Input System : \bUnityEngine\.InputSystem\b","private UnityEngine.InputSystem.Controls.AxisControl Initialize_ctrlTouchscreentouch6positionx(InternedString kAxisLayout, InputControl parent)"
"Packages/com.unity.inputsystem/InputSystem/Devices/Precompiled/FastTouchscreen.cs",6168,"Unity New Input System : \bUnityEngine\.InputSystem\b","var ctrlTouchscreentouch6positionx = new UnityEngine.InputSystem.Controls.AxisControl();"
"Packages/com.unity.inputsystem/InputSystem/Devices/Precompiled/FastTouchscreen.cs",6188,"Unity New Input System : \bUnityEngine\.InputSystem\b","private UnityEngine.InputSystem.Controls.AxisControl Initialize_ctrlTouchscreentouch6positiony(InternedString kAxisLayout, InputControl parent)"
"Packages/com.unity.inputsystem/InputSystem/Devices/Precompiled/FastTouchscreen.cs",6190,"Unity New Input System : \bUnityEngine\.InputSystem\b","var ctrlTouchscreentouch6positiony = new UnityEngine.InputSystem.Controls.AxisControl();"
"Packages/com.unity.inputsystem/InputSystem/Devices/Precompiled/FastTouchscreen.cs",6210,"Unity New Input System : \bUnityEngine\.InputSystem\b","private UnityEngine.InputSystem.Controls.AxisControl Initialize_ctrlTouchscreentouch6deltaup(InternedString kAxisLayout, InputControl parent)"
"Packages/com.unity.inputsystem/InputSystem/Devices/Precompiled/FastTouchscreen.cs",6212,"Unity New Input System : \bUnityEngine\.InputSystem\b","var ctrlTouchscreentouch6deltaup = new UnityEngine.InputSystem.Controls.AxisControl { clamp = UnityEngine.InputSystem.Controls.AxisControl.Clamp.BeforeNormalize, clampMax = 3.402823E+38f };"
"Packages/com.unity.inputsystem/InputSystem/Devices/Precompiled/FastTouchscreen.cs",6232,"Unity New Input System : \bUnityEngine\.InputSystem\b","private UnityEngine.InputSystem.Controls.AxisControl Initialize_ctrlTouchscreentouch6deltadown(InternedString kAxisLayout, InputControl parent)"
"Packages/com.unity.inputsystem/InputSystem/Devices/Precompiled/FastTouchscreen.cs",6234,"Unity New Input System : \bUnityEngine\.InputSystem\b","var ctrlTouchscreentouch6deltadown = new UnityEngine.InputSystem.Controls.AxisControl { clamp = UnityEngine.InputSystem.Controls.AxisControl.Clamp.BeforeNormalize, clampMin = -3.402823E+38f, invert = true };"
"Packages/com.unity.inputsystem/InputSystem/Devices/Precompiled/FastTouchscreen.cs",6254,"Unity New Input System : \bUnityEngine\.InputSystem\b","private UnityEngine.InputSystem.Controls.AxisControl Initialize_ctrlTouchscreentouch6deltaleft(InternedString kAxisLayout, InputControl parent)"
"Packages/com.unity.inputsystem/InputSystem/Devices/Precompiled/FastTouchscreen.cs",6256,"Unity New Input System : \bUnityEngine\.InputSystem\b","var ctrlTouchscreentouch6deltaleft = new UnityEngine.InputSystem.Controls.AxisControl { clamp = UnityEngine.InputSystem.Controls.AxisControl.Clamp.BeforeNormalize, clampMin = -3.402823E+38f, invert = true };"
"Packages/com.unity.inputsystem/InputSystem/Devices/Precompiled/FastTouchscreen.cs",6276,"Unity New Input System : \bUnityEngine\.InputSystem\b","private UnityEngine.InputSystem.Controls.AxisControl Initialize_ctrlTouchscreentouch6deltaright(InternedString kAxisLayout, InputControl parent)"
"Packages/com.unity.inputsystem/InputSystem/Devices/Precompiled/FastTouchscreen.cs",6278,"Unity New Input System : \bUnityEngine\.InputSystem\b","var ctrlTouchscreentouch6deltaright = new UnityEngine.InputSystem.Controls.AxisControl { clamp = UnityEngine.InputSystem.Controls.AxisControl.Clamp.BeforeNormalize, clampMax = 3.402823E+38f };"
"Packages/com.unity.inputsystem/InputSystem/Devices/Precompiled/FastTouchscreen.cs",6298,"Unity New Input System : \bUnityEngine\.InputSystem\b","private UnityEngine.InputSystem.Controls.AxisControl Initialize_ctrlTouchscreentouch6deltax(InternedString kAxisLayout, InputControl parent)"
"Packages/com.unity.inputsystem/InputSystem/Devices/Precompiled/FastTouchscreen.cs",6300,"Unity New Input System : \bUnityEngine\.InputSystem\b","var ctrlTouchscreentouch6deltax = new UnityEngine.InputSystem.Controls.AxisControl();"
"Packages/com.unity.inputsystem/InputSystem/Devices/Precompiled/FastTouchscreen.cs",6319,"Unity New Input System : \bUnityEngine\.InputSystem\b","private UnityEngine.InputSystem.Controls.AxisControl Initialize_ctrlTouchscreentouch6deltay(InternedString kAxisLayout, InputControl parent)"
"Packages/com.unity.inputsystem/InputSystem/Devices/Precompiled/FastTouchscreen.cs",6321,"Unity New Input System : \bUnityEngine\.InputSystem\b","var ctrlTouchscreentouch6deltay = new UnityEngine.InputSystem.Controls.AxisControl();"
"Packages/com.unity.inputsystem/InputSystem/Devices/Precompiled/FastTouchscreen.cs",6340,"Unity New Input System : \bUnityEngine\.InputSystem\b","private UnityEngine.InputSystem.Controls.AxisControl Initialize_ctrlTouchscreentouch6radiusx(InternedString kAxisLayout, InputControl parent)"
"Packages/com.unity.inputsystem/InputSystem/Devices/Precompiled/FastTouchscreen.cs",6342,"Unity New Input System : \bUnityEngine\.InputSystem\b","var ctrlTouchscreentouch6radiusx = new UnityEngine.InputSystem.Controls.AxisControl();"
"Packages/com.unity.inputsystem/InputSystem/Devices/Precompiled/FastTouchscreen.cs",6361,"Unity New Input System : \bUnityEngine\.InputSystem\b","private UnityEngine.InputSystem.Controls.AxisControl Initialize_ctrlTouchscreentouch6radiusy(InternedString kAxisLayout, InputControl parent)"
"Packages/com.unity.inputsystem/InputSystem/Devices/Precompiled/FastTouchscreen.cs",6363,"Unity New Input System : \bUnityEngine\.InputSystem\b","var ctrlTouchscreentouch6radiusy = new UnityEngine.InputSystem.Controls.AxisControl();"
"Packages/com.unity.inputsystem/InputSystem/Devices/Precompiled/FastTouchscreen.cs",6382,"Unity New Input System : \bUnityEngine\.InputSystem\b","private UnityEngine.InputSystem.Controls.AxisControl Initialize_ctrlTouchscreentouch6startPositionx(InternedString kAxisLayout, InputControl parent)"
"Packages/com.unity.inputsystem/InputSystem/Devices/Precompiled/FastTouchscreen.cs",6384,"Unity New Input System : \bUnityEngine\.InputSystem\b","var ctrlTouchscreentouch6startPositionx = new UnityEngine.InputSystem.Controls.AxisControl();"
"Packages/com.unity.inputsystem/InputSystem/Devices/Precompiled/FastTouchscreen.cs",6403,"Unity New Input System : \bUnityEngine\.InputSystem\b","private UnityEngine.InputSystem.Controls.AxisControl Initialize_ctrlTouchscreentouch6startPositiony(InternedString kAxisLayout, InputControl parent)"
"Packages/com.unity.inputsystem/InputSystem/Devices/Precompiled/FastTouchscreen.cs",6405,"Unity New Input System : \bUnityEngine\.InputSystem\b","var ctrlTouchscreentouch6startPositiony = new UnityEngine.InputSystem.Controls.AxisControl();"
"Packages/com.unity.inputsystem/InputSystem/Devices/Precompiled/FastTouchscreen.cs",6424,"Unity New Input System : \bUnityEngine\.InputSystem\b","private UnityEngine.InputSystem.Controls.IntegerControl Initialize_ctrlTouchscreentouch7touchId(InternedString kIntegerLayout, InputControl parent)"
"Packages/com.unity.inputsystem/InputSystem/Devices/Precompiled/FastTouchscreen.cs",6426,"Unity New Input System : \bUnityEngine\.InputSystem\b","var ctrlTouchscreentouch7touchId = new UnityEngine.InputSystem.Controls.IntegerControl();"
"Packages/com.unity.inputsystem/InputSystem/Devices/Precompiled/FastTouchscreen.cs",6447,"Unity New Input System : \bUnityEngine\.InputSystem\b","private UnityEngine.InputSystem.Controls.Vector2Control Initialize_ctrlTouchscreentouch7position(InternedString kVector2Layout, InputControl parent)"
"Packages/com.unity.inputsystem/InputSystem/Devices/Precompiled/FastTouchscreen.cs",6449,"Unity New Input System : \bUnityEngine\.InputSystem\b","var ctrlTouchscreentouch7position = new UnityEngine.InputSystem.Controls.Vector2Control();"
"Packages/com.unity.inputsystem/InputSystem/Devices/Precompiled/FastTouchscreen.cs",6470,"Unity New Input System : \bUnityEngine\.InputSystem\b","private UnityEngine.InputSystem.Controls.DeltaControl Initialize_ctrlTouchscreentouch7delta(InternedString kDeltaLayout, InputControl parent)"
"Packages/com.unity.inputsystem/InputSystem/Devices/Precompiled/FastTouchscreen.cs",6472,"Unity New Input System : \bUnityEngine\.InputSystem\b","var ctrlTouchscreentouch7delta = new UnityEngine.InputSystem.Controls.DeltaControl();"
"Packages/com.unity.inputsystem/InputSystem/Devices/Precompiled/FastTouchscreen.cs",6492,"Unity New Input System : \bUnityEngine\.InputSystem\b","private UnityEngine.InputSystem.Controls.AxisControl Initialize_ctrlTouchscreentouch7pressure(InternedString kAxisLayout, InputControl parent)"
"Packages/com.unity.inputsystem/InputSystem/Devices/Precompiled/FastTouchscreen.cs",6494,"Unity New Input System : \bUnityEngine\.InputSystem\b","var ctrlTouchscreentouch7pressure = new UnityEngine.InputSystem.Controls.AxisControl();"
"Packages/com.unity.inputsystem/InputSystem/Devices/Precompiled/FastTouchscreen.cs",6513,"Unity New Input System : \bUnityEngine\.InputSystem\b","private UnityEngine.InputSystem.Controls.Vector2Control Initialize_ctrlTouchscreentouch7radius(InternedString kVector2Layout, InputControl parent)"
"Packages/com.unity.inputsystem/InputSystem/Devices/Precompiled/FastTouchscreen.cs",6515,"Unity New Input System : \bUnityEngine\.InputSystem\b","var ctrlTouchscreentouch7radius = new UnityEngine.InputSystem.Controls.Vector2Control();"
"Packages/com.unity.inputsystem/InputSystem/Devices/Precompiled/FastTouchscreen.cs",6535,"Unity New Input System : \bUnityEngine\.InputSystem\b","private UnityEngine.InputSystem.Controls.TouchPhaseControl Initialize_ctrlTouchscreentouch7phase(InternedString kTouchPhaseLayout, InputControl parent)"
"Packages/com.unity.inputsystem/InputSystem/Devices/Precompiled/FastTouchscreen.cs",6537,"Unity New Input System : \bUnityEngine\.InputSystem\b","var ctrlTouchscreentouch7phase = new UnityEngine.InputSystem.Controls.TouchPhaseControl();"
"Packages/com.unity.inputsystem/InputSystem/Devices/Precompiled/FastTouchscreen.cs",6557,"Unity New Input System : \bUnityEngine\.InputSystem\b","private UnityEngine.InputSystem.Controls.TouchPressControl Initialize_ctrlTouchscreentouch7press(InternedString kTouchPressLayout, InputControl parent)"
"Packages/com.unity.inputsystem/InputSystem/Devices/Precompiled/FastTouchscreen.cs",6559,"Unity New Input System : \bUnityEngine\.InputSystem\b","var ctrlTouchscreentouch7press = new UnityEngine.InputSystem.Controls.TouchPressControl();"
"Packages/com.unity.inputsystem/InputSystem/Devices/Precompiled/FastTouchscreen.cs",6580,"Unity New Input System : \bUnityEngine\.InputSystem\b","private UnityEngine.InputSystem.Controls.IntegerControl Initialize_ctrlTouchscreentouch7tapCount(InternedString kIntegerLayout, InputControl parent)"
"Packages/com.unity.inputsystem/InputSystem/Devices/Precompiled/FastTouchscreen.cs",6582,"Unity New Input System : \bUnityEngine\.InputSystem\b","var ctrlTouchscreentouch7tapCount = new UnityEngine.InputSystem.Controls.IntegerControl();"
"Packages/com.unity.inputsystem/InputSystem/Devices/Precompiled/FastTouchscreen.cs",6601,"Unity New Input System : \bUnityEngine\.InputSystem\b","private UnityEngine.InputSystem.Controls.IntegerControl Initialize_ctrlTouchscreentouch7displayIndex(InternedString kIntegerLayout, InputControl parent)"
"Packages/com.unity.inputsystem/InputSystem/Devices/Precompiled/FastTouchscreen.cs",6603,"Unity New Input System : \bUnityEngine\.InputSystem\b","var ctrlTouchscreentouch7displayIndex = new UnityEngine.InputSystem.Controls.IntegerControl();"
"Packages/com.unity.inputsystem/InputSystem/Devices/Precompiled/FastTouchscreen.cs",6622,"Unity New Input System : \bUnityEngine\.InputSystem\b","private UnityEngine.InputSystem.Controls.ButtonControl Initialize_ctrlTouchscreentouch7indirectTouch(InternedString kButtonLayout, InputControl parent)"
"Packages/com.unity.inputsystem/InputSystem/Devices/Precompiled/FastTouchscreen.cs",6624,"Unity New Input System : \bUnityEngine\.InputSystem\b","var ctrlTouchscreentouch7indirectTouch = new UnityEngine.InputSystem.Controls.ButtonControl();"
"Packages/com.unity.inputsystem/InputSystem/Devices/Precompiled/FastTouchscreen.cs",6646,"Unity New Input System : \bUnityEngine\.InputSystem\b","private UnityEngine.InputSystem.Controls.ButtonControl Initialize_ctrlTouchscreentouch7tap(InternedString kButtonLayout, InputControl parent)"
"Packages/com.unity.inputsystem/InputSystem/Devices/Precompiled/FastTouchscreen.cs",6648,"Unity New Input System : \bUnityEngine\.InputSystem\b","var ctrlTouchscreentouch7tap = new UnityEngine.InputSystem.Controls.ButtonControl();"
"Packages/com.unity.inputsystem/InputSystem/Devices/Precompiled/FastTouchscreen.cs",6669,"Unity New Input System : \bUnityEngine\.InputSystem\b","private UnityEngine.InputSystem.Controls.DoubleControl Initialize_ctrlTouchscreentouch7startTime(InternedString kDoubleLayout, InputControl parent)"
"Packages/com.unity.inputsystem/InputSystem/Devices/Precompiled/FastTouchscreen.cs",6671,"Unity New Input System : \bUnityEngine\.InputSystem\b","var ctrlTouchscreentouch7startTime = new UnityEngine.InputSystem.Controls.DoubleControl();"
"Packages/com.unity.inputsystem/InputSystem/Devices/Precompiled/FastTouchscreen.cs",6691,"Unity New Input System : \bUnityEngine\.InputSystem\b","private UnityEngine.InputSystem.Controls.Vector2Control Initialize_ctrlTouchscreentouch7startPosition(InternedString kVector2Layout, InputControl parent)"
"Packages/com.unity.inputsystem/InputSystem/Devices/Precompiled/FastTouchscreen.cs",6693,"Unity New Input System : \bUnityEngine\.InputSystem\b","var ctrlTouchscreentouch7startPosition = new UnityEngine.InputSystem.Controls.Vector2Control();"
"Packages/com.unity.inputsystem/InputSystem/Devices/Precompiled/FastTouchscreen.cs",6714,"Unity New Input System : \bUnityEngine\.InputSystem\b","private UnityEngine.InputSystem.Controls.AxisControl Initialize_ctrlTouchscreentouch7positionx(InternedString kAxisLayout, InputControl parent)"
"Packages/com.unity.inputsystem/InputSystem/Devices/Precompiled/FastTouchscreen.cs",6716,"Unity New Input System : \bUnityEngine\.InputSystem\b","var ctrlTouchscreentouch7positionx = new UnityEngine.InputSystem.Controls.AxisControl();"
"Packages/com.unity.inputsystem/InputSystem/Devices/Precompiled/FastTouchscreen.cs",6736,"Unity New Input System : \bUnityEngine\.InputSystem\b","private UnityEngine.InputSystem.Controls.AxisControl Initialize_ctrlTouchscreentouch7positiony(InternedString kAxisLayout, InputControl parent)"
"Packages/com.unity.inputsystem/InputSystem/Devices/Precompiled/FastTouchscreen.cs",6738,"Unity New Input System : \bUnityEngine\.InputSystem\b","var ctrlTouchscreentouch7positiony = new UnityEngine.InputSystem.Controls.AxisControl();"
"Packages/com.unity.inputsystem/InputSystem/Devices/Precompiled/FastTouchscreen.cs",6758,"Unity New Input System : \bUnityEngine\.InputSystem\b","private UnityEngine.InputSystem.Controls.AxisControl Initialize_ctrlTouchscreentouch7deltaup(InternedString kAxisLayout, InputControl parent)"
"Packages/com.unity.inputsystem/InputSystem/Devices/Precompiled/FastTouchscreen.cs",6760,"Unity New Input System : \bUnityEngine\.InputSystem\b","var ctrlTouchscreentouch7deltaup = new UnityEngine.InputSystem.Controls.AxisControl { clamp = UnityEngine.InputSystem.Controls.AxisControl.Clamp.BeforeNormalize, clampMax = 3.402823E+38f };"
"Packages/com.unity.inputsystem/InputSystem/Devices/Precompiled/FastTouchscreen.cs",6780,"Unity New Input System : \bUnityEngine\.InputSystem\b","private UnityEngine.InputSystem.Controls.AxisControl Initialize_ctrlTouchscreentouch7deltadown(InternedString kAxisLayout, InputControl parent)"
"Packages/com.unity.inputsystem/InputSystem/Devices/Precompiled/FastTouchscreen.cs",6782,"Unity New Input System : \bUnityEngine\.InputSystem\b","var ctrlTouchscreentouch7deltadown = new UnityEngine.InputSystem.Controls.AxisControl { clamp = UnityEngine.InputSystem.Controls.AxisControl.Clamp.BeforeNormalize, clampMin = -3.402823E+38f, invert = true };"
"Packages/com.unity.inputsystem/InputSystem/Devices/Precompiled/FastTouchscreen.cs",6802,"Unity New Input System : \bUnityEngine\.InputSystem\b","private UnityEngine.InputSystem.Controls.AxisControl Initialize_ctrlTouchscreentouch7deltaleft(InternedString kAxisLayout, InputControl parent)"
"Packages/com.unity.inputsystem/InputSystem/Devices/Precompiled/FastTouchscreen.cs",6804,"Unity New Input System : \bUnityEngine\.InputSystem\b","var ctrlTouchscreentouch7deltaleft = new UnityEngine.InputSystem.Controls.AxisControl { clamp = UnityEngine.InputSystem.Controls.AxisControl.Clamp.BeforeNormalize, clampMin = -3.402823E+38f, invert = true };"
"Packages/com.unity.inputsystem/InputSystem/Devices/Precompiled/FastTouchscreen.cs",6824,"Unity New Input System : \bUnityEngine\.InputSystem\b","private UnityEngine.InputSystem.Controls.AxisControl Initialize_ctrlTouchscreentouch7deltaright(InternedString kAxisLayout, InputControl parent)"
"Packages/com.unity.inputsystem/InputSystem/Devices/Precompiled/FastTouchscreen.cs",6826,"Unity New Input System : \bUnityEngine\.InputSystem\b","var ctrlTouchscreentouch7deltaright = new UnityEngine.InputSystem.Controls.AxisControl { clamp = UnityEngine.InputSystem.Controls.AxisControl.Clamp.BeforeNormalize, clampMax = 3.402823E+38f };"
"Packages/com.unity.inputsystem/InputSystem/Devices/Precompiled/FastTouchscreen.cs",6846,"Unity New Input System : \bUnityEngine\.InputSystem\b","private UnityEngine.InputSystem.Controls.AxisControl Initialize_ctrlTouchscreentouch7deltax(InternedString kAxisLayout, InputControl parent)"
"Packages/com.unity.inputsystem/InputSystem/Devices/Precompiled/FastTouchscreen.cs",6848,"Unity New Input System : \bUnityEngine\.InputSystem\b","var ctrlTouchscreentouch7deltax = new UnityEngine.InputSystem.Controls.AxisControl();"
"Packages/com.unity.inputsystem/InputSystem/Devices/Precompiled/FastTouchscreen.cs",6867,"Unity New Input System : \bUnityEngine\.InputSystem\b","private UnityEngine.InputSystem.Controls.AxisControl Initialize_ctrlTouchscreentouch7deltay(InternedString kAxisLayout, InputControl parent)"
"Packages/com.unity.inputsystem/InputSystem/Devices/Precompiled/FastTouchscreen.cs",6869,"Unity New Input System : \bUnityEngine\.InputSystem\b","var ctrlTouchscreentouch7deltay = new UnityEngine.InputSystem.Controls.AxisControl();"
"Packages/com.unity.inputsystem/InputSystem/Devices/Precompiled/FastTouchscreen.cs",6888,"Unity New Input System : \bUnityEngine\.InputSystem\b","private UnityEngine.InputSystem.Controls.AxisControl Initialize_ctrlTouchscreentouch7radiusx(InternedString kAxisLayout, InputControl parent)"
"Packages/com.unity.inputsystem/InputSystem/Devices/Precompiled/FastTouchscreen.cs",6890,"Unity New Input System : \bUnityEngine\.InputSystem\b","var ctrlTouchscreentouch7radiusx = new UnityEngine.InputSystem.Controls.AxisControl();"
"Packages/com.unity.inputsystem/InputSystem/Devices/Precompiled/FastTouchscreen.cs",6909,"Unity New Input System : \bUnityEngine\.InputSystem\b","private UnityEngine.InputSystem.Controls.AxisControl Initialize_ctrlTouchscreentouch7radiusy(InternedString kAxisLayout, InputControl parent)"
"Packages/com.unity.inputsystem/InputSystem/Devices/Precompiled/FastTouchscreen.cs",6911,"Unity New Input System : \bUnityEngine\.InputSystem\b","var ctrlTouchscreentouch7radiusy = new UnityEngine.InputSystem.Controls.AxisControl();"
"Packages/com.unity.inputsystem/InputSystem/Devices/Precompiled/FastTouchscreen.cs",6930,"Unity New Input System : \bUnityEngine\.InputSystem\b","private UnityEngine.InputSystem.Controls.AxisControl Initialize_ctrlTouchscreentouch7startPositionx(InternedString kAxisLayout, InputControl parent)"
"Packages/com.unity.inputsystem/InputSystem/Devices/Precompiled/FastTouchscreen.cs",6932,"Unity New Input System : \bUnityEngine\.InputSystem\b","var ctrlTouchscreentouch7startPositionx = new UnityEngine.InputSystem.Controls.AxisControl();"
"Packages/com.unity.inputsystem/InputSystem/Devices/Precompiled/FastTouchscreen.cs",6951,"Unity New Input System : \bUnityEngine\.InputSystem\b","private UnityEngine.InputSystem.Controls.AxisControl Initialize_ctrlTouchscreentouch7startPositiony(InternedString kAxisLayout, InputControl parent)"
"Packages/com.unity.inputsystem/InputSystem/Devices/Precompiled/FastTouchscreen.cs",6953,"Unity New Input System : \bUnityEngine\.InputSystem\b","var ctrlTouchscreentouch7startPositiony = new UnityEngine.InputSystem.Controls.AxisControl();"
"Packages/com.unity.inputsystem/InputSystem/Devices/Precompiled/FastTouchscreen.cs",6972,"Unity New Input System : \bUnityEngine\.InputSystem\b","private UnityEngine.InputSystem.Controls.IntegerControl Initialize_ctrlTouchscreentouch8touchId(InternedString kIntegerLayout, InputControl parent)"
"Packages/com.unity.inputsystem/InputSystem/Devices/Precompiled/FastTouchscreen.cs",6974,"Unity New Input System : \bUnityEngine\.InputSystem\b","var ctrlTouchscreentouch8touchId = new UnityEngine.InputSystem.Controls.IntegerControl();"
"Packages/com.unity.inputsystem/InputSystem/Devices/Precompiled/FastTouchscreen.cs",6995,"Unity New Input System : \bUnityEngine\.InputSystem\b","private UnityEngine.InputSystem.Controls.Vector2Control Initialize_ctrlTouchscreentouch8position(InternedString kVector2Layout, InputControl parent)"
"Packages/com.unity.inputsystem/InputSystem/Devices/Precompiled/FastTouchscreen.cs",6997,"Unity New Input System : \bUnityEngine\.InputSystem\b","var ctrlTouchscreentouch8position = new UnityEngine.InputSystem.Controls.Vector2Control();"
"Packages/com.unity.inputsystem/InputSystem/Devices/Precompiled/FastTouchscreen.cs",7018,"Unity New Input System : \bUnityEngine\.InputSystem\b","private UnityEngine.InputSystem.Controls.DeltaControl Initialize_ctrlTouchscreentouch8delta(InternedString kDeltaLayout, InputControl parent)"
"Packages/com.unity.inputsystem/InputSystem/Devices/Precompiled/FastTouchscreen.cs",7020,"Unity New Input System : \bUnityEngine\.InputSystem\b","var ctrlTouchscreentouch8delta = new UnityEngine.InputSystem.Controls.DeltaControl();"
"Packages/com.unity.inputsystem/InputSystem/Devices/Precompiled/FastTouchscreen.cs",7040,"Unity New Input System : \bUnityEngine\.InputSystem\b","private UnityEngine.InputSystem.Controls.AxisControl Initialize_ctrlTouchscreentouch8pressure(InternedString kAxisLayout, InputControl parent)"
"Packages/com.unity.inputsystem/InputSystem/Devices/Precompiled/FastTouchscreen.cs",7042,"Unity New Input System : \bUnityEngine\.InputSystem\b","var ctrlTouchscreentouch8pressure = new UnityEngine.InputSystem.Controls.AxisControl();"
"Packages/com.unity.inputsystem/InputSystem/Devices/Precompiled/FastTouchscreen.cs",7061,"Unity New Input System : \bUnityEngine\.InputSystem\b","private UnityEngine.InputSystem.Controls.Vector2Control Initialize_ctrlTouchscreentouch8radius(InternedString kVector2Layout, InputControl parent)"
"Packages/com.unity.inputsystem/InputSystem/Devices/Precompiled/FastTouchscreen.cs",7063,"Unity New Input System : \bUnityEngine\.InputSystem\b","var ctrlTouchscreentouch8radius = new UnityEngine.InputSystem.Controls.Vector2Control();"
"Packages/com.unity.inputsystem/InputSystem/Devices/Precompiled/FastTouchscreen.cs",7083,"Unity New Input System : \bUnityEngine\.InputSystem\b","private UnityEngine.InputSystem.Controls.TouchPhaseControl Initialize_ctrlTouchscreentouch8phase(InternedString kTouchPhaseLayout, InputControl parent)"
"Packages/com.unity.inputsystem/InputSystem/Devices/Precompiled/FastTouchscreen.cs",7085,"Unity New Input System : \bUnityEngine\.InputSystem\b","var ctrlTouchscreentouch8phase = new UnityEngine.InputSystem.Controls.TouchPhaseControl();"
"Packages/com.unity.inputsystem/InputSystem/Devices/Precompiled/FastTouchscreen.cs",7105,"Unity New Input System : \bUnityEngine\.InputSystem\b","private UnityEngine.InputSystem.Controls.TouchPressControl Initialize_ctrlTouchscreentouch8press(InternedString kTouchPressLayout, InputControl parent)"
"Packages/com.unity.inputsystem/InputSystem/Devices/Precompiled/FastTouchscreen.cs",7107,"Unity New Input System : \bUnityEngine\.InputSystem\b","var ctrlTouchscreentouch8press = new UnityEngine.InputSystem.Controls.TouchPressControl();"
"Packages/com.unity.inputsystem/InputSystem/Devices/Precompiled/FastTouchscreen.cs",7128,"Unity New Input System : \bUnityEngine\.InputSystem\b","private UnityEngine.InputSystem.Controls.IntegerControl Initialize_ctrlTouchscreentouch8tapCount(InternedString kIntegerLayout, InputControl parent)"
"Packages/com.unity.inputsystem/InputSystem/Devices/Precompiled/FastTouchscreen.cs",7130,"Unity New Input System : \bUnityEngine\.InputSystem\b","var ctrlTouchscreentouch8tapCount = new UnityEngine.InputSystem.Controls.IntegerControl();"
"Packages/com.unity.inputsystem/InputSystem/Devices/Precompiled/FastTouchscreen.cs",7149,"Unity New Input System : \bUnityEngine\.InputSystem\b","private UnityEngine.InputSystem.Controls.IntegerControl Initialize_ctrlTouchscreentouch8displayIndex(InternedString kIntegerLayout, InputControl parent)"
"Packages/com.unity.inputsystem/InputSystem/Devices/Precompiled/FastTouchscreen.cs",7151,"Unity New Input System : \bUnityEngine\.InputSystem\b","var ctrlTouchscreentouch8displayIndex = new UnityEngine.InputSystem.Controls.IntegerControl();"
"Packages/com.unity.inputsystem/InputSystem/Devices/Precompiled/FastTouchscreen.cs",7170,"Unity New Input System : \bUnityEngine\.InputSystem\b","private UnityEngine.InputSystem.Controls.ButtonControl Initialize_ctrlTouchscreentouch8indirectTouch(InternedString kButtonLayout, InputControl parent)"
"Packages/com.unity.inputsystem/InputSystem/Devices/Precompiled/FastTouchscreen.cs",7172,"Unity New Input System : \bUnityEngine\.InputSystem\b","var ctrlTouchscreentouch8indirectTouch = new UnityEngine.InputSystem.Controls.ButtonControl();"
"Packages/com.unity.inputsystem/InputSystem/Devices/Precompiled/FastTouchscreen.cs",7194,"Unity New Input System : \bUnityEngine\.InputSystem\b","private UnityEngine.InputSystem.Controls.ButtonControl Initialize_ctrlTouchscreentouch8tap(InternedString kButtonLayout, InputControl parent)"
"Packages/com.unity.inputsystem/InputSystem/Devices/Precompiled/FastTouchscreen.cs",7196,"Unity New Input System : \bUnityEngine\.InputSystem\b","var ctrlTouchscreentouch8tap = new UnityEngine.InputSystem.Controls.ButtonControl();"
"Packages/com.unity.inputsystem/InputSystem/Devices/Precompiled/FastTouchscreen.cs",7217,"Unity New Input System : \bUnityEngine\.InputSystem\b","private UnityEngine.InputSystem.Controls.DoubleControl Initialize_ctrlTouchscreentouch8startTime(InternedString kDoubleLayout, InputControl parent)"
"Packages/com.unity.inputsystem/InputSystem/Devices/Precompiled/FastTouchscreen.cs",7219,"Unity New Input System : \bUnityEngine\.InputSystem\b","var ctrlTouchscreentouch8startTime = new UnityEngine.InputSystem.Controls.DoubleControl();"
"Packages/com.unity.inputsystem/InputSystem/Devices/Precompiled/FastTouchscreen.cs",7239,"Unity New Input System : \bUnityEngine\.InputSystem\b","private UnityEngine.InputSystem.Controls.Vector2Control Initialize_ctrlTouchscreentouch8startPosition(InternedString kVector2Layout, InputControl parent)"
"Packages/com.unity.inputsystem/InputSystem/Devices/Precompiled/FastTouchscreen.cs",7241,"Unity New Input System : \bUnityEngine\.InputSystem\b","var ctrlTouchscreentouch8startPosition = new UnityEngine.InputSystem.Controls.Vector2Control();"
"Packages/com.unity.inputsystem/InputSystem/Devices/Precompiled/FastTouchscreen.cs",7262,"Unity New Input System : \bUnityEngine\.InputSystem\b","private UnityEngine.InputSystem.Controls.AxisControl Initialize_ctrlTouchscreentouch8positionx(InternedString kAxisLayout, InputControl parent)"
"Packages/com.unity.inputsystem/InputSystem/Devices/Precompiled/FastTouchscreen.cs",7264,"Unity New Input System : \bUnityEngine\.InputSystem\b","var ctrlTouchscreentouch8positionx = new UnityEngine.InputSystem.Controls.AxisControl();"
"Packages/com.unity.inputsystem/InputSystem/Devices/Precompiled/FastTouchscreen.cs",7284,"Unity New Input System : \bUnityEngine\.InputSystem\b","private UnityEngine.InputSystem.Controls.AxisControl Initialize_ctrlTouchscreentouch8positiony(InternedString kAxisLayout, InputControl parent)"
"Packages/com.unity.inputsystem/InputSystem/Devices/Precompiled/FastTouchscreen.cs",7286,"Unity New Input System : \bUnityEngine\.InputSystem\b","var ctrlTouchscreentouch8positiony = new UnityEngine.InputSystem.Controls.AxisControl();"
"Packages/com.unity.inputsystem/InputSystem/Devices/Precompiled/FastTouchscreen.cs",7306,"Unity New Input System : \bUnityEngine\.InputSystem\b","private UnityEngine.InputSystem.Controls.AxisControl Initialize_ctrlTouchscreentouch8deltaup(InternedString kAxisLayout, InputControl parent)"
"Packages/com.unity.inputsystem/InputSystem/Devices/Precompiled/FastTouchscreen.cs",7308,"Unity New Input System : \bUnityEngine\.InputSystem\b","var ctrlTouchscreentouch8deltaup = new UnityEngine.InputSystem.Controls.AxisControl { clamp = UnityEngine.InputSystem.Controls.AxisControl.Clamp.BeforeNormalize, clampMax = 3.402823E+38f };"
"Packages/com.unity.inputsystem/InputSystem/Devices/Precompiled/FastTouchscreen.cs",7328,"Unity New Input System : \bUnityEngine\.InputSystem\b","private UnityEngine.InputSystem.Controls.AxisControl Initialize_ctrlTouchscreentouch8deltadown(InternedString kAxisLayout, InputControl parent)"
"Packages/com.unity.inputsystem/InputSystem/Devices/Precompiled/FastTouchscreen.cs",7330,"Unity New Input System : \bUnityEngine\.InputSystem\b","var ctrlTouchscreentouch8deltadown = new UnityEngine.InputSystem.Controls.AxisControl { clamp = UnityEngine.InputSystem.Controls.AxisControl.Clamp.BeforeNormalize, clampMin = -3.402823E+38f, invert = true };"
"Packages/com.unity.inputsystem/InputSystem/Devices/Precompiled/FastTouchscreen.cs",7350,"Unity New Input System : \bUnityEngine\.InputSystem\b","private UnityEngine.InputSystem.Controls.AxisControl Initialize_ctrlTouchscreentouch8deltaleft(InternedString kAxisLayout, InputControl parent)"
"Packages/com.unity.inputsystem/InputSystem/Devices/Precompiled/FastTouchscreen.cs",7352,"Unity New Input System : \bUnityEngine\.InputSystem\b","var ctrlTouchscreentouch8deltaleft = new UnityEngine.InputSystem.Controls.AxisControl { clamp = UnityEngine.InputSystem.Controls.AxisControl.Clamp.BeforeNormalize, clampMin = -3.402823E+38f, invert = true };"
"Packages/com.unity.inputsystem/InputSystem/Devices/Precompiled/FastTouchscreen.cs",7372,"Unity New Input System : \bUnityEngine\.InputSystem\b","private UnityEngine.InputSystem.Controls.AxisControl Initialize_ctrlTouchscreentouch8deltaright(InternedString kAxisLayout, InputControl parent)"
"Packages/com.unity.inputsystem/InputSystem/Devices/Precompiled/FastTouchscreen.cs",7374,"Unity New Input System : \bUnityEngine\.InputSystem\b","var ctrlTouchscreentouch8deltaright = new UnityEngine.InputSystem.Controls.AxisControl { clamp = UnityEngine.InputSystem.Controls.AxisControl.Clamp.BeforeNormalize, clampMax = 3.402823E+38f };"
"Packages/com.unity.inputsystem/InputSystem/Devices/Precompiled/FastTouchscreen.cs",7394,"Unity New Input System : \bUnityEngine\.InputSystem\b","private UnityEngine.InputSystem.Controls.AxisControl Initialize_ctrlTouchscreentouch8deltax(InternedString kAxisLayout, InputControl parent)"
"Packages/com.unity.inputsystem/InputSystem/Devices/Precompiled/FastTouchscreen.cs",7396,"Unity New Input System : \bUnityEngine\.InputSystem\b","var ctrlTouchscreentouch8deltax = new UnityEngine.InputSystem.Controls.AxisControl();"
"Packages/com.unity.inputsystem/InputSystem/Devices/Precompiled/FastTouchscreen.cs",7415,"Unity New Input System : \bUnityEngine\.InputSystem\b","private UnityEngine.InputSystem.Controls.AxisControl Initialize_ctrlTouchscreentouch8deltay(InternedString kAxisLayout, InputControl parent)"
"Packages/com.unity.inputsystem/InputSystem/Devices/Precompiled/FastTouchscreen.cs",7417,"Unity New Input System : \bUnityEngine\.InputSystem\b","var ctrlTouchscreentouch8deltay = new UnityEngine.InputSystem.Controls.AxisControl();"
"Packages/com.unity.inputsystem/InputSystem/Devices/Precompiled/FastTouchscreen.cs",7436,"Unity New Input System : \bUnityEngine\.InputSystem\b","private UnityEngine.InputSystem.Controls.AxisControl Initialize_ctrlTouchscreentouch8radiusx(InternedString kAxisLayout, InputControl parent)"
"Packages/com.unity.inputsystem/InputSystem/Devices/Precompiled/FastTouchscreen.cs",7438,"Unity New Input System : \bUnityEngine\.InputSystem\b","var ctrlTouchscreentouch8radiusx = new UnityEngine.InputSystem.Controls.AxisControl();"
"Packages/com.unity.inputsystem/InputSystem/Devices/Precompiled/FastTouchscreen.cs",7457,"Unity New Input System : \bUnityEngine\.InputSystem\b","private UnityEngine.InputSystem.Controls.AxisControl Initialize_ctrlTouchscreentouch8radiusy(InternedString kAxisLayout, InputControl parent)"
"Packages/com.unity.inputsystem/InputSystem/Devices/Precompiled/FastTouchscreen.cs",7459,"Unity New Input System : \bUnityEngine\.InputSystem\b","var ctrlTouchscreentouch8radiusy = new UnityEngine.InputSystem.Controls.AxisControl();"
"Packages/com.unity.inputsystem/InputSystem/Devices/Precompiled/FastTouchscreen.cs",7478,"Unity New Input System : \bUnityEngine\.InputSystem\b","private UnityEngine.InputSystem.Controls.AxisControl Initialize_ctrlTouchscreentouch8startPositionx(InternedString kAxisLayout, InputControl parent)"
"Packages/com.unity.inputsystem/InputSystem/Devices/Precompiled/FastTouchscreen.cs",7480,"Unity New Input System : \bUnityEngine\.InputSystem\b","var ctrlTouchscreentouch8startPositionx = new UnityEngine.InputSystem.Controls.AxisControl();"
"Packages/com.unity.inputsystem/InputSystem/Devices/Precompiled/FastTouchscreen.cs",7499,"Unity New Input System : \bUnityEngine\.InputSystem\b","private UnityEngine.InputSystem.Controls.AxisControl Initialize_ctrlTouchscreentouch8startPositiony(InternedString kAxisLayout, InputControl parent)"
"Packages/com.unity.inputsystem/InputSystem/Devices/Precompiled/FastTouchscreen.cs",7501,"Unity New Input System : \bUnityEngine\.InputSystem\b","var ctrlTouchscreentouch8startPositiony = new UnityEngine.InputSystem.Controls.AxisControl();"
"Packages/com.unity.inputsystem/InputSystem/Devices/Precompiled/FastTouchscreen.cs",7520,"Unity New Input System : \bUnityEngine\.InputSystem\b","private UnityEngine.InputSystem.Controls.IntegerControl Initialize_ctrlTouchscreentouch9touchId(InternedString kIntegerLayout, InputControl parent)"
"Packages/com.unity.inputsystem/InputSystem/Devices/Precompiled/FastTouchscreen.cs",7522,"Unity New Input System : \bUnityEngine\.InputSystem\b","var ctrlTouchscreentouch9touchId = new UnityEngine.InputSystem.Controls.IntegerControl();"
"Packages/com.unity.inputsystem/InputSystem/Devices/Precompiled/FastTouchscreen.cs",7543,"Unity New Input System : \bUnityEngine\.InputSystem\b","private UnityEngine.InputSystem.Controls.Vector2Control Initialize_ctrlTouchscreentouch9position(InternedString kVector2Layout, InputControl parent)"
"Packages/com.unity.inputsystem/InputSystem/Devices/Precompiled/FastTouchscreen.cs",7545,"Unity New Input System : \bUnityEngine\.InputSystem\b","var ctrlTouchscreentouch9position = new UnityEngine.InputSystem.Controls.Vector2Control();"
"Packages/com.unity.inputsystem/InputSystem/Devices/Precompiled/FastTouchscreen.cs",7566,"Unity New Input System : \bUnityEngine\.InputSystem\b","private UnityEngine.InputSystem.Controls.DeltaControl Initialize_ctrlTouchscreentouch9delta(InternedString kDeltaLayout, InputControl parent)"
"Packages/com.unity.inputsystem/InputSystem/Devices/Precompiled/FastTouchscreen.cs",7568,"Unity New Input System : \bUnityEngine\.InputSystem\b","var ctrlTouchscreentouch9delta = new UnityEngine.InputSystem.Controls.DeltaControl();"
"Packages/com.unity.inputsystem/InputSystem/Devices/Precompiled/FastTouchscreen.cs",7588,"Unity New Input System : \bUnityEngine\.InputSystem\b","private UnityEngine.InputSystem.Controls.AxisControl Initialize_ctrlTouchscreentouch9pressure(InternedString kAxisLayout, InputControl parent)"
"Packages/com.unity.inputsystem/InputSystem/Devices/Precompiled/FastTouchscreen.cs",7590,"Unity New Input System : \bUnityEngine\.InputSystem\b","var ctrlTouchscreentouch9pressure = new UnityEngine.InputSystem.Controls.AxisControl();"
"Packages/com.unity.inputsystem/InputSystem/Devices/Precompiled/FastTouchscreen.cs",7609,"Unity New Input System : \bUnityEngine\.InputSystem\b","private UnityEngine.InputSystem.Controls.Vector2Control Initialize_ctrlTouchscreentouch9radius(InternedString kVector2Layout, InputControl parent)"
"Packages/com.unity.inputsystem/InputSystem/Devices/Precompiled/FastTouchscreen.cs",7611,"Unity New Input System : \bUnityEngine\.InputSystem\b","var ctrlTouchscreentouch9radius = new UnityEngine.InputSystem.Controls.Vector2Control();"
"Packages/com.unity.inputsystem/InputSystem/Devices/Precompiled/FastTouchscreen.cs",7631,"Unity New Input System : \bUnityEngine\.InputSystem\b","private UnityEngine.InputSystem.Controls.TouchPhaseControl Initialize_ctrlTouchscreentouch9phase(InternedString kTouchPhaseLayout, InputControl parent)"
"Packages/com.unity.inputsystem/InputSystem/Devices/Precompiled/FastTouchscreen.cs",7633,"Unity New Input System : \bUnityEngine\.InputSystem\b","var ctrlTouchscreentouch9phase = new UnityEngine.InputSystem.Controls.TouchPhaseControl();"
"Packages/com.unity.inputsystem/InputSystem/Devices/Precompiled/FastTouchscreen.cs",7653,"Unity New Input System : \bUnityEngine\.InputSystem\b","private UnityEngine.InputSystem.Controls.TouchPressControl Initialize_ctrlTouchscreentouch9press(InternedString kTouchPressLayout, InputControl parent)"
"Packages/com.unity.inputsystem/InputSystem/Devices/Precompiled/FastTouchscreen.cs",7655,"Unity New Input System : \bUnityEngine\.InputSystem\b","var ctrlTouchscreentouch9press = new UnityEngine.InputSystem.Controls.TouchPressControl();"
"Packages/com.unity.inputsystem/InputSystem/Devices/Precompiled/FastTouchscreen.cs",7676,"Unity New Input System : \bUnityEngine\.InputSystem\b","private UnityEngine.InputSystem.Controls.IntegerControl Initialize_ctrlTouchscreentouch9tapCount(InternedString kIntegerLayout, InputControl parent)"
"Packages/com.unity.inputsystem/InputSystem/Devices/Precompiled/FastTouchscreen.cs",7678,"Unity New Input System : \bUnityEngine\.InputSystem\b","var ctrlTouchscreentouch9tapCount = new UnityEngine.InputSystem.Controls.IntegerControl();"
"Packages/com.unity.inputsystem/InputSystem/Devices/Precompiled/FastTouchscreen.cs",7697,"Unity New Input System : \bUnityEngine\.InputSystem\b","private UnityEngine.InputSystem.Controls.IntegerControl Initialize_ctrlTouchscreentouch9displayIndex(InternedString kIntegerLayout, InputControl parent)"
"Packages/com.unity.inputsystem/InputSystem/Devices/Precompiled/FastTouchscreen.cs",7699,"Unity New Input System : \bUnityEngine\.InputSystem\b","var ctrlTouchscreentouch9displayIndex = new UnityEngine.InputSystem.Controls.IntegerControl();"
"Packages/com.unity.inputsystem/InputSystem/Devices/Precompiled/FastTouchscreen.cs",7718,"Unity New Input System : \bUnityEngine\.InputSystem\b","private UnityEngine.InputSystem.Controls.ButtonControl Initialize_ctrlTouchscreentouch9indirectTouch(InternedString kButtonLayout, InputControl parent)"
"Packages/com.unity.inputsystem/InputSystem/Devices/Precompiled/FastTouchscreen.cs",7720,"Unity New Input System : \bUnityEngine\.InputSystem\b","var ctrlTouchscreentouch9indirectTouch = new UnityEngine.InputSystem.Controls.ButtonControl();"
"Packages/com.unity.inputsystem/InputSystem/Devices/Precompiled/FastTouchscreen.cs",7742,"Unity New Input System : \bUnityEngine\.InputSystem\b","private UnityEngine.InputSystem.Controls.ButtonControl Initialize_ctrlTouchscreentouch9tap(InternedString kButtonLayout, InputControl parent)"
"Packages/com.unity.inputsystem/InputSystem/Devices/Precompiled/FastTouchscreen.cs",7744,"Unity New Input System : \bUnityEngine\.InputSystem\b","var ctrlTouchscreentouch9tap = new UnityEngine.InputSystem.Controls.ButtonControl();"
"Packages/com.unity.inputsystem/InputSystem/Devices/Precompiled/FastTouchscreen.cs",7765,"Unity New Input System : \bUnityEngine\.InputSystem\b","private UnityEngine.InputSystem.Controls.DoubleControl Initialize_ctrlTouchscreentouch9startTime(InternedString kDoubleLayout, InputControl parent)"
"Packages/com.unity.inputsystem/InputSystem/Devices/Precompiled/FastTouchscreen.cs",7767,"Unity New Input System : \bUnityEngine\.InputSystem\b","var ctrlTouchscreentouch9startTime = new UnityEngine.InputSystem.Controls.DoubleControl();"
"Packages/com.unity.inputsystem/InputSystem/Devices/Precompiled/FastTouchscreen.cs",7787,"Unity New Input System : \bUnityEngine\.InputSystem\b","private UnityEngine.InputSystem.Controls.Vector2Control Initialize_ctrlTouchscreentouch9startPosition(InternedString kVector2Layout, InputControl parent)"
"Packages/com.unity.inputsystem/InputSystem/Devices/Precompiled/FastTouchscreen.cs",7789,"Unity New Input System : \bUnityEngine\.InputSystem\b","var ctrlTouchscreentouch9startPosition = new UnityEngine.InputSystem.Controls.Vector2Control();"
"Packages/com.unity.inputsystem/InputSystem/Devices/Precompiled/FastTouchscreen.cs",7810,"Unity New Input System : \bUnityEngine\.InputSystem\b","private UnityEngine.InputSystem.Controls.AxisControl Initialize_ctrlTouchscreentouch9positionx(InternedString kAxisLayout, InputControl parent)"
"Packages/com.unity.inputsystem/InputSystem/Devices/Precompiled/FastTouchscreen.cs",7812,"Unity New Input System : \bUnityEngine\.InputSystem\b","var ctrlTouchscreentouch9positionx = new UnityEngine.InputSystem.Controls.AxisControl();"
"Packages/com.unity.inputsystem/InputSystem/Devices/Precompiled/FastTouchscreen.cs",7832,"Unity New Input System : \bUnityEngine\.InputSystem\b","private UnityEngine.InputSystem.Controls.AxisControl Initialize_ctrlTouchscreentouch9positiony(InternedString kAxisLayout, InputControl parent)"
"Packages/com.unity.inputsystem/InputSystem/Devices/Precompiled/FastTouchscreen.cs",7834,"Unity New Input System : \bUnityEngine\.InputSystem\b","var ctrlTouchscreentouch9positiony = new UnityEngine.InputSystem.Controls.AxisControl();"
"Packages/com.unity.inputsystem/InputSystem/Devices/Precompiled/FastTouchscreen.cs",7854,"Unity New Input System : \bUnityEngine\.InputSystem\b","private UnityEngine.InputSystem.Controls.AxisControl Initialize_ctrlTouchscreentouch9deltaup(InternedString kAxisLayout, InputControl parent)"
"Packages/com.unity.inputsystem/InputSystem/Devices/Precompiled/FastTouchscreen.cs",7856,"Unity New Input System : \bUnityEngine\.InputSystem\b","var ctrlTouchscreentouch9deltaup = new UnityEngine.InputSystem.Controls.AxisControl { clamp = UnityEngine.InputSystem.Controls.AxisControl.Clamp.BeforeNormalize, clampMax = 3.402823E+38f };"
"Packages/com.unity.inputsystem/InputSystem/Devices/Precompiled/FastTouchscreen.cs",7876,"Unity New Input System : \bUnityEngine\.InputSystem\b","private UnityEngine.InputSystem.Controls.AxisControl Initialize_ctrlTouchscreentouch9deltadown(InternedString kAxisLayout, InputControl parent)"
"Packages/com.unity.inputsystem/InputSystem/Devices/Precompiled/FastTouchscreen.cs",7878,"Unity New Input System : \bUnityEngine\.InputSystem\b","var ctrlTouchscreentouch9deltadown = new UnityEngine.InputSystem.Controls.AxisControl { clamp = UnityEngine.InputSystem.Controls.AxisControl.Clamp.BeforeNormalize, clampMin = -3.402823E+38f, invert = true };"
"Packages/com.unity.inputsystem/InputSystem/Devices/Precompiled/FastTouchscreen.cs",7898,"Unity New Input System : \bUnityEngine\.InputSystem\b","private UnityEngine.InputSystem.Controls.AxisControl Initialize_ctrlTouchscreentouch9deltaleft(InternedString kAxisLayout, InputControl parent)"
"Packages/com.unity.inputsystem/InputSystem/Devices/Precompiled/FastTouchscreen.cs",7900,"Unity New Input System : \bUnityEngine\.InputSystem\b","var ctrlTouchscreentouch9deltaleft = new UnityEngine.InputSystem.Controls.AxisControl { clamp = UnityEngine.InputSystem.Controls.AxisControl.Clamp.BeforeNormalize, clampMin = -3.402823E+38f, invert = true };"
"Packages/com.unity.inputsystem/InputSystem/Devices/Precompiled/FastTouchscreen.cs",7920,"Unity New Input System : \bUnityEngine\.InputSystem\b","private UnityEngine.InputSystem.Controls.AxisControl Initialize_ctrlTouchscreentouch9deltaright(InternedString kAxisLayout, InputControl parent)"
"Packages/com.unity.inputsystem/InputSystem/Devices/Precompiled/FastTouchscreen.cs",7922,"Unity New Input System : \bUnityEngine\.InputSystem\b","var ctrlTouchscreentouch9deltaright = new UnityEngine.InputSystem.Controls.AxisControl { clamp = UnityEngine.InputSystem.Controls.AxisControl.Clamp.BeforeNormalize, clampMax = 3.402823E+38f };"
"Packages/com.unity.inputsystem/InputSystem/Devices/Precompiled/FastTouchscreen.cs",7942,"Unity New Input System : \bUnityEngine\.InputSystem\b","private UnityEngine.InputSystem.Controls.AxisControl Initialize_ctrlTouchscreentouch9deltax(InternedString kAxisLayout, InputControl parent)"
"Packages/com.unity.inputsystem/InputSystem/Devices/Precompiled/FastTouchscreen.cs",7944,"Unity New Input System : \bUnityEngine\.InputSystem\b","var ctrlTouchscreentouch9deltax = new UnityEngine.InputSystem.Controls.AxisControl();"
"Packages/com.unity.inputsystem/InputSystem/Devices/Precompiled/FastTouchscreen.cs",7963,"Unity New Input System : \bUnityEngine\.InputSystem\b","private UnityEngine.InputSystem.Controls.AxisControl Initialize_ctrlTouchscreentouch9deltay(InternedString kAxisLayout, InputControl parent)"
"Packages/com.unity.inputsystem/InputSystem/Devices/Precompiled/FastTouchscreen.cs",7965,"Unity New Input System : \bUnityEngine\.InputSystem\b","var ctrlTouchscreentouch9deltay = new UnityEngine.InputSystem.Controls.AxisControl();"
"Packages/com.unity.inputsystem/InputSystem/Devices/Precompiled/FastTouchscreen.cs",7984,"Unity New Input System : \bUnityEngine\.InputSystem\b","private UnityEngine.InputSystem.Controls.AxisControl Initialize_ctrlTouchscreentouch9radiusx(InternedString kAxisLayout, InputControl parent)"
"Packages/com.unity.inputsystem/InputSystem/Devices/Precompiled/FastTouchscreen.cs",7986,"Unity New Input System : \bUnityEngine\.InputSystem\b","var ctrlTouchscreentouch9radiusx = new UnityEngine.InputSystem.Controls.AxisControl();"
"Packages/com.unity.inputsystem/InputSystem/Devices/Precompiled/FastTouchscreen.cs",8005,"Unity New Input System : \bUnityEngine\.InputSystem\b","private UnityEngine.InputSystem.Controls.AxisControl Initialize_ctrlTouchscreentouch9radiusy(InternedString kAxisLayout, InputControl parent)"
"Packages/com.unity.inputsystem/InputSystem/Devices/Precompiled/FastTouchscreen.cs",8007,"Unity New Input System : \bUnityEngine\.InputSystem\b","var ctrlTouchscreentouch9radiusy = new UnityEngine.InputSystem.Controls.AxisControl();"
"Packages/com.unity.inputsystem/InputSystem/Devices/Precompiled/FastTouchscreen.cs",8026,"Unity New Input System : \bUnityEngine\.InputSystem\b","private UnityEngine.InputSystem.Controls.AxisControl Initialize_ctrlTouchscreentouch9startPositionx(InternedString kAxisLayout, InputControl parent)"
"Packages/com.unity.inputsystem/InputSystem/Devices/Precompiled/FastTouchscreen.cs",8028,"Unity New Input System : \bUnityEngine\.InputSystem\b","var ctrlTouchscreentouch9startPositionx = new UnityEngine.InputSystem.Controls.AxisControl();"
"Packages/com.unity.inputsystem/InputSystem/Devices/Precompiled/FastTouchscreen.cs",8047,"Unity New Input System : \bUnityEngine\.InputSystem\b","private UnityEngine.InputSystem.Controls.AxisControl Initialize_ctrlTouchscreentouch9startPositiony(InternedString kAxisLayout, InputControl parent)"
"Packages/com.unity.inputsystem/InputSystem/Devices/Precompiled/FastTouchscreen.cs",8049,"Unity New Input System : \bUnityEngine\.InputSystem\b","var ctrlTouchscreentouch9startPositiony = new UnityEngine.InputSystem.Controls.AxisControl();"
"Packages/com.unity.inputsystem/InputSystem/Devices/Remote/InputRemoting.cs",5,"Unity New Input System : \bUnityEngine\.InputSystem\b","using UnityEngine.InputSystem.Layouts;"
"Packages/com.unity.inputsystem/InputSystem/Devices/Remote/InputRemoting.cs",6,"Unity New Input System : \bUnityEngine\.InputSystem\b","using UnityEngine.InputSystem.LowLevel;"
"Packages/com.unity.inputsystem/InputSystem/Devices/Remote/InputRemoting.cs",7,"Unity New Input System : \bUnityEngine\.InputSystem\b","using UnityEngine.InputSystem.Utilities;"
"Packages/com.unity.inputsystem/InputSystem/Devices/Remote/InputRemoting.cs",29,"Unity New Input System : \bUnityEngine\.InputSystem\b","namespace UnityEngine.InputSystem"
"Packages/com.unity.inputsystem/InputSystem/Devices/Remote/RemoteInputPlayerConnection.cs",2,"Unity New Input System : \bUnityEngine\.InputSystem\b","using UnityEngine.InputSystem.Utilities;"
"Packages/com.unity.inputsystem/InputSystem/Devices/Remote/RemoteInputPlayerConnection.cs",8,"Unity New Input System : \bUnityEngine\.InputSystem\b","namespace UnityEngine.InputSystem"
"Packages/com.unity.inputsystem/InputSystem/Editor/Analytics/InputActionsEditorSessionAnalytic.cs",4,"Unity New Input System : \bUnityEngine\.InputSystem\b","using UnityEngine.InputSystem.LowLevel;"
"Packages/com.unity.inputsystem/InputSystem/Editor/Analytics/InputActionsEditorSessionAnalytic.cs",7,"Unity New Input System : \bUnityEngine\.InputSystem\b","namespace UnityEngine.InputSystem.Editor"
"Packages/com.unity.inputsystem/InputSystem/Editor/Analytics/InputActionsEditorSessionAnalytic.cs",14,"Unity New Input System : \bUnityEngine\.InputSystem\b","maxNumberOfElements: kMaxNumberOfElements, vendorKey: UnityEngine.InputSystem.InputAnalytics.kVendorKey)]"
"Packages/com.unity.inputsystem/InputSystem/Editor/Analytics/InputActionsEditorSessionAnalytic.cs",16,"Unity New Input System : \bUnityEngine\.InputSystem\b","internal class InputActionsEditorSessionAnalytic : UnityEngine.InputSystem.InputAnalytics.IInputAnalytic"
"Packages/com.unity.inputsystem/InputSystem/Editor/Analytics/InputActionsEditorSessionAnalytic.cs",235,"Unity New Input System : \bUnityEngine\.InputSystem\b","public struct Data : UnityEngine.InputSystem.InputAnalytics.IInputAnalyticData"
"Packages/com.unity.inputsystem/InputSystem/Editor/Analytics/InputBuildAnalytic.cs",9,"Unity New Input System : \bUnityEngine\.InputSystem\b","namespace UnityEngine.InputSystem.Editor"
"Packages/com.unity.inputsystem/InputSystem/Editor/Analytics/InputBuildAnalytic.cs",16,"Unity New Input System : \bUnityEngine\.InputSystem\b","maxNumberOfElements: kMaxNumberOfElements, vendorKey: UnityEngine.InputSystem.InputAnalytics.kVendorKey)]"
"Packages/com.unity.inputsystem/InputSystem/Editor/Analytics/InputBuildAnalytic.cs",18,"Unity New Input System : \bUnityEngine\.InputSystem\b","internal class InputBuildAnalytic : UnityEngine.InputSystem.InputAnalytics.IInputAnalytic"
"Packages/com.unity.inputsystem/InputSystem/Editor/Analytics/InputBuildAnalytic.cs",65,"Unity New Input System : \bUnityEngine\.InputSystem\b","internal struct InputBuildAnalyticData : UnityEngine.InputSystem.InputAnalytics.IInputAnalyticData"
"Packages/com.unity.inputsystem/InputSystem/Editor/Analytics/InputComponentEditorAnalytic.cs",4,"Unity New Input System : \bUnityEngine\.InputSystem\b","namespace UnityEngine.InputSystem.Editor"
"Packages/com.unity.inputsystem/InputSystem/Editor/Analytics/InputComponentEditorAnalytic.cs",32,"Unity New Input System : \bUnityEngine\.InputSystem\b","maxNumberOfElements: kMaxNumberOfElements, vendorKey: UnityEngine.InputSystem.InputAnalytics.kVendorKey)]"
"Packages/com.unity.inputsystem/InputSystem/Editor/Analytics/InputComponentEditorAnalytic.cs",34,"Unity New Input System : \bUnityEngine\.InputSystem\b","internal class InputComponentEditorAnalytic : UnityEngine.InputSystem.InputAnalytics.IInputAnalytic"
"Packages/com.unity.inputsystem/InputSystem/Editor/Analytics/InputComponentEditorAnalytic.cs",52,"Unity New Input System : \bUnityEngine\.InputSystem\b","public struct Data : UnityEngine.InputSystem.InputAnalytics.IInputAnalyticData"
"Packages/com.unity.inputsystem/InputSystem/Editor/Analytics/InputEditorAnalytics.cs",5,"Unity New Input System : \bUnityEngine\.InputSystem\b","namespace UnityEngine.InputSystem.Editor"
"Packages/com.unity.inputsystem/InputSystem/Editor/Analytics/InputExitPlayModeAnalytic.cs",7,"Unity New Input System : \bUnityEngine\.InputSystem\b","namespace UnityEngine.InputSystem.Editor"
"Packages/com.unity.inputsystem/InputSystem/Editor/Analytics/InputExitPlayModeAnalytic.cs",11,"Unity New Input System : \bUnityEngine\.InputSystem\b","maxNumberOfElements: kMaxNumberOfElements, vendorKey: UnityEngine.InputSystem.InputAnalytics.kVendorKey)]"
"Packages/com.unity.inputsystem/InputSystem/Editor/Analytics/InputExitPlayModeAnalytic.cs",13,"Unity New Input System : \bUnityEngine\.InputSystem\b","internal class InputExitPlayModeAnalytic : UnityEngine.InputSystem.InputAnalytics.IInputAnalytic"
"Packages/com.unity.inputsystem/InputSystem/Editor/Analytics/InputExitPlayModeAnalytic.cs",113,"Unity New Input System : \bUnityEngine\.InputSystem\b","public struct Data : UnityEngine.InputSystem.InputAnalytics.IInputAnalyticData"
"Packages/com.unity.inputsystem/InputSystem/Editor/Analytics/OnScreenStickEditorAnalytic.cs",3,"Unity New Input System : \bUnityEngine\.InputSystem\b","using UnityEngine.InputSystem.OnScreen;"
"Packages/com.unity.inputsystem/InputSystem/Editor/Analytics/OnScreenStickEditorAnalytic.cs",5,"Unity New Input System : \bUnityEngine\.InputSystem\b","namespace UnityEngine.InputSystem.Editor"
"Packages/com.unity.inputsystem/InputSystem/Editor/Analytics/OnScreenStickEditorAnalytic.cs",12,"Unity New Input System : \bUnityEngine\.InputSystem\b","maxNumberOfElements: kMaxNumberOfElements, vendorKey: UnityEngine.InputSystem.InputAnalytics.kVendorKey, version: 2)]"
"Packages/com.unity.inputsystem/InputSystem/Editor/Analytics/OnScreenStickEditorAnalytic.cs",14,"Unity New Input System : \bUnityEngine\.InputSystem\b","internal class OnScreenStickEditorAnalytic : UnityEngine.InputSystem.InputAnalytics.IInputAnalytic"
"Packages/com.unity.inputsystem/InputSystem/Editor/Analytics/OnScreenStickEditorAnalytic.cs",24,"Unity New Input System : \bUnityEngine\.InputSystem\b","internal struct Data : UnityEngine.InputSystem.InputAnalytics.IInputAnalyticData"
"Packages/com.unity.inputsystem/InputSystem/Editor/Analytics/PlayerInputEditorAnalytic.cs",4,"Unity New Input System : \bUnityEngine\.InputSystem\b","namespace UnityEngine.InputSystem.Editor"
"Packages/com.unity.inputsystem/InputSystem/Editor/Analytics/PlayerInputEditorAnalytic.cs",11,"Unity New Input System : \bUnityEngine\.InputSystem\b","maxNumberOfElements: kMaxNumberOfElements, vendorKey: UnityEngine.InputSystem.InputAnalytics.kVendorKey)]"
"Packages/com.unity.inputsystem/InputSystem/Editor/Analytics/PlayerInputEditorAnalytic.cs",13,"Unity New Input System : \bUnityEngine\.InputSystem\b","internal class PlayerInputEditorAnalytic : UnityEngine.InputSystem.InputAnalytics.IInputAnalytic"
"Packages/com.unity.inputsystem/InputSystem/Editor/Analytics/PlayerInputEditorAnalytic.cs",48,"Unity New Input System : \bUnityEngine\.InputSystem\b","internal struct Data : UnityEngine.InputSystem.InputAnalytics.IInputAnalyticData"
"Packages/com.unity.inputsystem/InputSystem/Editor/Analytics/PlayerInputManagerEditorAnalytic.cs",4,"Unity New Input System : \bUnityEngine\.InputSystem\b","namespace UnityEngine.InputSystem.Editor"
"Packages/com.unity.inputsystem/InputSystem/Editor/Analytics/PlayerInputManagerEditorAnalytic.cs",8,"Unity New Input System : \bUnityEngine\.InputSystem\b","maxNumberOfElements: kMaxNumberOfElements, vendorKey: UnityEngine.InputSystem.InputAnalytics.kVendorKey)]"
"Packages/com.unity.inputsystem/InputSystem/Editor/Analytics/PlayerInputManagerEditorAnalytic.cs",10,"Unity New Input System : \bUnityEngine\.InputSystem\b","internal class PlayerInputManagerEditorAnalytic : UnityEngine.InputSystem.InputAnalytics.IInputAnalytic"
"Packages/com.unity.inputsystem/InputSystem/Editor/Analytics/PlayerInputManagerEditorAnalytic.cs",45,"Unity New Input System : \bUnityEngine\.InputSystem\b","internal struct Data : UnityEngine.InputSystem.InputAnalytics.IInputAnalyticData"
"Packages/com.unity.inputsystem/InputSystem/Editor/Analytics/PlayerInputManagerEditorAnalytic.cs",67,"Unity New Input System : \bUnityEngine\.InputSystem\b","private static PlayerJoinBehavior ToPlayerJoinBehavior(UnityEngine.InputSystem.PlayerJoinBehavior value)"
"Packages/com.unity.inputsystem/InputSystem/Editor/Analytics/PlayerInputManagerEditorAnalytic.cs",71,"Unity New Input System : \bUnityEngine\.InputSystem\b","case UnityEngine.InputSystem.PlayerJoinBehavior.JoinPlayersWhenButtonIsPressed:"
"Packages/com.unity.inputsystem/InputSystem/Editor/Analytics/PlayerInputManagerEditorAnalytic.cs",73,"Unity New Input System : \bUnityEngine\.InputSystem\b","case UnityEngine.InputSystem.PlayerJoinBehavior.JoinPlayersWhenJoinActionIsTriggered:"
"Packages/com.unity.inputsystem/InputSystem/Editor/Analytics/PlayerInputManagerEditorAnalytic.cs",75,"Unity New Input System : \bUnityEngine\.InputSystem\b","case UnityEngine.InputSystem.PlayerJoinBehavior.JoinPlayersManually:"
"Packages/com.unity.inputsystem/InputSystem/Editor/Analytics/VirtualMouseInputEditorAnalytic.cs",3,"Unity New Input System : \bUnityEngine\.InputSystem\b","using UnityEngine.InputSystem.UI;"
"Packages/com.unity.inputsystem/InputSystem/Editor/Analytics/VirtualMouseInputEditorAnalytic.cs",5,"Unity New Input System : \bUnityEngine\.InputSystem\b","namespace UnityEngine.InputSystem.Editor"
"Packages/com.unity.inputsystem/InputSystem/Editor/Analytics/VirtualMouseInputEditorAnalytic.cs",12,"Unity New Input System : \bUnityEngine\.InputSystem\b","maxNumberOfElements: kMaxNumberOfElements, vendorKey: UnityEngine.InputSystem.InputAnalytics.kVendorKey)]"
"Packages/com.unity.inputsystem/InputSystem/Editor/Analytics/VirtualMouseInputEditorAnalytic.cs",14,"Unity New Input System : \bUnityEngine\.InputSystem\b","internal class VirtualMouseInputEditorAnalytic : UnityEngine.InputSystem.InputAnalytics.IInputAnalytic"
"Packages/com.unity.inputsystem/InputSystem/Editor/Analytics/VirtualMouseInputEditorAnalytic.cs",21,"Unity New Input System : \bUnityEngine\.InputSystem\b","internal struct Data : UnityEngine.InputSystem.InputAnalytics.IInputAnalyticData"
"Packages/com.unity.inputsystem/InputSystem/Editor/AssetEditor/InputActionAssetManager.cs",9,"Unity New Input System : \bUnityEngine\.InputSystem\b","namespace UnityEngine.InputSystem.Editor"
"Packages/com.unity.inputsystem/InputSystem/Editor/AssetEditor/InputActionEditorToolbar.cs",8,"Unity New Input System : \bUnityEngine\.InputSystem\b","using UnityEngine.InputSystem.Utilities;"
"Packages/com.unity.inputsystem/InputSystem/Editor/AssetEditor/InputActionEditorToolbar.cs",14,"Unity New Input System : \bUnityEngine\.InputSystem\b","namespace UnityEngine.InputSystem.Editor"
"Packages/com.unity.inputsystem/InputSystem/Editor/AssetEditor/InputActionEditorWindow.cs",23,"Unity New Input System : \bUnityEngine\.InputSystem\b","namespace UnityEngine.InputSystem.Editor"
"Packages/com.unity.inputsystem/InputSystem/Editor/AssetEditor/InputActionPropertiesView.cs",6,"Unity New Input System : \bUnityEngine\.InputSystem\b","using UnityEngine.InputSystem.Controls;"
"Packages/com.unity.inputsystem/InputSystem/Editor/AssetEditor/InputActionPropertiesView.cs",7,"Unity New Input System : \bUnityEngine\.InputSystem\b","using UnityEngine.InputSystem.Utilities;"
"Packages/com.unity.inputsystem/InputSystem/Editor/AssetEditor/InputActionPropertiesView.cs",9,"Unity New Input System : \bUnityEngine\.InputSystem\b","namespace UnityEngine.InputSystem.Editor"
"Packages/com.unity.inputsystem/InputSystem/Editor/AssetEditor/InputActionTreeView.cs",10,"Unity New Input System : \bUnityEngine\.InputSystem\b","using UnityEngine.InputSystem.Layouts;"
"Packages/com.unity.inputsystem/InputSystem/Editor/AssetEditor/InputActionTreeView.cs",11,"Unity New Input System : \bUnityEngine\.InputSystem\b","using UnityEngine.InputSystem.Utilities;"
"Packages/com.unity.inputsystem/InputSystem/Editor/AssetEditor/InputActionTreeView.cs",27,"Unity New Input System : \bUnityEngine\.InputSystem\b","namespace UnityEngine.InputSystem.Editor"
"Packages/com.unity.inputsystem/InputSystem/Editor/AssetEditor/InputActionTreeViewItems.cs",7,"Unity New Input System : \bUnityEngine\.InputSystem\b","using UnityEngine.InputSystem.Utilities;"
"Packages/com.unity.inputsystem/InputSystem/Editor/AssetEditor/InputActionTreeViewItems.cs",13,"Unity New Input System : \bUnityEngine\.InputSystem\b","namespace UnityEngine.InputSystem.Editor"
"Packages/com.unity.inputsystem/InputSystem/Editor/AssetEditor/InputBindingPropertiesView.cs",7,"Unity New Input System : \bUnityEngine\.InputSystem\b","using UnityEngine.InputSystem.Editor.Lists;"
"Packages/com.unity.inputsystem/InputSystem/Editor/AssetEditor/InputBindingPropertiesView.cs",8,"Unity New Input System : \bUnityEngine\.InputSystem\b","using UnityEngine.InputSystem.Layouts;"
"Packages/com.unity.inputsystem/InputSystem/Editor/AssetEditor/InputBindingPropertiesView.cs",9,"Unity New Input System : \bUnityEngine\.InputSystem\b","using UnityEngine.InputSystem.Utilities;"
"Packages/com.unity.inputsystem/InputSystem/Editor/AssetEditor/InputBindingPropertiesView.cs",14,"Unity New Input System : \bUnityEngine\.InputSystem\b","namespace UnityEngine.InputSystem.Editor"
"Packages/com.unity.inputsystem/InputSystem/Editor/AssetEditor/NameAndParameterListView.cs",7,"Unity New Input System : \bUnityEngine\.InputSystem\b","using UnityEngine.InputSystem.Utilities;"
"Packages/com.unity.inputsystem/InputSystem/Editor/AssetEditor/NameAndParameterListView.cs",9,"Unity New Input System : \bUnityEngine\.InputSystem\b","namespace UnityEngine.InputSystem.Editor.Lists"
"Packages/com.unity.inputsystem/InputSystem/Editor/AssetEditor/ParameterListView.cs",8,"Unity New Input System : \bUnityEngine\.InputSystem\b","using UnityEngine.InputSystem.Layouts;"
"Packages/com.unity.inputsystem/InputSystem/Editor/AssetEditor/ParameterListView.cs",9,"Unity New Input System : \bUnityEngine\.InputSystem\b","using UnityEngine.InputSystem.Utilities;"
"Packages/com.unity.inputsystem/InputSystem/Editor/AssetEditor/ParameterListView.cs",14,"Unity New Input System : \bUnityEngine\.InputSystem\b","namespace UnityEngine.InputSystem.Editor.Lists"
"Packages/com.unity.inputsystem/InputSystem/Editor/AssetEditor/PropertiesViewBase.cs",4,"Unity New Input System : \bUnityEngine\.InputSystem\b","using UnityEngine.InputSystem.Editor.Lists;"
"Packages/com.unity.inputsystem/InputSystem/Editor/AssetEditor/PropertiesViewBase.cs",5,"Unity New Input System : \bUnityEngine\.InputSystem\b","using UnityEngine.InputSystem.Utilities;"
"Packages/com.unity.inputsystem/InputSystem/Editor/AssetEditor/PropertiesViewBase.cs",9,"Unity New Input System : \bUnityEngine\.InputSystem\b","namespace UnityEngine.InputSystem.Editor"
"Packages/com.unity.inputsystem/InputSystem/Editor/AssetImporter/IInputActionAssetEditor.cs",3,"Unity New Input System : \bUnityEngine\.InputSystem\b","namespace UnityEngine.InputSystem.Editor"
"Packages/com.unity.inputsystem/InputSystem/Editor/AssetImporter/InputActionAssetEditor.cs",6,"Unity New Input System : \bUnityEngine\.InputSystem\b","namespace UnityEngine.InputSystem.Editor"
"Packages/com.unity.inputsystem/InputSystem/Editor/AssetImporter/InputActionAssetIconLoader.cs",4,"Unity New Input System : \bUnityEngine\.InputSystem\b","namespace UnityEngine.InputSystem.Editor"
"Packages/com.unity.inputsystem/InputSystem/Editor/AssetImporter/InputActionCodeGenerator.cs",7,"Unity New Input System : \bUnityEngine\.InputSystem\b","using UnityEngine.InputSystem.Utilities;"
"Packages/com.unity.inputsystem/InputSystem/Editor/AssetImporter/InputActionCodeGenerator.cs",36,"Unity New Input System : \bUnityEngine\.InputSystem\b","namespace UnityEngine.InputSystem.Editor"
"Packages/com.unity.inputsystem/InputSystem/Editor/AssetImporter/InputActionCodeGenerator.cs",46,"Unity New Input System : \bUnityEngine\.InputSystem\b","using UnityEngine.InputSystem;"
"Packages/com.unity.inputsystem/InputSystem/Editor/AssetImporter/InputActionCodeGenerator.cs",133,"Unity New Input System : \bUnityEngine\.InputSystem\b","writer.WriteLine(""using UnityEngine.InputSystem;"");"
"Packages/com.unity.inputsystem/InputSystem/Editor/AssetImporter/InputActionCodeGenerator.cs",134,"Unity New Input System : \bUnityEngine\.InputSystem\b","writer.WriteLine(""using UnityEngine.InputSystem.Utilities;"");"
"Packages/com.unity.inputsystem/InputSystem/Editor/AssetImporter/InputActionCodeGenerator.cs",441,"Unity New Input System : \bUnityEngine\.InputSystem\b","writer.DocSummary($""Method invoked when associated input action \""{action.name}\"" is either <see cref=\""UnityEngine.InputSystem.InputAction.started\"" />, <see cref=\""UnityEngine.InputSystem.InputAction.performed\"" /> or <see cref=\""UnityEng …"
"Packages/com.unity.inputsystem/InputSystem/Editor/AssetImporter/InputActionImporter.cs",12,"Unity New Input System : \bUnityEngine\.InputSystem\b","using UnityEngine.InputSystem.Utilities;"
"Packages/com.unity.inputsystem/InputSystem/Editor/AssetImporter/InputActionImporter.cs",19,"Unity New Input System : \bUnityEngine\.InputSystem\b","namespace UnityEngine.InputSystem.Editor"
"Packages/com.unity.inputsystem/InputSystem/Editor/AssetImporter/InputActionImporterEditor.cs",4,"Unity New Input System : \bUnityEngine\.InputSystem\b","using UnityEngine.InputSystem.Utilities;"
"Packages/com.unity.inputsystem/InputSystem/Editor/AssetImporter/InputActionImporterEditor.cs",14,"Unity New Input System : \bUnityEngine\.InputSystem\b","namespace UnityEngine.InputSystem.Editor"
"Packages/com.unity.inputsystem/InputSystem/Editor/BuildPipeline/LinkFileGenerator.cs",8,"Unity New Input System : \bUnityEngine\.InputSystem\b","using UnityEngine.InputSystem.LowLevel;"
"Packages/com.unity.inputsystem/InputSystem/Editor/BuildPipeline/LinkFileGenerator.cs",13,"Unity New Input System : \bUnityEngine\.InputSystem\b","using UnityEngine.InputSystem.Layouts;"
"Packages/com.unity.inputsystem/InputSystem/Editor/BuildPipeline/LinkFileGenerator.cs",15,"Unity New Input System : \bUnityEngine\.InputSystem\b","namespace UnityEngine.InputSystem.Editor"
"Packages/com.unity.inputsystem/InputSystem/Editor/BuildPipeline/LinkFileGenerator.cs",40,"Unity New Input System : \bUnityEngine\.InputSystem\b","var currentAssemblyName = typeof(UnityEngine.InputSystem.InputSystem).Assembly.GetName().Name;"
"Packages/com.unity.inputsystem/InputSystem/Editor/ControlPicker/IInputControlPickerLayout.cs",2,"Unity New Input System : \bUnityEngine\.InputSystem\b","using UnityEngine.InputSystem.Layouts;"
"Packages/com.unity.inputsystem/InputSystem/Editor/ControlPicker/IInputControlPickerLayout.cs",4,"Unity New Input System : \bUnityEngine\.InputSystem\b","namespace UnityEngine.InputSystem.Editor"
"Packages/com.unity.inputsystem/InputSystem/Editor/ControlPicker/InputControlDropdownItem.cs",4,"Unity New Input System : \bUnityEngine\.InputSystem\b","using UnityEngine.InputSystem.Layouts;"
"Packages/com.unity.inputsystem/InputSystem/Editor/ControlPicker/InputControlDropdownItem.cs",6,"Unity New Input System : \bUnityEngine\.InputSystem\b","namespace UnityEngine.InputSystem.Editor"
"Packages/com.unity.inputsystem/InputSystem/Editor/ControlPicker/InputControlPathEditor.cs",7,"Unity New Input System : \bUnityEngine\.InputSystem\b","using UnityEngine.InputSystem.Layouts;"
"Packages/com.unity.inputsystem/InputSystem/Editor/ControlPicker/InputControlPathEditor.cs",9,"Unity New Input System : \bUnityEngine\.InputSystem\b","namespace UnityEngine.InputSystem.Editor"
"Packages/com.unity.inputsystem/InputSystem/Editor/ControlPicker/InputControlPicker.cs",6,"Unity New Input System : \bUnityEngine\.InputSystem\b","namespace UnityEngine.InputSystem.Editor"
"Packages/com.unity.inputsystem/InputSystem/Editor/ControlPicker/InputControlPickerDropdown.cs",7,"Unity New Input System : \bUnityEngine\.InputSystem\b","using UnityEngine.InputSystem.Controls;"
"Packages/com.unity.inputsystem/InputSystem/Editor/ControlPicker/InputControlPickerDropdown.cs",8,"Unity New Input System : \bUnityEngine\.InputSystem\b","using UnityEngine.InputSystem.Layouts;"
"Packages/com.unity.inputsystem/InputSystem/Editor/ControlPicker/InputControlPickerDropdown.cs",9,"Unity New Input System : \bUnityEngine\.InputSystem\b","using UnityEngine.InputSystem.Utilities;"
"Packages/com.unity.inputsystem/InputSystem/Editor/ControlPicker/InputControlPickerDropdown.cs",17,"Unity New Input System : \bUnityEngine\.InputSystem\b","namespace UnityEngine.InputSystem.Editor"
"Packages/com.unity.inputsystem/InputSystem/Editor/ControlPicker/InputControlPickerState.cs",4,"Unity New Input System : \bUnityEngine\.InputSystem\b","namespace UnityEngine.InputSystem.Editor"
"Packages/com.unity.inputsystem/InputSystem/Editor/Debugger/InputActionDebuggerWindow.cs",8,"Unity New Input System : \bUnityEngine\.InputSystem\b","namespace UnityEngine.InputSystem.Editor"
"Packages/com.unity.inputsystem/InputSystem/Editor/Debugger/InputDebuggerWindow.cs",6,"Unity New Input System : \bUnityEngine\.InputSystem\b","using UnityEngine.InputSystem.LowLevel;"
"Packages/com.unity.inputsystem/InputSystem/Editor/Debugger/InputDebuggerWindow.cs",11,"Unity New Input System : \bUnityEngine\.InputSystem\b","using UnityEngine.InputSystem.Layouts;"
"Packages/com.unity.inputsystem/InputSystem/Editor/Debugger/InputDebuggerWindow.cs",12,"Unity New Input System : \bUnityEngine\.InputSystem\b","using UnityEngine.InputSystem.Users;"
"Packages/com.unity.inputsystem/InputSystem/Editor/Debugger/InputDebuggerWindow.cs",13,"Unity New Input System : \bUnityEngine\.InputSystem\b","using UnityEngine.InputSystem.Utilities;"
"Packages/com.unity.inputsystem/InputSystem/Editor/Debugger/InputDebuggerWindow.cs",32,"Unity New Input System : \bUnityEngine\.InputSystem\b","namespace UnityEngine.InputSystem.Editor"
"Packages/com.unity.inputsystem/InputSystem/Editor/Debugger/InputDeviceDebuggerWindow.cs",9,"Unity New Input System : \bUnityEngine\.InputSystem\b","using UnityEngine.InputSystem.LowLevel;"
"Packages/com.unity.inputsystem/InputSystem/Editor/Debugger/InputDeviceDebuggerWindow.cs",10,"Unity New Input System : \bUnityEngine\.InputSystem\b","using UnityEngine.InputSystem.Utilities;"
"Packages/com.unity.inputsystem/InputSystem/Editor/Debugger/InputDeviceDebuggerWindow.cs",36,"Unity New Input System : \bUnityEngine\.InputSystem\b","namespace UnityEngine.InputSystem.Editor"
"Packages/com.unity.inputsystem/InputSystem/Editor/Debugger/InputLatencyCalculator.cs",2,"Unity New Input System : \bUnityEngine\.InputSystem\b","using UnityEngine.InputSystem.LowLevel;"
"Packages/com.unity.inputsystem/InputSystem/Editor/Debugger/InputLatencyCalculator.cs",4,"Unity New Input System : \bUnityEngine\.InputSystem\b","namespace UnityEngine.InputSystem.Editor"
"Packages/com.unity.inputsystem/InputSystem/Editor/Debugger/SampleFrequencyCalculator.cs",1,"Unity New Input System : \bUnityEngine\.InputSystem\b","using UnityEngine.InputSystem.LowLevel;"
"Packages/com.unity.inputsystem/InputSystem/Editor/Debugger/SampleFrequencyCalculator.cs",3,"Unity New Input System : \bUnityEngine\.InputSystem\b","namespace UnityEngine.InputSystem.Editor"
"Packages/com.unity.inputsystem/InputSystem/Editor/DeviceSimulator/InputSystemPlugin.cs",6,"Unity New Input System : \bUnityEngine\.InputSystem\b","using UnityEngine.InputSystem.LowLevel;"
"Packages/com.unity.inputsystem/InputSystem/Editor/DeviceSimulator/InputSystemPlugin.cs",8,"Unity New Input System : \bUnityEngine\.InputSystem\b","namespace UnityEngine.InputSystem.Editor"
"Packages/com.unity.inputsystem/InputSystem/Editor/DeviceSimulator/InputSystemPlugin.cs",74,"Unity New Input System : \bUnityEngine\.InputSystem\b","private static UnityEngine.InputSystem.TouchPhase ToInputSystem(UnityEditor.DeviceSimulation.TouchPhase original)"
"Packages/com.unity.inputsystem/InputSystem/Editor/DeviceSimulator/InputSystemPlugin.cs",79,"Unity New Input System : \bUnityEngine\.InputSystem\b","return UnityEngine.InputSystem.TouchPhase.Began;"
"Packages/com.unity.inputsystem/InputSystem/Editor/DeviceSimulator/InputSystemPlugin.cs",81,"Unity New Input System : \bUnityEngine\.InputSystem\b","return UnityEngine.InputSystem.TouchPhase.Moved;"
"Packages/com.unity.inputsystem/InputSystem/Editor/DeviceSimulator/InputSystemPlugin.cs",83,"Unity New Input System : \bUnityEngine\.InputSystem\b","return UnityEngine.InputSystem.TouchPhase.Ended;"
"Packages/com.unity.inputsystem/InputSystem/Editor/DeviceSimulator/InputSystemPlugin.cs",85,"Unity New Input System : \bUnityEngine\.InputSystem\b","return UnityEngine.InputSystem.TouchPhase.Canceled;"
"Packages/com.unity.inputsystem/InputSystem/Editor/DeviceSimulator/InputSystemPlugin.cs",87,"Unity New Input System : \bUnityEngine\.InputSystem\b","return UnityEngine.InputSystem.TouchPhase.Stationary;"
"Packages/com.unity.inputsystem/InputSystem/Editor/Internal/BuildProviderHelpers.cs",5,"Unity New Input System : \bUnityEngine\.InputSystem\b","using UnityEngine.InputSystem.Utilities;"
"Packages/com.unity.inputsystem/InputSystem/Editor/Internal/BuildProviderHelpers.cs",7,"Unity New Input System : \bUnityEngine\.InputSystem\b","namespace UnityEngine.InputSystem.Editor"
"Packages/com.unity.inputsystem/InputSystem/Editor/Internal/EditorHelpers.cs",8,"Unity New Input System : \bUnityEngine\.InputSystem\b","namespace UnityEngine.InputSystem.Editor"
"Packages/com.unity.inputsystem/InputSystem/Editor/Internal/GUIHelpers.cs",5,"Unity New Input System : \bUnityEngine\.InputSystem\b","namespace UnityEngine.InputSystem.Editor"
"Packages/com.unity.inputsystem/InputSystem/Editor/Internal/InputActionSerializationHelpers.cs",8,"Unity New Input System : \bUnityEngine\.InputSystem\b","using UnityEngine.InputSystem.Layouts;"
"Packages/com.unity.inputsystem/InputSystem/Editor/Internal/InputActionSerializationHelpers.cs",9,"Unity New Input System : \bUnityEngine\.InputSystem\b","using UnityEngine.InputSystem.Utilities;"
"Packages/com.unity.inputsystem/InputSystem/Editor/Internal/InputActionSerializationHelpers.cs",13,"Unity New Input System : \bUnityEngine\.InputSystem\b","namespace UnityEngine.InputSystem.Editor"
"Packages/com.unity.inputsystem/InputSystem/Editor/Internal/InputControlTreeView.cs",6,"Unity New Input System : \bUnityEngine\.InputSystem\b","using UnityEngine.InputSystem.LowLevel;"
"Packages/com.unity.inputsystem/InputSystem/Editor/Internal/InputControlTreeView.cs",15,"Unity New Input System : \bUnityEngine\.InputSystem\b","namespace UnityEngine.InputSystem.Editor"
"Packages/com.unity.inputsystem/InputSystem/Editor/Internal/InputEventTreeView.cs",5,"Unity New Input System : \bUnityEngine\.InputSystem\b","using UnityEngine.InputSystem.LowLevel;"
"Packages/com.unity.inputsystem/InputSystem/Editor/Internal/InputEventTreeView.cs",19,"Unity New Input System : \bUnityEngine\.InputSystem\b","namespace UnityEngine.InputSystem.Editor"
"Packages/com.unity.inputsystem/InputSystem/Editor/Internal/InputStateWindow.cs",7,"Unity New Input System : \bUnityEngine\.InputSystem\b","using UnityEngine.InputSystem.LowLevel;"
"Packages/com.unity.inputsystem/InputSystem/Editor/Internal/InputStateWindow.cs",23,"Unity New Input System : \bUnityEngine\.InputSystem\b","namespace UnityEngine.InputSystem.Editor"
"Packages/com.unity.inputsystem/InputSystem/Editor/Internal/SerializedPropertyHelpers.cs",7,"Unity New Input System : \bUnityEngine\.InputSystem\b","using UnityEngine.InputSystem.Utilities;"
"Packages/com.unity.inputsystem/InputSystem/Editor/Internal/SerializedPropertyHelpers.cs",9,"Unity New Input System : \bUnityEngine\.InputSystem\b","namespace UnityEngine.InputSystem.Editor"
"Packages/com.unity.inputsystem/InputSystem/Editor/Internal/SerializedPropertyLinqExtensions.cs",6,"Unity New Input System : \bUnityEngine\.InputSystem\b","namespace UnityEngine.InputSystem.Editor"
"Packages/com.unity.inputsystem/InputSystem/Editor/Internal/TreeViewHelpers.cs",5,"Unity New Input System : \bUnityEngine\.InputSystem\b","namespace UnityEngine.InputSystem.Editor"
"Packages/com.unity.inputsystem/InputSystem/Editor/ProjectWideActions/ProjectWideActionsAsset.cs",8,"Unity New Input System : \bUnityEngine\.InputSystem\b","using UnityEngine.InputSystem.Utilities;"
"Packages/com.unity.inputsystem/InputSystem/Editor/ProjectWideActions/ProjectWideActionsAsset.cs",10,"Unity New Input System : \bUnityEngine\.InputSystem\b","namespace UnityEngine.InputSystem.Editor"
"Packages/com.unity.inputsystem/InputSystem/Editor/ProjectWideActions/ProjectWideActionsBuildProvider.cs",7,"Unity New Input System : \bUnityEngine\.InputSystem\b","using UnityEngine.InputSystem.Utilities;"
"Packages/com.unity.inputsystem/InputSystem/Editor/ProjectWideActions/ProjectWideActionsBuildProvider.cs",9,"Unity New Input System : \bUnityEngine\.InputSystem\b","namespace UnityEngine.InputSystem.Editor"
"Packages/com.unity.inputsystem/InputSystem/Editor/PropertyDrawers/GamepadButtonPropertyDrawer.cs",3,"Unity New Input System : \bUnityEngine\.InputSystem\b","using UnityEngine.InputSystem.LowLevel;"
"Packages/com.unity.inputsystem/InputSystem/Editor/PropertyDrawers/GamepadButtonPropertyDrawer.cs",8,"Unity New Input System : \bUnityEngine\.InputSystem\b","namespace UnityEngine.InputSystem.Editor"
"Packages/com.unity.inputsystem/InputSystem/Editor/PropertyDrawers/InputActionAssetDrawer.cs",7,"Unity New Input System : \bUnityEngine\.InputSystem\b","namespace UnityEngine.InputSystem.Editor"
"Packages/com.unity.inputsystem/InputSystem/Editor/PropertyDrawers/InputActionAssetSearchProvider.cs",8,"Unity New Input System : \bUnityEngine\.InputSystem\b","namespace UnityEngine.InputSystem.Editor"
"Packages/com.unity.inputsystem/InputSystem/Editor/PropertyDrawers/InputActionDrawer.cs",6,"Unity New Input System : \bUnityEngine\.InputSystem\b","namespace UnityEngine.InputSystem.Editor"
"Packages/com.unity.inputsystem/InputSystem/Editor/PropertyDrawers/InputActionDrawerBase.cs",6,"Unity New Input System : \bUnityEngine\.InputSystem\b","namespace UnityEngine.InputSystem.Editor"
"Packages/com.unity.inputsystem/InputSystem/Editor/PropertyDrawers/InputActionMapDrawer.cs",6,"Unity New Input System : \bUnityEngine\.InputSystem\b","namespace UnityEngine.InputSystem.Editor"
"Packages/com.unity.inputsystem/InputSystem/Editor/PropertyDrawers/InputActionPropertyDrawer.cs",4,"Unity New Input System : \bUnityEngine\.InputSystem\b","namespace UnityEngine.InputSystem.Editor"
"Packages/com.unity.inputsystem/InputSystem/Editor/PropertyDrawers/InputActionReferencePropertyDrawer.cs",7,"Unity New Input System : \bUnityEngine\.InputSystem\b","namespace UnityEngine.InputSystem.Editor"
"Packages/com.unity.inputsystem/InputSystem/Editor/PropertyDrawers/InputActionReferenceSearchProviders.cs",8,"Unity New Input System : \bUnityEngine\.InputSystem\b","namespace UnityEngine.InputSystem.Editor"
"Packages/com.unity.inputsystem/InputSystem/Editor/PropertyDrawers/InputControlPathDrawer.cs",4,"Unity New Input System : \bUnityEngine\.InputSystem\b","using UnityEngine.InputSystem.Layouts;"
"Packages/com.unity.inputsystem/InputSystem/Editor/PropertyDrawers/InputControlPathDrawer.cs",6,"Unity New Input System : \bUnityEngine\.InputSystem\b","namespace UnityEngine.InputSystem.Editor"
"Packages/com.unity.inputsystem/InputSystem/Editor/Settings/EditorPlayerSettingHelpers.cs",11,"Unity New Input System : \bUnityEngine\.InputSystem\b","namespace UnityEngine.InputSystem.Editor"
"Packages/com.unity.inputsystem/InputSystem/Editor/Settings/InputEditorUserSettings.cs",7,"Unity New Input System : \bUnityEngine\.InputSystem\b","namespace UnityEngine.InputSystem.Editor"
"Packages/com.unity.inputsystem/InputSystem/Editor/Settings/InputSettingsBuildProvider.cs",5,"Unity New Input System : \bUnityEngine\.InputSystem\b","namespace UnityEngine.InputSystem.Editor"
"Packages/com.unity.inputsystem/InputSystem/Editor/Settings/InputSettingsProvider.cs",6,"Unity New Input System : \bUnityEngine\.InputSystem\b","using UnityEngine.InputSystem.Utilities;"
"Packages/com.unity.inputsystem/InputSystem/Editor/Settings/InputSettingsProvider.cs",13,"Unity New Input System : \bUnityEngine\.InputSystem\b","namespace UnityEngine.InputSystem.Editor"
"Packages/com.unity.inputsystem/InputSystem/Editor/UITKAssetEditor/EnumerableExtensions.cs",5,"Unity New Input System : \bUnityEngine\.InputSystem\b","namespace UnityEngine.InputSystem.Editor"
"Packages/com.unity.inputsystem/InputSystem/Editor/UITKAssetEditor/ExpressionUtils.cs",6,"Unity New Input System : \bUnityEngine\.InputSystem\b","namespace UnityEngine.InputSystem.Editor"
"Packages/com.unity.inputsystem/InputSystem/Editor/UITKAssetEditor/InputActionsEditorConstants.cs",3,"Unity New Input System : \bUnityEngine\.InputSystem\b","namespace UnityEngine.InputSystem.Editor"
"Packages/com.unity.inputsystem/InputSystem/Editor/UITKAssetEditor/InputActionsEditorSettingsProvider.cs",9,"Unity New Input System : \bUnityEngine\.InputSystem\b","namespace UnityEngine.InputSystem.Editor"
"Packages/com.unity.inputsystem/InputSystem/Editor/UITKAssetEditor/InputActionsEditorState.cs",7,"Unity New Input System : \bUnityEngine\.InputSystem\b","namespace UnityEngine.InputSystem.Editor"
"Packages/com.unity.inputsystem/InputSystem/Editor/UITKAssetEditor/InputActionsEditorWindow.cs",14,"Unity New Input System : \bUnityEngine\.InputSystem\b","namespace UnityEngine.InputSystem.Editor"
"Packages/com.unity.inputsystem/InputSystem/Editor/UITKAssetEditor/InputActionsEditorWindowUtils.cs",7,"Unity New Input System : \bUnityEngine\.InputSystem\b","namespace UnityEngine.InputSystem.Editor"
"Packages/com.unity.inputsystem/InputSystem/Editor/UITKAssetEditor/ReactiveProperty.cs",4,"Unity New Input System : \bUnityEngine\.InputSystem\b","namespace UnityEngine.InputSystem.Editor"
"Packages/com.unity.inputsystem/InputSystem/Editor/UITKAssetEditor/SerializedInputAction.cs",5,"Unity New Input System : \bUnityEngine\.InputSystem\b","namespace UnityEngine.InputSystem.Editor"
"Packages/com.unity.inputsystem/InputSystem/Editor/UITKAssetEditor/SerializedInputActionMap.cs",5,"Unity New Input System : \bUnityEngine\.InputSystem\b","namespace UnityEngine.InputSystem.Editor"
"Packages/com.unity.inputsystem/InputSystem/Editor/UITKAssetEditor/SerializedInputBinding.cs",6,"Unity New Input System : \bUnityEngine\.InputSystem\b","namespace UnityEngine.InputSystem.Editor"
"Packages/com.unity.inputsystem/InputSystem/Editor/UITKAssetEditor/StateContainer.cs",8,"Unity New Input System : \bUnityEngine\.InputSystem\b","namespace UnityEngine.InputSystem.Editor"
"Packages/com.unity.inputsystem/InputSystem/Plugins/Android/AndroidAxis.cs",5,"Unity New Input System : \bUnityEngine\.InputSystem\b","using UnityEngine.InputSystem.Android.LowLevel;"
"Packages/com.unity.inputsystem/InputSystem/Plugins/Android/AndroidAxis.cs",6,"Unity New Input System : \bUnityEngine\.InputSystem\b","using UnityEngine.InputSystem.Utilities;"
"Packages/com.unity.inputsystem/InputSystem/Plugins/Android/AndroidAxis.cs",8,"Unity New Input System : \bUnityEngine\.InputSystem\b","namespace UnityEngine.InputSystem.Android.LowLevel"
"Packages/com.unity.inputsystem/InputSystem/Plugins/Android/AndroidGameController.cs",5,"Unity New Input System : \bUnityEngine\.InputSystem\b","using UnityEngine.InputSystem.Layouts;"
"Packages/com.unity.inputsystem/InputSystem/Plugins/Android/AndroidGameController.cs",6,"Unity New Input System : \bUnityEngine\.InputSystem\b","using UnityEngine.InputSystem.LowLevel;"
"Packages/com.unity.inputsystem/InputSystem/Plugins/Android/AndroidGameController.cs",7,"Unity New Input System : \bUnityEngine\.InputSystem\b","using UnityEngine.InputSystem.Android.LowLevel;"
"Packages/com.unity.inputsystem/InputSystem/Plugins/Android/AndroidGameController.cs",8,"Unity New Input System : \bUnityEngine\.InputSystem\b","using UnityEngine.InputSystem.DualShock;"
"Packages/com.unity.inputsystem/InputSystem/Plugins/Android/AndroidGameController.cs",9,"Unity New Input System : \bUnityEngine\.InputSystem\b","using UnityEngine.InputSystem.Utilities;"
"Packages/com.unity.inputsystem/InputSystem/Plugins/Android/AndroidGameController.cs",11,"Unity New Input System : \bUnityEngine\.InputSystem\b","namespace UnityEngine.InputSystem.Android.LowLevel"
"Packages/com.unity.inputsystem/InputSystem/Plugins/Android/AndroidGameController.cs",141,"Unity New Input System : \bUnityEngine\.InputSystem\b","namespace UnityEngine.InputSystem.Android"
"Packages/com.unity.inputsystem/InputSystem/Plugins/Android/AndroidKeyCode.cs",5,"Unity New Input System : \bUnityEngine\.InputSystem\b","using UnityEngine.InputSystem.Android.LowLevel;"
"Packages/com.unity.inputsystem/InputSystem/Plugins/Android/AndroidKeyCode.cs",6,"Unity New Input System : \bUnityEngine\.InputSystem\b","using UnityEngine.InputSystem.Utilities;"
"Packages/com.unity.inputsystem/InputSystem/Plugins/Android/AndroidKeyCode.cs",8,"Unity New Input System : \bUnityEngine\.InputSystem\b","namespace UnityEngine.InputSystem.Android.LowLevel"
"Packages/com.unity.inputsystem/InputSystem/Plugins/Android/AndroidSensors.cs",5,"Unity New Input System : \bUnityEngine\.InputSystem\b","using UnityEngine.InputSystem.Android.LowLevel;"
"Packages/com.unity.inputsystem/InputSystem/Plugins/Android/AndroidSensors.cs",6,"Unity New Input System : \bUnityEngine\.InputSystem\b","using UnityEngine.InputSystem.LowLevel;"
"Packages/com.unity.inputsystem/InputSystem/Plugins/Android/AndroidSensors.cs",7,"Unity New Input System : \bUnityEngine\.InputSystem\b","using UnityEngine.InputSystem.Utilities;"
"Packages/com.unity.inputsystem/InputSystem/Plugins/Android/AndroidSensors.cs",8,"Unity New Input System : \bUnityEngine\.InputSystem\b","using UnityEngine.InputSystem.Layouts;"
"Packages/com.unity.inputsystem/InputSystem/Plugins/Android/AndroidSensors.cs",9,"Unity New Input System : \bUnityEngine\.InputSystem\b","using UnityEngine.InputSystem.Processors;"
"Packages/com.unity.inputsystem/InputSystem/Plugins/Android/AndroidSensors.cs",13,"Unity New Input System : \bUnityEngine\.InputSystem\b","namespace UnityEngine.InputSystem.Android.LowLevel"
"Packages/com.unity.inputsystem/InputSystem/Plugins/Android/AndroidSensors.cs",18,"Unity New Input System : \b(Accelerometer|Gyroscope|Compass|AttitudeSensor|GravitySensor|LinearAccelerationSensor|OrientationSensor|Magnetometer|Barometer|ProximitySensor|LightSensor|StepCounter|Pedometer)\b","Accelerometer = 1,"
"Packages/com.unity.inputsystem/InputSystem/Plugins/Android/AndroidSensors.cs",21,"Unity Old Input System : \bInput\.gyro\b|\bGyroscope\b","Gyroscope = 4,"
"Packages/com.unity.inputsystem/InputSystem/Plugins/Android/AndroidSensors.cs",36,"Unity New Input System : \b(Accelerometer|Gyroscope|Compass|AttitudeSensor|GravitySensor|LinearAccelerationSensor|OrientationSensor|Magnetometer|Barometer|ProximitySensor|LightSensor|StepCounter|Pedometer)\b","StepCounter = 19,"
"Packages/com.unity.inputsystem/InputSystem/Plugins/Android/AndroidSensors.cs",77,"Unity New Input System : \b(Accelerometer|Gyroscope|Compass|AttitudeSensor|GravitySensor|LinearAccelerationSensor|OrientationSensor|Magnetometer|Barometer|ProximitySensor|LightSensor|StepCounter|Pedometer)\b","// Accelerometer - OK"
"Packages/com.unity.inputsystem/InputSystem/Plugins/Android/AndroidSensors.cs",79,"Unity Old Input System : \bInput\.gyro\b|\bGyroscope\b","// Gyroscope - OK"
"Packages/com.unity.inputsystem/InputSystem/Plugins/Android/AndroidSensors.cs",89,"Unity New Input System : \b(Accelerometer|Gyroscope|Compass|AttitudeSensor|GravitySensor|LinearAccelerationSensor|OrientationSensor|Magnetometer|Barometer|ProximitySensor|LightSensor|StepCounter|Pedometer)\b","// StepCounter - no alternative in old system"
"Packages/com.unity.inputsystem/InputSystem/Plugins/Android/AndroidSensors.cs",93,"Unity New Input System : \b(Accelerometer|Gyroscope|Compass|AttitudeSensor|GravitySensor|LinearAccelerationSensor|OrientationSensor|Magnetometer|Barometer|ProximitySensor|LightSensor|StepCounter|Pedometer)\b","[InputControl(name = ""acceleration"", layout = ""Vector3"", processors = ""AndroidCompensateDirection"", variants = ""Accelerometer"")]"
"Packages/com.unity.inputsystem/InputSystem/Plugins/Android/AndroidSensors.cs",96,"Unity Old Input System : \bInput\.gyro\b|\bGyroscope\b","[InputControl(name = ""angularVelocity"", layout = ""Vector3"", processors = ""CompensateDirection"", variants = ""Gyroscope"")]"
"Packages/com.unity.inputsystem/InputSystem/Plugins/Android/AndroidSensors.cs",106,"Unity New Input System : \b(Accelerometer|Gyroscope|Compass|AttitudeSensor|GravitySensor|LinearAccelerationSensor|OrientationSensor|Magnetometer|Barometer|ProximitySensor|LightSensor|StepCounter|Pedometer)\b","[InputControl(name = ""stepCounter"", layout = ""Integer"", variants = ""StepCounter"")]"
"Packages/com.unity.inputsystem/InputSystem/Plugins/Android/AndroidSensors.cs",163,"Unity New Input System : \bUnityEngine\.InputSystem\b","namespace UnityEngine.InputSystem.Android"
"Packages/com.unity.inputsystem/InputSystem/Plugins/Android/AndroidSensors.cs",166,"Unity New Input System : \b(Accelerometer|Gyroscope|Compass|AttitudeSensor|GravitySensor|LinearAccelerationSensor|OrientationSensor|Magnetometer|Barometer|ProximitySensor|LightSensor|StepCounter|Pedometer)\b","/// Accelerometer device on Android."
"Packages/com.unity.inputsystem/InputSystem/Plugins/Android/AndroidSensors.cs",168,"Android Native / Java 调用 : \bTYPE_(ACCELEROMETER|GYROSCOPE|MAGNETIC_FIELD|GRAVITY|LINEAR_ACCELERATION|ROTATION_VECTOR|PROXIMITY|LIGHT|STEP_(COUNTER|DETECTOR))\b","/// <seealso href=""https://developer.android.com/reference/android/hardware/Sensor#TYPE_ACCELEROMETER""/>"
"Packages/com.unity.inputsystem/InputSystem/Plugins/Android/AndroidSensors.cs",169,"Unity New Input System : \b(Accelerometer|Gyroscope|Compass|AttitudeSensor|GravitySensor|LinearAccelerationSensor|OrientationSensor|Magnetometer|Barometer|ProximitySensor|LightSensor|StepCounter|Pedometer)\b","[InputControlLayout(stateType = typeof(AndroidSensorState), variants = ""Accelerometer"", hideInUI = true)]"
"Packages/com.unity.inputsystem/InputSystem/Plugins/Android/AndroidSensors.cs",170,"Unity New Input System : \b(Accelerometer|Gyroscope|Compass|AttitudeSensor|GravitySensor|LinearAccelerationSensor|OrientationSensor|Magnetometer|Barometer|ProximitySensor|LightSensor|StepCounter|Pedometer)\b","public class AndroidAccelerometer : Accelerometer"
"Packages/com.unity.inputsystem/InputSystem/Plugins/Android/AndroidSensors.cs",177,"Android Native / Java 调用 : \bTYPE_(ACCELEROMETER|GYROSCOPE|MAGNETIC_FIELD|GRAVITY|LINEAR_ACCELERATION|ROTATION_VECTOR|PROXIMITY|LIGHT|STEP_(COUNTER|DETECTOR))\b","/// <seealso href=""https://developer.android.com/reference/android/hardware/Sensor#TYPE_MAGNETIC_FIELD""/>"
"Packages/com.unity.inputsystem/InputSystem/Plugins/Android/AndroidSensors.cs",184,"Unity Old Input System : \bInput\.gyro\b|\bGyroscope\b","/// Gyroscope device on android."
"Packages/com.unity.inputsystem/InputSystem/Plugins/Android/AndroidSensors.cs",186,"Android Native / Java 调用 : \bTYPE_(ACCELEROMETER|GYROSCOPE|MAGNETIC_FIELD|GRAVITY|LINEAR_ACCELERATION|ROTATION_VECTOR|PROXIMITY|LIGHT|STEP_(COUNTER|DETECTOR))\b","/// <seealso href=""https://developer.android.com/reference/android/hardware/Sensor#TYPE_GYROSCOPE""/>"
"Packages/com.unity.inputsystem/InputSystem/Plugins/Android/AndroidSensors.cs",187,"Unity Old Input System : \bInput\.gyro\b|\bGyroscope\b","[InputControlLayout(stateType = typeof(AndroidSensorState), variants = ""Gyroscope"", hideInUI = true)]"
"Packages/com.unity.inputsystem/InputSystem/Plugins/Android/AndroidSensors.cs",188,"Unity Old Input System : \bInput\.gyro\b|\bGyroscope\b","public class AndroidGyroscope : Gyroscope"
"Packages/com.unity.inputsystem/InputSystem/Plugins/Android/AndroidSensors.cs",195,"Android Native / Java 调用 : \bTYPE_(ACCELEROMETER|GYROSCOPE|MAGNETIC_FIELD|GRAVITY|LINEAR_ACCELERATION|ROTATION_VECTOR|PROXIMITY|LIGHT|STEP_(COUNTER|DETECTOR))\b","/// <seealso href=""https://developer.android.com/reference/android/hardware/Sensor#TYPE_LIGHT""/>"
"Packages/com.unity.inputsystem/InputSystem/Plugins/Android/AndroidSensors.cs",197,"Unity New Input System : \b(Accelerometer|Gyroscope|Compass|AttitudeSensor|GravitySensor|LinearAccelerationSensor|OrientationSensor|Magnetometer|Barometer|ProximitySensor|LightSensor|StepCounter|Pedometer)\b","public class AndroidLightSensor : LightSensor"
"Packages/com.unity.inputsystem/InputSystem/Plugins/Android/AndroidSensors.cs",213,"Android Native / Java 调用 : \bTYPE_(ACCELEROMETER|GYROSCOPE|MAGNETIC_FIELD|GRAVITY|LINEAR_ACCELERATION|ROTATION_VECTOR|PROXIMITY|LIGHT|STEP_(COUNTER|DETECTOR))\b","/// <seealso href=""https://developer.android.com/reference/android/hardware/Sensor#TYPE_PROXIMITY""/>"
"Packages/com.unity.inputsystem/InputSystem/Plugins/Android/AndroidSensors.cs",215,"Unity New Input System : \b(Accelerometer|Gyroscope|Compass|AttitudeSensor|GravitySensor|LinearAccelerationSensor|OrientationSensor|Magnetometer|Barometer|ProximitySensor|LightSensor|StepCounter|Pedometer)\b","public class AndroidProximity : ProximitySensor"
"Packages/com.unity.inputsystem/InputSystem/Plugins/Android/AndroidSensors.cs",222,"Android Native / Java 调用 : \bTYPE_(ACCELEROMETER|GYROSCOPE|MAGNETIC_FIELD|GRAVITY|LINEAR_ACCELERATION|ROTATION_VECTOR|PROXIMITY|LIGHT|STEP_(COUNTER|DETECTOR))\b","/// <seealso href=""https://developer.android.com/reference/android/hardware/Sensor#TYPE_GRAVITY""/>"
"Packages/com.unity.inputsystem/InputSystem/Plugins/Android/AndroidSensors.cs",224,"Unity New Input System : \b(Accelerometer|Gyroscope|Compass|AttitudeSensor|GravitySensor|LinearAccelerationSensor|OrientationSensor|Magnetometer|Barometer|ProximitySensor|LightSensor|StepCounter|Pedometer)\b","public class AndroidGravitySensor : GravitySensor"
"Packages/com.unity.inputsystem/InputSystem/Plugins/Android/AndroidSensors.cs",231,"Android Native / Java 调用 : \bTYPE_(ACCELEROMETER|GYROSCOPE|MAGNETIC_FIELD|GRAVITY|LINEAR_ACCELERATION|ROTATION_VECTOR|PROXIMITY|LIGHT|STEP_(COUNTER|DETECTOR))\b","/// <seealso href=""https://developer.android.com/reference/android/hardware/Sensor#TYPE_LINEAR_ACCELERATION""/>"
"Packages/com.unity.inputsystem/InputSystem/Plugins/Android/AndroidSensors.cs",233,"Unity New Input System : \b(Accelerometer|Gyroscope|Compass|AttitudeSensor|GravitySensor|LinearAccelerationSensor|OrientationSensor|Magnetometer|Barometer|ProximitySensor|LightSensor|StepCounter|Pedometer)\b","public class AndroidLinearAccelerationSensor : LinearAccelerationSensor"
"Packages/com.unity.inputsystem/InputSystem/Plugins/Android/AndroidSensors.cs",240,"Android Native / Java 调用 : \bTYPE_(ACCELEROMETER|GYROSCOPE|MAGNETIC_FIELD|GRAVITY|LINEAR_ACCELERATION|ROTATION_VECTOR|PROXIMITY|LIGHT|STEP_(COUNTER|DETECTOR))\b","/// <seealso href=""https://developer.android.com/reference/android/hardware/Sensor#TYPE_ROTATION_VECTOR""/>"
"Packages/com.unity.inputsystem/InputSystem/Plugins/Android/AndroidSensors.cs",242,"Unity New Input System : \b(Accelerometer|Gyroscope|Compass|AttitudeSensor|GravitySensor|LinearAccelerationSensor|OrientationSensor|Magnetometer|Barometer|ProximitySensor|LightSensor|StepCounter|Pedometer)\b","public class AndroidRotationVector : AttitudeSensor"
"Packages/com.unity.inputsystem/InputSystem/Plugins/Android/AndroidSensors.cs",269,"Unity New Input System : \b(Accelerometer|Gyroscope|Compass|AttitudeSensor|GravitySensor|LinearAccelerationSensor|OrientationSensor|Magnetometer|Barometer|ProximitySensor|LightSensor|StepCounter|Pedometer)\b","public class AndroidGameRotationVector : AttitudeSensor"
"Packages/com.unity.inputsystem/InputSystem/Plugins/Android/AndroidSensors.cs",276,"Android Native / Java 调用 : \bTYPE_(ACCELEROMETER|GYROSCOPE|MAGNETIC_FIELD|GRAVITY|LINEAR_ACCELERATION|ROTATION_VECTOR|PROXIMITY|LIGHT|STEP_(COUNTER|DETECTOR))\b","/// <seealso href=""https://developer.android.com/reference/android/hardware/Sensor#TYPE_STEP_COUNTER""/>"
"Packages/com.unity.inputsystem/InputSystem/Plugins/Android/AndroidSensors.cs",277,"Unity New Input System : \b(Accelerometer|Gyroscope|Compass|AttitudeSensor|GravitySensor|LinearAccelerationSensor|OrientationSensor|Magnetometer|Barometer|ProximitySensor|LightSensor|StepCounter|Pedometer)\b","[InputControlLayout(stateType = typeof(AndroidSensorState), variants = ""StepCounter"", hideInUI = true)]"
"Packages/com.unity.inputsystem/InputSystem/Plugins/Android/AndroidSensors.cs",278,"Unity New Input System : \b(Accelerometer|Gyroscope|Compass|AttitudeSensor|GravitySensor|LinearAccelerationSensor|OrientationSensor|Magnetometer|Barometer|ProximitySensor|LightSensor|StepCounter|Pedometer)\b","public class AndroidStepCounter : StepCounter"
"Packages/com.unity.inputsystem/InputSystem/Plugins/Android/AndroidSupport.cs",3,"Unity New Input System : \bUnityEngine\.InputSystem\b","using UnityEngine.InputSystem.Layouts;"
"Packages/com.unity.inputsystem/InputSystem/Plugins/Android/AndroidSupport.cs",4,"Unity New Input System : \bUnityEngine\.InputSystem\b","using UnityEngine.InputSystem.LowLevel;"
"Packages/com.unity.inputsystem/InputSystem/Plugins/Android/AndroidSupport.cs",5,"Unity New Input System : \bUnityEngine\.InputSystem\b","using UnityEngine.InputSystem.Android.LowLevel;"
"Packages/com.unity.inputsystem/InputSystem/Plugins/Android/AndroidSupport.cs",7,"Unity New Input System : \bUnityEngine\.InputSystem\b","namespace UnityEngine.InputSystem.Android"
"Packages/com.unity.inputsystem/InputSystem/Plugins/Android/AndroidSupport.cs",47,"Unity New Input System : \b(Accelerometer|Gyroscope|Compass|AttitudeSensor|GravitySensor|LinearAccelerationSensor|OrientationSensor|Magnetometer|Barometer|ProximitySensor|LightSensor|StepCounter|Pedometer)\b",".WithCapability(""sensorType"", AndroidSensorType.Accelerometer));"
"Packages/com.unity.inputsystem/InputSystem/Plugins/Android/AndroidSupport.cs",57,"Unity Old Input System : \bInput\.gyro\b|\bGyroscope\b",".WithCapability(""sensorType"", AndroidSensorType.Gyroscope));"
"Packages/com.unity.inputsystem/InputSystem/Plugins/Android/AndroidSupport.cs",107,"Unity New Input System : \b(Accelerometer|Gyroscope|Compass|AttitudeSensor|GravitySensor|LinearAccelerationSensor|OrientationSensor|Magnetometer|Barometer|ProximitySensor|LightSensor|StepCounter|Pedometer)\b",".WithCapability(""sensorType"", AndroidSensorType.StepCounter));"
"Packages/com.unity.inputsystem/InputSystem/Plugins/DualShock/DualShockGamepad.cs",1,"Unity New Input System : \bUnityEngine\.InputSystem\b","using UnityEngine.InputSystem.Controls;"
"Packages/com.unity.inputsystem/InputSystem/Plugins/DualShock/DualShockGamepad.cs",2,"Unity New Input System : \bUnityEngine\.InputSystem\b","using UnityEngine.InputSystem.Layouts;"
"Packages/com.unity.inputsystem/InputSystem/Plugins/DualShock/DualShockGamepad.cs",9,"Unity New Input System : \bUnityEngine\.InputSystem\b","namespace UnityEngine.InputSystem.DualShock"
"Packages/com.unity.inputsystem/InputSystem/Plugins/DualShock/DualShockGamepadHID.cs",5,"Unity New Input System : \bUnityEngine\.InputSystem\b","using UnityEngine.InputSystem.Controls;"
"Packages/com.unity.inputsystem/InputSystem/Plugins/DualShock/DualShockGamepadHID.cs",6,"Unity New Input System : \bUnityEngine\.InputSystem\b","using UnityEngine.InputSystem.Layouts;"
"Packages/com.unity.inputsystem/InputSystem/Plugins/DualShock/DualShockGamepadHID.cs",7,"Unity New Input System : \bUnityEngine\.InputSystem\b","using UnityEngine.InputSystem.LowLevel;"
"Packages/com.unity.inputsystem/InputSystem/Plugins/DualShock/DualShockGamepadHID.cs",8,"Unity New Input System : \bUnityEngine\.InputSystem\b","using UnityEngine.InputSystem.DualShock.LowLevel;"
"Packages/com.unity.inputsystem/InputSystem/Plugins/DualShock/DualShockGamepadHID.cs",9,"Unity New Input System : \bUnityEngine\.InputSystem\b","using UnityEngine.InputSystem.Utilities;"
"Packages/com.unity.inputsystem/InputSystem/Plugins/DualShock/DualShockGamepadHID.cs",13,"Unity New Input System : \bUnityEngine\.InputSystem\b","namespace UnityEngine.InputSystem.DualShock.LowLevel"
"Packages/com.unity.inputsystem/InputSystem/Plugins/DualShock/DualShockGamepadHID.cs",331,"Unity New Input System : \bUnityEngine\.InputSystem\b","namespace UnityEngine.InputSystem.DualShock"
"Packages/com.unity.inputsystem/InputSystem/Plugins/DualShock/DualShockSupport.cs",1,"Unity New Input System : \bUnityEngine\.InputSystem\b","using UnityEngine.InputSystem.Layouts;"
"Packages/com.unity.inputsystem/InputSystem/Plugins/DualShock/DualShockSupport.cs",3,"Unity New Input System : \bUnityEngine\.InputSystem\b","namespace UnityEngine.InputSystem.DualShock"
"Packages/com.unity.inputsystem/InputSystem/Plugins/DualShock/IDualShockHaptics.cs",1,"Unity New Input System : \bUnityEngine\.InputSystem\b","using UnityEngine.InputSystem.Haptics;"
"Packages/com.unity.inputsystem/InputSystem/Plugins/DualShock/IDualShockHaptics.cs",3,"Unity New Input System : \bUnityEngine\.InputSystem\b","namespace UnityEngine.InputSystem.DualShock"
"Packages/com.unity.inputsystem/InputSystem/Plugins/EnhancedTouch/EnhancedTouchSupport.cs",3,"Unity New Input System : \bUnityEngine\.InputSystem\b","using UnityEngine.InputSystem.LowLevel;"
"Packages/com.unity.inputsystem/InputSystem/Plugins/EnhancedTouch/EnhancedTouchSupport.cs",18,"Unity New Input System : \bUnityEngine\.InputSystem\b","////TODO: as soon as we can break the API, remove the EnhancedTouchSupport class altogether and rename UnityEngine.InputSystem.EnhancedTouch to TouchPolling"
"Packages/com.unity.inputsystem/InputSystem/Plugins/EnhancedTouch/EnhancedTouchSupport.cs",22,"Unity New Input System : \bUnityEngine\.InputSystem\b","namespace UnityEngine.InputSystem.EnhancedTouch"
"Packages/com.unity.inputsystem/InputSystem/Plugins/EnhancedTouch/Finger.cs",2,"Unity New Input System : \bUnityEngine\.InputSystem\b","using UnityEngine.InputSystem.LowLevel;"
"Packages/com.unity.inputsystem/InputSystem/Plugins/EnhancedTouch/Finger.cs",3,"Unity New Input System : \bUnityEngine\.InputSystem\b","using UnityEngine.InputSystem.Utilities;"
"Packages/com.unity.inputsystem/InputSystem/Plugins/EnhancedTouch/Finger.cs",5,"Unity New Input System : \bUnityEngine\.InputSystem\b","namespace UnityEngine.InputSystem.EnhancedTouch"
"Packages/com.unity.inputsystem/InputSystem/Plugins/EnhancedTouch/Touch.cs",4,"Unity New Input System : \bUnityEngine\.InputSystem\b","using UnityEngine.InputSystem.LowLevel;"
"Packages/com.unity.inputsystem/InputSystem/Plugins/EnhancedTouch/Touch.cs",5,"Unity New Input System : \bUnityEngine\.InputSystem\b","using UnityEngine.InputSystem.Controls;"
"Packages/com.unity.inputsystem/InputSystem/Plugins/EnhancedTouch/Touch.cs",6,"Unity New Input System : \bUnityEngine\.InputSystem\b","using UnityEngine.InputSystem.Utilities;"
"Packages/com.unity.inputsystem/InputSystem/Plugins/EnhancedTouch/Touch.cs",14,"Unity New Input System : \bUnityEngine\.InputSystem\b","namespace UnityEngine.InputSystem.EnhancedTouch"
"Packages/com.unity.inputsystem/InputSystem/Plugins/EnhancedTouch/Touch.cs",39,"Unity New Input System : \bUnityEngine\.InputSystem\b","/// using UnityEngine.InputSystem.EnhancedTouch;"
"Packages/com.unity.inputsystem/InputSystem/Plugins/EnhancedTouch/Touch.cs",42,"Unity New Input System : \bUnityEngine\.InputSystem\b","/// using Touch = UnityEngine.InputSystem.EnhancedTouch.Touch;"
"Packages/com.unity.inputsystem/InputSystem/Plugins/EnhancedTouch/Touch.cs",43,"Unity New Input System : \bUnityEngine\.InputSystem\b","/// using TouchPhase = UnityEngine.InputSystem.TouchPhase;"
"Packages/com.unity.inputsystem/InputSystem/Plugins/EnhancedTouch/Touch.cs",400,"Unity New Input System : \bUnityEngine\.InputSystem\b","/// using UnityEngine.InputSystem.EnhancedTouch;"
"Packages/com.unity.inputsystem/InputSystem/Plugins/EnhancedTouch/Touch.cs",403,"Unity New Input System : \bUnityEngine\.InputSystem\b","/// using Touch = UnityEngine.InputSystem.EnhancedTouch.Touch;"
"Packages/com.unity.inputsystem/InputSystem/Plugins/EnhancedTouch/Touch.cs",404,"Unity New Input System : \bUnityEngine\.InputSystem\b","/// using TouchPhase = UnityEngine.InputSystem.TouchPhase;"
"Packages/com.unity.inputsystem/InputSystem/Plugins/EnhancedTouch/TouchHistory.cs",4,"Unity New Input System : \bUnityEngine\.InputSystem\b","using UnityEngine.InputSystem.LowLevel;"
"Packages/com.unity.inputsystem/InputSystem/Plugins/EnhancedTouch/TouchHistory.cs",6,"Unity New Input System : \bUnityEngine\.InputSystem\b","namespace UnityEngine.InputSystem.EnhancedTouch"
"Packages/com.unity.inputsystem/InputSystem/Plugins/EnhancedTouch/TouchSimulation.cs",3,"Unity New Input System : \bUnityEngine\.InputSystem\b","using UnityEngine.InputSystem.Controls;"
"Packages/com.unity.inputsystem/InputSystem/Plugins/EnhancedTouch/TouchSimulation.cs",4,"Unity New Input System : \bUnityEngine\.InputSystem\b","using UnityEngine.InputSystem.LowLevel;"
"Packages/com.unity.inputsystem/InputSystem/Plugins/EnhancedTouch/TouchSimulation.cs",5,"Unity New Input System : \bUnityEngine\.InputSystem\b","using UnityEngine.InputSystem.Utilities;"
"Packages/com.unity.inputsystem/InputSystem/Plugins/EnhancedTouch/TouchSimulation.cs",8,"Unity New Input System : \bUnityEngine\.InputSystem\b","using UnityEngine.InputSystem.Editor;"
"Packages/com.unity.inputsystem/InputSystem/Plugins/EnhancedTouch/TouchSimulation.cs",26,"Unity New Input System : \bUnityEngine\.InputSystem\b","namespace UnityEngine.InputSystem.EnhancedTouch"
"Packages/com.unity.inputsystem/InputSystem/Plugins/HID/HID.cs",6,"Unity New Input System : \bUnityEngine\.InputSystem\b","using UnityEngine.InputSystem.LowLevel;"
"Packages/com.unity.inputsystem/InputSystem/Plugins/HID/HID.cs",7,"Unity New Input System : \bUnityEngine\.InputSystem\b","using UnityEngine.InputSystem.Utilities;"
"Packages/com.unity.inputsystem/InputSystem/Plugins/HID/HID.cs",10,"Unity New Input System : \bUnityEngine\.InputSystem\b","using UnityEngine.InputSystem.Layouts;"
"Packages/com.unity.inputsystem/InputSystem/Plugins/HID/HID.cs",28,"Unity New Input System : \bUnityEngine\.InputSystem\b","////REVIEW: move the enums and structs out of here and into UnityEngine.InputSystem.HID? Or remove the ""HID"" name prefixes from them?"
"Packages/com.unity.inputsystem/InputSystem/Plugins/HID/HID.cs",37,"Unity New Input System : \bUnityEngine\.InputSystem\b","namespace UnityEngine.InputSystem.HID"
"Packages/com.unity.inputsystem/InputSystem/Plugins/HID/HIDDescriptorWindow.cs",6,"Unity New Input System : \bUnityEngine\.InputSystem\b","using UnityEngine.InputSystem.Layouts;"
"Packages/com.unity.inputsystem/InputSystem/Plugins/HID/HIDDescriptorWindow.cs",7,"Unity New Input System : \bUnityEngine\.InputSystem\b","using UnityEngine.InputSystem.LowLevel;"
"Packages/com.unity.inputsystem/InputSystem/Plugins/HID/HIDDescriptorWindow.cs",11,"Unity New Input System : \bUnityEngine\.InputSystem\b","namespace UnityEngine.InputSystem.HID.Editor"
"Packages/com.unity.inputsystem/InputSystem/Plugins/HID/HIDParser.cs",9,"Unity New Input System : \bUnityEngine\.InputSystem\b","namespace UnityEngine.InputSystem.HID"
"Packages/com.unity.inputsystem/InputSystem/Plugins/HID/HIDSupport.cs",2,"Unity New Input System : \bUnityEngine\.InputSystem\b","using UnityEngine.InputSystem.Utilities;"
"Packages/com.unity.inputsystem/InputSystem/Plugins/HID/HIDSupport.cs",5,"Unity New Input System : \bUnityEngine\.InputSystem\b","using UnityEngine.InputSystem.Editor;"
"Packages/com.unity.inputsystem/InputSystem/Plugins/HID/HIDSupport.cs",6,"Unity New Input System : \bUnityEngine\.InputSystem\b","using UnityEngine.InputSystem.HID.Editor;"
"Packages/com.unity.inputsystem/InputSystem/Plugins/HID/HIDSupport.cs",9,"Unity New Input System : \bUnityEngine\.InputSystem\b","namespace UnityEngine.InputSystem.HID"
"Packages/com.unity.inputsystem/InputSystem/Plugins/InputForUI/InputActionAssetVerifier.cs",4,"Unity New Input System : \bUnityEngine\.InputSystem\b","using UnityEngine.InputSystem.Editor;"
"Packages/com.unity.inputsystem/InputSystem/Plugins/InputForUI/InputActionAssetVerifier.cs",6,"Unity New Input System : \bUnityEngine\.InputSystem\b","namespace UnityEngine.InputSystem.Plugins.InputForUI"
"Packages/com.unity.inputsystem/InputSystem/Plugins/InputForUI/InputSystemProvider.cs",5,"Unity New Input System : \bUnityEngine\.InputSystem\b","using UnityEngine.InputSystem.Controls;"
"Packages/com.unity.inputsystem/InputSystem/Plugins/InputForUI/InputSystemProvider.cs",8,"Unity New Input System : \bUnityEngine\.InputSystem\b","namespace UnityEngine.InputSystem.Plugins.InputForUI"
"Packages/com.unity.inputsystem/InputSystem/Plugins/iOS/InputSettingsiOS.cs",3,"Unity New Input System : \bUnityEngine\.InputSystem\b","using UnityEngine.InputSystem.iOS;"
"Packages/com.unity.inputsystem/InputSystem/Plugins/iOS/InputSettingsiOS.cs",5,"Unity New Input System : \bUnityEngine\.InputSystem\b","namespace UnityEngine.InputSystem.iOS"
"Packages/com.unity.inputsystem/InputSystem/Plugins/iOS/InputSettingsiOS.cs",47,"Unity New Input System : \bUnityEngine\.InputSystem\b","namespace UnityEngine.InputSystem"
"Packages/com.unity.inputsystem/InputSystem/Plugins/iOS/InputSettingsiOS.cs",58,"Unity New Input System : \b(Accelerometer|Gyroscope|Compass|AttitudeSensor|GravitySensor|LinearAccelerationSensor|OrientationSensor|Magnetometer|Barometer|ProximitySensor|LightSensor|StepCounter|Pedometer)\b","/// Setting for access to the device's motion sensors (such as <see cref=""StepCounter""/>)."
"Packages/com.unity.inputsystem/InputSystem/Plugins/iOS/InputSettingsiOS.cs",63,"Unity New Input System : \b(Accelerometer|Gyroscope|Compass|AttitudeSensor|GravitySensor|LinearAccelerationSensor|OrientationSensor|Magnetometer|Barometer|ProximitySensor|LightSensor|StepCounter|Pedometer)\b","/// <seealso cref=""StepCounter""/>"
"Packages/com.unity.inputsystem/InputSystem/Plugins/iOS/InputSettingsiOS.cs",64,"iOS 权限/框架 (Info.plist / 源码) : NS(Microphone|Camera|Location(When|Always)|Motion)UsageDescription","/// <seealso href=""https://developer.apple.com/documentation/bundleresources/information_property_list/nsmotionusagedescription""/>"
"Packages/com.unity.inputsystem/InputSystem/Plugins/iOS/InputSettingsiOSProvider.cs",5,"Unity New Input System : \bUnityEngine\.InputSystem\b","namespace UnityEngine.InputSystem"
"Packages/com.unity.inputsystem/InputSystem/Plugins/iOS/IOSGameController.cs",3,"Unity New Input System : \bUnityEngine\.InputSystem\b","using UnityEngine.InputSystem.DualShock;"
"Packages/com.unity.inputsystem/InputSystem/Plugins/iOS/IOSGameController.cs",4,"Unity New Input System : \bUnityEngine\.InputSystem\b","using UnityEngine.InputSystem.Layouts;"
"Packages/com.unity.inputsystem/InputSystem/Plugins/iOS/IOSGameController.cs",5,"Unity New Input System : \bUnityEngine\.InputSystem\b","using UnityEngine.InputSystem.LowLevel;"
"Packages/com.unity.inputsystem/InputSystem/Plugins/iOS/IOSGameController.cs",6,"Unity New Input System : \bUnityEngine\.InputSystem\b","using UnityEngine.InputSystem.iOS.LowLevel;"
"Packages/com.unity.inputsystem/InputSystem/Plugins/iOS/IOSGameController.cs",7,"Unity New Input System : \bUnityEngine\.InputSystem\b","using UnityEngine.InputSystem.Utilities;"
"Packages/com.unity.inputsystem/InputSystem/Plugins/iOS/IOSGameController.cs",9,"Unity New Input System : \bUnityEngine\.InputSystem\b","namespace UnityEngine.InputSystem.iOS.LowLevel"
"Packages/com.unity.inputsystem/InputSystem/Plugins/iOS/IOSGameController.cs",100,"Unity New Input System : \bUnityEngine\.InputSystem\b","namespace UnityEngine.InputSystem.iOS"
"Packages/com.unity.inputsystem/InputSystem/Plugins/iOS/iOSPostProcessBuild.cs",6,"Unity New Input System : \bUnityEngine\.InputSystem\b","using UnityEngine.InputSystem;"
"Packages/com.unity.inputsystem/InputSystem/Plugins/iOS/iOSPostProcessBuild.cs",8,"Unity New Input System : \bUnityEngine\.InputSystem\b","namespace UnityEngine.InputSystem"
"Packages/com.unity.inputsystem/InputSystem/Plugins/iOS/iOSPostProcessBuild.cs",28,"iOS 权限/框架 (Info.plist / 源码) : NS(Microphone|Camera|Location(When|Always)|Motion)UsageDescription","var buildKey = ""NSMotionUsageDescription"";"
"Packages/com.unity.inputsystem/InputSystem/Plugins/iOS/iOSStepCounter.cs",5,"Unity New Input System : \bUnityEngine\.InputSystem\b","using UnityEngine.InputSystem.Layouts;"
"Packages/com.unity.inputsystem/InputSystem/Plugins/iOS/iOSStepCounter.cs",6,"Unity New Input System : \bUnityEngine\.InputSystem\b","using UnityEngine.InputSystem.LowLevel;"
"Packages/com.unity.inputsystem/InputSystem/Plugins/iOS/iOSStepCounter.cs",7,"Unity New Input System : \bUnityEngine\.InputSystem\b","using UnityEngine.InputSystem.Utilities;"
"Packages/com.unity.inputsystem/InputSystem/Plugins/iOS/iOSStepCounter.cs",9,"Unity New Input System : \bUnityEngine\.InputSystem\b","namespace UnityEngine.InputSystem.iOS.LowLevel"
"Packages/com.unity.inputsystem/InputSystem/Plugins/iOS/iOSStepCounter.cs",14,"iOS 权限/框架 (Info.plist / 源码) : \bCoreMotion\b|\bCoreLocation\b|\bAVFoundation\b|\bCMMotionManager\b","/// <remarks>Enum values map values from CoreMotion.framework/Headers/CMAuthorization.h</remarks>"
"Packages/com.unity.inputsystem/InputSystem/Plugins/iOS/iOSStepCounter.cs",44,"Unity New Input System : \b(Accelerometer|Gyroscope|Compass|AttitudeSensor|GravitySensor|LinearAccelerationSensor|OrientationSensor|Magnetometer|Barometer|ProximitySensor|LightSensor|StepCounter|Pedometer)\b","[InputControl(name = ""stepCounter"", layout = ""Integer"")]"
"Packages/com.unity.inputsystem/InputSystem/Plugins/iOS/iOSStepCounter.cs",45,"Unity New Input System : \b(Accelerometer|Gyroscope|Compass|AttitudeSensor|GravitySensor|LinearAccelerationSensor|OrientationSensor|Magnetometer|Barometer|ProximitySensor|LightSensor|StepCounter|Pedometer)\b","public int stepCounter;"
"Packages/com.unity.inputsystem/InputSystem/Plugins/iOS/iOSStepCounter.cs",49,"Unity New Input System : \b(Accelerometer|Gyroscope|Compass|AttitudeSensor|GravitySensor|LinearAccelerationSensor|OrientationSensor|Magnetometer|Barometer|ProximitySensor|LightSensor|StepCounter|Pedometer)\b","/// Step Counter (also known as pedometer) sensor for iOS."
"Packages/com.unity.inputsystem/InputSystem/Plugins/iOS/iOSStepCounter.cs",58,"Unity New Input System : \b(Accelerometer|Gyroscope|Compass|AttitudeSensor|GravitySensor|LinearAccelerationSensor|OrientationSensor|Magnetometer|Barometer|ProximitySensor|LightSensor|StepCounter|Pedometer)\b","///     InputSystem.EnableDevice(StepCounter.current);"
"Packages/com.unity.inputsystem/InputSystem/Plugins/iOS/iOSStepCounter.cs",63,"Unity New Input System : \b(Accelerometer|Gyroscope|Compass|AttitudeSensor|GravitySensor|LinearAccelerationSensor|OrientationSensor|Magnetometer|Barometer|ProximitySensor|LightSensor|StepCounter|Pedometer)\b","///     GUILayout.Label(StepCounter.current.stepCounter.ReadValue().ToString());"
"Packages/com.unity.inputsystem/InputSystem/Plugins/iOS/iOSStepCounter.cs",69,"Unity New Input System : \b(Accelerometer|Gyroscope|Compass|AttitudeSensor|GravitySensor|LinearAccelerationSensor|OrientationSensor|Magnetometer|Barometer|ProximitySensor|LightSensor|StepCounter|Pedometer)\b","[InputControlLayout(stateType = typeof(iOSStepCounterState), variants = ""StepCounter"", hideInUI = true)]"
"Packages/com.unity.inputsystem/InputSystem/Plugins/iOS/iOSStepCounter.cs",70,"Unity New Input System : \b(Accelerometer|Gyroscope|Compass|AttitudeSensor|GravitySensor|LinearAccelerationSensor|OrientationSensor|Magnetometer|Barometer|ProximitySensor|LightSensor|StepCounter|Pedometer)\b","public class iOSStepCounter : StepCounter"
"Packages/com.unity.inputsystem/InputSystem/Plugins/iOS/iOSStepCounter.cs",101,"Unity New Input System : \b(Accelerometer|Gyroscope|Compass|AttitudeSensor|GravitySensor|LinearAccelerationSensor|OrientationSensor|Magnetometer|Barometer|ProximitySensor|LightSensor|StepCounter|Pedometer)\b","var stepCounter = (iOSStepCounter)InputSystem.GetDeviceById(deviceId);"
"Packages/com.unity.inputsystem/InputSystem/Plugins/iOS/iOSStepCounter.cs",102,"Unity New Input System : \b(Accelerometer|Gyroscope|Compass|AttitudeSensor|GravitySensor|LinearAccelerationSensor|OrientationSensor|Magnetometer|Barometer|ProximitySensor|LightSensor|StepCounter|Pedometer)\b","InputSystem.QueueStateEvent(stepCounter, new iOSStepCounterState {stepCounter = numberOfSteps});"
"Packages/com.unity.inputsystem/InputSystem/Plugins/iOS/iOSStepCounter.cs",168,"Unity New Input System : \b(Accelerometer|Gyroscope|Compass|AttitudeSensor|GravitySensor|LinearAccelerationSensor|OrientationSensor|Magnetometer|Barometer|ProximitySensor|LightSensor|StepCounter|Pedometer)\b","/// Does the phone support the pedometer?"
"Packages/com.unity.inputsystem/InputSystem/Plugins/iOS/iOSStepCounter.mm",5,"iOS 权限/框架 (Info.plist / 源码) : \bCoreMotion\b|\bCoreLocation\b|\bAVFoundation\b|\bCMMotionManager\b","#include <CoreMotion/CoreMotion.h>"
"Packages/com.unity.inputsystem/InputSystem/Plugins/iOS/iOSStepCounter.mm",9,"Unity New Input System : \b(Accelerometer|Gyroscope|Compass|AttitudeSensor|GravitySensor|LinearAccelerationSensor|OrientationSensor|Magnetometer|Barometer|ProximitySensor|LightSensor|StepCounter|Pedometer)\b","#define STEP_COUNTER_LOG(...) NSLog(@""StepCounter - %@"", [NSString stringWithFormat: __VA_ARGS__])"
"Packages/com.unity.inputsystem/InputSystem/Plugins/iOS/iOSStepCounter.mm",116,"iOS 权限/框架 (Info.plist / 源码) : NS(Microphone|Camera|Location(When|Always)|Motion)UsageDescription","NSString* motionUsage = @""NSMotionUsageDescription"";"
"Packages/com.unity.inputsystem/InputSystem/Plugins/iOS/iOSSupport.cs",2,"Unity New Input System : \bUnityEngine\.InputSystem\b","using UnityEngine.InputSystem.iOS.LowLevel;"
"Packages/com.unity.inputsystem/InputSystem/Plugins/iOS/iOSSupport.cs",3,"Unity New Input System : \bUnityEngine\.InputSystem\b","using UnityEngine.InputSystem.Layouts;"
"Packages/com.unity.inputsystem/InputSystem/Plugins/iOS/iOSSupport.cs",4,"Unity New Input System : \bUnityEngine\.InputSystem\b","using UnityEngine.InputSystem.LowLevel;"
"Packages/com.unity.inputsystem/InputSystem/Plugins/iOS/iOSSupport.cs",6,"Unity New Input System : \bUnityEngine\.InputSystem\b","namespace UnityEngine.InputSystem.iOS"
"Packages/com.unity.inputsystem/InputSystem/Plugins/iOS/iOSSupport.cs",40,"Unity New Input System : \b(Accelerometer|Gyroscope|Compass|AttitudeSensor|GravitySensor|LinearAccelerationSensor|OrientationSensor|Magnetometer|Barometer|ProximitySensor|LightSensor|StepCounter|Pedometer)\b","InputSystem.RegisterLayoutMatcher(""GravitySensor"","
"Packages/com.unity.inputsystem/InputSystem/Plugins/iOS/iOSSupport.cs",44,"Unity New Input System : \b(Accelerometer|Gyroscope|Compass|AttitudeSensor|GravitySensor|LinearAccelerationSensor|OrientationSensor|Magnetometer|Barometer|ProximitySensor|LightSensor|StepCounter|Pedometer)\b","InputSystem.RegisterLayoutMatcher(""AttitudeSensor"","
"Packages/com.unity.inputsystem/InputSystem/Plugins/iOS/iOSSupport.cs",48,"Unity New Input System : \b(Accelerometer|Gyroscope|Compass|AttitudeSensor|GravitySensor|LinearAccelerationSensor|OrientationSensor|Magnetometer|Barometer|ProximitySensor|LightSensor|StepCounter|Pedometer)\b","InputSystem.RegisterLayoutMatcher(""LinearAccelerationSensor"","
"Packages/com.unity.inputsystem/InputSystem/Plugins/Linux/LinuxSupport.cs",4,"Unity New Input System : \bUnityEngine\.InputSystem\b","namespace UnityEngine.InputSystem.Linux"
"Packages/com.unity.inputsystem/InputSystem/Plugins/Linux/SDLDeviceBuilder.cs",3,"Unity New Input System : \bUnityEngine\.InputSystem\b","using UnityEngine.InputSystem.LowLevel;"
"Packages/com.unity.inputsystem/InputSystem/Plugins/Linux/SDLDeviceBuilder.cs",4,"Unity New Input System : \bUnityEngine\.InputSystem\b","using UnityEngine.InputSystem.Utilities;"
"Packages/com.unity.inputsystem/InputSystem/Plugins/Linux/SDLDeviceBuilder.cs",6,"Unity New Input System : \bUnityEngine\.InputSystem\b","using UnityEngine.InputSystem.Layouts;"
"Packages/com.unity.inputsystem/InputSystem/Plugins/Linux/SDLDeviceBuilder.cs",8,"Unity New Input System : \bUnityEngine\.InputSystem\b","namespace UnityEngine.InputSystem.Linux"
"Packages/com.unity.inputsystem/InputSystem/Plugins/OnScreen/OnScreenButton.cs",3,"Unity New Input System : \bUnityEngine\.InputSystem\b","using UnityEngine.InputSystem.Layouts;"
"Packages/com.unity.inputsystem/InputSystem/Plugins/OnScreen/OnScreenButton.cs",6,"Unity New Input System : \bUnityEngine\.InputSystem\b","using UnityEngine.InputSystem.Editor;"
"Packages/com.unity.inputsystem/InputSystem/Plugins/OnScreen/OnScreenButton.cs",11,"Unity New Input System : \bUnityEngine\.InputSystem\b","namespace UnityEngine.InputSystem.OnScreen"
"Packages/com.unity.inputsystem/InputSystem/Plugins/OnScreen/OnScreenControl.cs",3,"Unity New Input System : \bUnityEngine\.InputSystem\b","using UnityEngine.InputSystem.Layouts;"
"Packages/com.unity.inputsystem/InputSystem/Plugins/OnScreen/OnScreenControl.cs",4,"Unity New Input System : \bUnityEngine\.InputSystem\b","using UnityEngine.InputSystem.LowLevel;"
"Packages/com.unity.inputsystem/InputSystem/Plugins/OnScreen/OnScreenControl.cs",5,"Unity New Input System : \bUnityEngine\.InputSystem\b","using UnityEngine.InputSystem.Users;"
"Packages/com.unity.inputsystem/InputSystem/Plugins/OnScreen/OnScreenControl.cs",6,"Unity New Input System : \bUnityEngine\.InputSystem\b","using UnityEngine.InputSystem.Utilities;"
"Packages/com.unity.inputsystem/InputSystem/Plugins/OnScreen/OnScreenControl.cs",18,"Unity New Input System : \bUnityEngine\.InputSystem\b","namespace UnityEngine.InputSystem.OnScreen"
"Packages/com.unity.inputsystem/InputSystem/Plugins/OnScreen/OnScreenStick.cs",6,"Unity New Input System : \bUnityEngine\.InputSystem\b","using UnityEngine.InputSystem.Layouts;"
"Packages/com.unity.inputsystem/InputSystem/Plugins/OnScreen/OnScreenStick.cs",7,"Unity New Input System : \bUnityEngine\.InputSystem\b","using UnityEngine.InputSystem.Utilities;"
"Packages/com.unity.inputsystem/InputSystem/Plugins/OnScreen/OnScreenStick.cs",9,"Unity New Input System : \bUnityEngine\.InputSystem\b","using UnityEngine.InputSystem.Controls;"
"Packages/com.unity.inputsystem/InputSystem/Plugins/OnScreen/OnScreenStick.cs",14,"Unity New Input System : \bUnityEngine\.InputSystem\b","using UnityEngine.InputSystem.Editor;"
"Packages/com.unity.inputsystem/InputSystem/Plugins/OnScreen/OnScreenStick.cs",18,"Unity New Input System : \bUnityEngine\.InputSystem\b","namespace UnityEngine.InputSystem.OnScreen"
"Packages/com.unity.inputsystem/InputSystem/Plugins/OnScreen/OnScreenSupport.cs",2,"Unity New Input System : \bUnityEngine\.InputSystem\b","namespace UnityEngine.InputSystem.OnScreen"
"Packages/com.unity.inputsystem/InputSystem/Plugins/OSX/OSXGameController.cs",3,"Unity New Input System : \bUnityEngine\.InputSystem\b","using UnityEngine.InputSystem.Layouts;"
"Packages/com.unity.inputsystem/InputSystem/Plugins/OSX/OSXGameController.cs",4,"Unity New Input System : \bUnityEngine\.InputSystem\b","using UnityEngine.InputSystem.LowLevel;"
"Packages/com.unity.inputsystem/InputSystem/Plugins/OSX/OSXGameController.cs",5,"Unity New Input System : \bUnityEngine\.InputSystem\b","using UnityEngine.InputSystem.Utilities;"
"Packages/com.unity.inputsystem/InputSystem/Plugins/OSX/OSXGameController.cs",6,"Unity New Input System : \bUnityEngine\.InputSystem\b","using UnityEngine.InputSystem.OSX.LowLevel;"
"Packages/com.unity.inputsystem/InputSystem/Plugins/OSX/OSXGameController.cs",7,"Unity New Input System : \bUnityEngine\.InputSystem\b","using UnityEngine.InputSystem.Controls;"
"Packages/com.unity.inputsystem/InputSystem/Plugins/OSX/OSXGameController.cs",9,"Unity New Input System : \bUnityEngine\.InputSystem\b","namespace UnityEngine.InputSystem.OSX.LowLevel"
"Packages/com.unity.inputsystem/InputSystem/Plugins/OSX/OSXGameController.cs",78,"Unity New Input System : \bUnityEngine\.InputSystem\b","namespace UnityEngine.InputSystem.OSX"
"Packages/com.unity.inputsystem/InputSystem/Plugins/OSX/OSXSupport.cs",2,"Unity New Input System : \bUnityEngine\.InputSystem\b","using UnityEngine.InputSystem.Layouts;"
"Packages/com.unity.inputsystem/InputSystem/Plugins/OSX/OSXSupport.cs",3,"Unity New Input System : \bUnityEngine\.InputSystem\b","using UnityEngine.InputSystem.OSX.LowLevel;"
"Packages/com.unity.inputsystem/InputSystem/Plugins/OSX/OSXSupport.cs",5,"Unity New Input System : \bUnityEngine\.InputSystem\b","namespace UnityEngine.InputSystem.OSX"
"Packages/com.unity.inputsystem/InputSystem/Plugins/PlayerInput/DefaultInputActions.cs",4,"Unity New Input System : \bUnityEngine\.InputSystem\b","using UnityEngine.InputSystem.Utilities;"
"Packages/com.unity.inputsystem/InputSystem/Plugins/PlayerInput/DefaultInputActions.cs",13,"Unity New Input System : \bUnityEngine\.InputSystem\b","namespace UnityEngine.InputSystem"
"Packages/com.unity.inputsystem/InputSystem/Plugins/PlayerInput/InputValue.cs",3,"Unity New Input System : \bUnityEngine\.InputSystem\b","using UnityEngine.InputSystem.Controls;"
"Packages/com.unity.inputsystem/InputSystem/Plugins/PlayerInput/InputValue.cs",9,"Unity New Input System : \bUnityEngine\.InputSystem\b","namespace UnityEngine.InputSystem"
"Packages/com.unity.inputsystem/InputSystem/Plugins/PlayerInput/InputValue.cs",56,"Unity New Input System : \bUnityEngine\.InputSystem\b","/// using UnityEngine.InputSystem;"
"Packages/com.unity.inputsystem/InputSystem/Plugins/PlayerInput/PlayerInput.cs",4,"Unity New Input System : \bUnityEngine\.InputSystem\b","using UnityEngine.InputSystem.LowLevel;"
"Packages/com.unity.inputsystem/InputSystem/Plugins/PlayerInput/PlayerInput.cs",5,"Unity New Input System : \bUnityEngine\.InputSystem\b","using UnityEngine.InputSystem.Users;"
"Packages/com.unity.inputsystem/InputSystem/Plugins/PlayerInput/PlayerInput.cs",6,"Unity New Input System : \bUnityEngine\.InputSystem\b","using UnityEngine.InputSystem.Utilities;"
"Packages/com.unity.inputsystem/InputSystem/Plugins/PlayerInput/PlayerInput.cs",7,"Unity New Input System : \bUnityEngine\.InputSystem\b","using UnityEngine.InputSystem.OnScreen;"
"Packages/com.unity.inputsystem/InputSystem/Plugins/PlayerInput/PlayerInput.cs",10,"Unity New Input System : \bUnityEngine\.InputSystem\b","using UnityEngine.InputSystem.Editor;"
"Packages/com.unity.inputsystem/InputSystem/Plugins/PlayerInput/PlayerInput.cs",14,"Unity New Input System : \bUnityEngine\.InputSystem\b","using UnityEngine.InputSystem.UI;"
"Packages/com.unity.inputsystem/InputSystem/Plugins/PlayerInput/PlayerInput.cs",51,"Unity New Input System : \bUnityEngine\.InputSystem\b","namespace UnityEngine.InputSystem"
"Packages/com.unity.inputsystem/InputSystem/Plugins/PlayerInput/PlayerInput.cs",67,"Unity New Input System : \bUnityEngine\.InputSystem\b","/// <see cref=""UnityEngine.InputSystem.PlayerInputManager""/>."
"Packages/com.unity.inputsystem/InputSystem/Plugins/PlayerInput/PlayerInput.cs",70,"Unity New Input System : \bUnityEngine\.InputSystem\b","/// By default, this is set to <see cref=""UnityEngine.InputSystem.PlayerNotifications.SendMessages""/> which will use"
"Packages/com.unity.inputsystem/InputSystem/Plugins/PlayerInput/PlayerInput.cs",143,"Unity New Input System : \bUnityEngine\.InputSystem\b","/// using UnityEngine.InputSystem;"
"Packages/com.unity.inputsystem/InputSystem/Plugins/PlayerInput/PlayerInput.cs",189,"Unity New Input System : \bUnityEngine\.InputSystem\b","/// using UnityEngine.InputSystem;"
"Packages/com.unity.inputsystem/InputSystem/Plugins/PlayerInput/PlayerInput.cs",224,"Unity New Input System : \bUnityEngine\.InputSystem\b","/// <seealso cref=""UnityEngine.InputSystem.PlayerInputManager""/>"
"Packages/com.unity.inputsystem/InputSystem/Plugins/PlayerInput/PlayerInput.cs",283,"Unity New Input System : \bUnityEngine\.InputSystem\b","/// If split-screen is enabled (<see cref=""UnityEngine.InputSystem.PlayerInputManager.splitScreen""/>),"
"Packages/com.unity.inputsystem/InputSystem/Plugins/PlayerInput/PlayerInput.cs",372,"Unity New Input System : \bUnityEngine\.InputSystem\b","/// This can be set via <see cref=""SwitchCurrentControlScheme(UnityEngine.InputSystem.InputDevice[])""/>."
"Packages/com.unity.inputsystem/InputSystem/Plugins/PlayerInput/PlayerInput.cs",506,"Unity New Input System : \bUnityEngine\.InputSystem\b","/// to the <see cref=""GameObject""/>. This can be changed by selecting a different <see cref=""UnityEngine.InputSystem.PlayerNotifications""/>"
"Packages/com.unity.inputsystem/InputSystem/Plugins/PlayerInput/PlayerInput.cs",535,"Unity New Input System : \bUnityEngine\.InputSystem\b","/// <see cref=""UnityEngine.InputSystem.PlayerNotifications.InvokeUnityEvents""/>."
"Packages/com.unity.inputsystem/InputSystem/Plugins/PlayerInput/PlayerInput.cs",559,"Unity New Input System : \bUnityEngine\.InputSystem\b","/// <see cref=""UnityEngine.InputSystem.PlayerNotifications.InvokeUnityEvents""/>."
"Packages/com.unity.inputsystem/InputSystem/Plugins/PlayerInput/PlayerInput.cs",576,"Unity New Input System : \bUnityEngine\.InputSystem\b","/// <see cref=""UnityEngine.InputSystem.PlayerNotifications.InvokeUnityEvents""/>."
"Packages/com.unity.inputsystem/InputSystem/Plugins/PlayerInput/PlayerInput.cs",593,"Unity New Input System : \bUnityEngine\.InputSystem\b","/// <see cref=""UnityEngine.InputSystem.PlayerNotifications.InvokeUnityEvents""/>."
"Packages/com.unity.inputsystem/InputSystem/Plugins/PlayerInput/PlayerInput.cs",626,"Unity New Input System : \bUnityEngine\.InputSystem\b","/// using UnityEngine.InputSystem;"
"Packages/com.unity.inputsystem/InputSystem/Plugins/PlayerInput/PlayerInput.cs",678,"Unity New Input System : \bUnityEngine\.InputSystem\b","/// using UnityEngine.InputSystem;"
"Packages/com.unity.inputsystem/InputSystem/Plugins/PlayerInput/PlayerInput.cs",727,"Unity New Input System : \bUnityEngine\.InputSystem\b","/// using UnityEngine.InputSystem;"
"Packages/com.unity.inputsystem/InputSystem/Plugins/PlayerInput/PlayerInput.cs",776,"Unity New Input System : \bUnityEngine\.InputSystem\b","/// using UnityEngine.InputSystem;"
"Packages/com.unity.inputsystem/InputSystem/Plugins/PlayerInput/PlayerInput.cs",1955,"Unity New Input System : \bUnityEngine\.InputSystem\b","/// Debug helper method that can be hooked up to actions when using <see cref=""UnityEngine.InputSystem.PlayerNotifications.InvokeUnityEvents""/>."
"Packages/com.unity.inputsystem/InputSystem/Plugins/PlayerInput/PlayerInput.cs",1960,"Unity New Input System : \bUnityEngine\.InputSystem\b","/// using UnityEngine.InputSystem;"
"Packages/com.unity.inputsystem/InputSystem/Plugins/PlayerInput/PlayerInputEditor.cs",8,"Unity New Input System : \bUnityEngine\.InputSystem\b","using UnityEngine.InputSystem.Users;"
"Packages/com.unity.inputsystem/InputSystem/Plugins/PlayerInput/PlayerInputEditor.cs",9,"Unity New Input System : \bUnityEngine\.InputSystem\b","using UnityEngine.InputSystem.Utilities;"
"Packages/com.unity.inputsystem/InputSystem/Plugins/PlayerInput/PlayerInputEditor.cs",12,"Unity New Input System : \bUnityEngine\.InputSystem\b","using UnityEngine.InputSystem.UI;"
"Packages/com.unity.inputsystem/InputSystem/Plugins/PlayerInput/PlayerInputEditor.cs",13,"Unity New Input System : \bUnityEngine\.InputSystem\b","using UnityEngine.InputSystem.UI.Editor;"
"Packages/com.unity.inputsystem/InputSystem/Plugins/PlayerInput/PlayerInputEditor.cs",18,"Unity New Input System : \bUnityEngine\.InputSystem\b","namespace UnityEngine.InputSystem.Editor"
"Packages/com.unity.inputsystem/InputSystem/Plugins/PlayerInput/PlayerInputManager.cs",3,"Unity New Input System : \bUnityEngine\.InputSystem\b","using UnityEngine.InputSystem.Controls;"
"Packages/com.unity.inputsystem/InputSystem/Plugins/PlayerInput/PlayerInputManager.cs",4,"Unity New Input System : \bUnityEngine\.InputSystem\b","using UnityEngine.InputSystem.LowLevel;"
"Packages/com.unity.inputsystem/InputSystem/Plugins/PlayerInput/PlayerInputManager.cs",5,"Unity New Input System : \bUnityEngine\.InputSystem\b","using UnityEngine.InputSystem.Users;"
"Packages/com.unity.inputsystem/InputSystem/Plugins/PlayerInput/PlayerInputManager.cs",6,"Unity New Input System : \bUnityEngine\.InputSystem\b","using UnityEngine.InputSystem.Utilities;"
"Packages/com.unity.inputsystem/InputSystem/Plugins/PlayerInput/PlayerInputManager.cs",17,"Unity New Input System : \bUnityEngine\.InputSystem\b","namespace UnityEngine.InputSystem"
"Packages/com.unity.inputsystem/InputSystem/Plugins/PlayerInput/PlayerInputManagerEditor.cs",5,"Unity New Input System : \bUnityEngine\.InputSystem\b","using UnityEngine.InputSystem.Users;"
"Packages/com.unity.inputsystem/InputSystem/Plugins/PlayerInput/PlayerInputManagerEditor.cs",7,"Unity New Input System : \bUnityEngine\.InputSystem\b","namespace UnityEngine.InputSystem.Editor"
"Packages/com.unity.inputsystem/InputSystem/Plugins/PlayerInput/PlayerJoinBehavior.cs",1,"Unity New Input System : \bUnityEngine\.InputSystem\b","namespace UnityEngine.InputSystem"
"Packages/com.unity.inputsystem/InputSystem/Plugins/PlayerInput/PlayerNotifications.cs",1,"Unity New Input System : \bUnityEngine\.InputSystem\b","namespace UnityEngine.InputSystem"
"Packages/com.unity.inputsystem/InputSystem/Plugins/Steam/IStreamControllerAPI.cs",3,"Unity New Input System : \bUnityEngine\.InputSystem\b","namespace UnityEngine.InputSystem.Steam"
"Packages/com.unity.inputsystem/InputSystem/Plugins/Steam/SteamController.cs",5,"Unity New Input System : \bUnityEngine\.InputSystem\b","using UnityEngine.InputSystem.Utilities;"
"Packages/com.unity.inputsystem/InputSystem/Plugins/Steam/SteamController.cs",7,"Unity New Input System : \bUnityEngine\.InputSystem\b","using UnityEngine.InputSystem.Steam.Editor;"
"Packages/com.unity.inputsystem/InputSystem/Plugins/Steam/SteamController.cs",12,"Unity New Input System : \bUnityEngine\.InputSystem\b","namespace UnityEngine.InputSystem.Steam"
"Packages/com.unity.inputsystem/InputSystem/Plugins/Steam/SteamControllerType.cs",1,"Unity New Input System : \bUnityEngine\.InputSystem\b","namespace UnityEngine.InputSystem.Steam"
"Packages/com.unity.inputsystem/InputSystem/Plugins/Steam/SteamHandle.cs",4,"Unity New Input System : \bUnityEngine\.InputSystem\b","namespace UnityEngine.InputSystem.Steam"
"Packages/com.unity.inputsystem/InputSystem/Plugins/Steam/SteamIGAConverter.cs",8,"Unity New Input System : \bUnityEngine\.InputSystem\b","using UnityEngine.InputSystem.Controls;"
"Packages/com.unity.inputsystem/InputSystem/Plugins/Steam/SteamIGAConverter.cs",9,"Unity New Input System : \bUnityEngine\.InputSystem\b","using UnityEngine.InputSystem.Editor;"
"Packages/com.unity.inputsystem/InputSystem/Plugins/Steam/SteamIGAConverter.cs",10,"Unity New Input System : \bUnityEngine\.InputSystem\b","using UnityEngine.InputSystem.Utilities;"
"Packages/com.unity.inputsystem/InputSystem/Plugins/Steam/SteamIGAConverter.cs",29,"Unity New Input System : \bUnityEngine\.InputSystem\b","namespace UnityEngine.InputSystem.Steam.Editor"
"Packages/com.unity.inputsystem/InputSystem/Plugins/Steam/SteamIGAConverter.cs",83,"Unity New Input System : \bUnityEngine\.InputSystem\b","builder.Append(""using UnityEngine.InputSystem;\n"");"
"Packages/com.unity.inputsystem/InputSystem/Plugins/Steam/SteamIGAConverter.cs",84,"Unity New Input System : \bUnityEngine\.InputSystem\b","builder.Append(""using UnityEngine.InputSystem.Controls;\n"");"
"Packages/com.unity.inputsystem/InputSystem/Plugins/Steam/SteamIGAConverter.cs",85,"Unity New Input System : \bUnityEngine\.InputSystem\b","builder.Append(""using UnityEngine.InputSystem.Layouts;\n"");"
"Packages/com.unity.inputsystem/InputSystem/Plugins/Steam/SteamIGAConverter.cs",86,"Unity New Input System : \bUnityEngine\.InputSystem\b","builder.Append(""using UnityEngine.InputSystem.LowLevel;\n"");"
"Packages/com.unity.inputsystem/InputSystem/Plugins/Steam/SteamIGAConverter.cs",87,"Unity New Input System : \bUnityEngine\.InputSystem\b","builder.Append(""using UnityEngine.InputSystem.Utilities;\n"");"
"Packages/com.unity.inputsystem/InputSystem/Plugins/Steam/SteamIGAConverter.cs",88,"Unity New Input System : \bUnityEngine\.InputSystem\b","builder.Append(""using UnityEngine.InputSystem.Steam;\n"");"
"Packages/com.unity.inputsystem/InputSystem/Plugins/Steam/SteamSupport.cs",3,"Unity New Input System : \bUnityEngine\.InputSystem\b","using UnityEngine.InputSystem.Layouts;"
"Packages/com.unity.inputsystem/InputSystem/Plugins/Steam/SteamSupport.cs",4,"Unity New Input System : \bUnityEngine\.InputSystem\b","using UnityEngine.InputSystem.Utilities;"
"Packages/com.unity.inputsystem/InputSystem/Plugins/Steam/SteamSupport.cs",6,"Unity New Input System : \bUnityEngine\.InputSystem\b","namespace UnityEngine.InputSystem.Steam"
"Packages/com.unity.inputsystem/InputSystem/Plugins/Switch/SwitchProControllerHID.cs",5,"Unity New Input System : \bUnityEngine\.InputSystem\b","using UnityEngine.InputSystem.Controls;"
"Packages/com.unity.inputsystem/InputSystem/Plugins/Switch/SwitchProControllerHID.cs",6,"Unity New Input System : \bUnityEngine\.InputSystem\b","using UnityEngine.InputSystem.Layouts;"
"Packages/com.unity.inputsystem/InputSystem/Plugins/Switch/SwitchProControllerHID.cs",7,"Unity New Input System : \bUnityEngine\.InputSystem\b","using UnityEngine.InputSystem.LowLevel;"
"Packages/com.unity.inputsystem/InputSystem/Plugins/Switch/SwitchProControllerHID.cs",8,"Unity New Input System : \bUnityEngine\.InputSystem\b","using UnityEngine.InputSystem.Switch.LowLevel;"
"Packages/com.unity.inputsystem/InputSystem/Plugins/Switch/SwitchProControllerHID.cs",9,"Unity New Input System : \bUnityEngine\.InputSystem\b","using UnityEngine.InputSystem.Utilities;"
"Packages/com.unity.inputsystem/InputSystem/Plugins/Switch/SwitchProControllerHID.cs",13,"Unity New Input System : \bUnityEngine\.InputSystem\b","namespace UnityEngine.InputSystem.Switch.LowLevel"
"Packages/com.unity.inputsystem/InputSystem/Plugins/Switch/SwitchProControllerHID.cs",143,"Unity New Input System : \bUnityEngine\.InputSystem\b","namespace UnityEngine.InputSystem.Switch"
"Packages/com.unity.inputsystem/InputSystem/Plugins/Switch/SwitchSupportHID.cs",2,"Unity New Input System : \bUnityEngine\.InputSystem\b","using UnityEngine.InputSystem.Layouts;"
"Packages/com.unity.inputsystem/InputSystem/Plugins/Switch/SwitchSupportHID.cs",4,"Unity New Input System : \bUnityEngine\.InputSystem\b","namespace UnityEngine.InputSystem.Switch"
"Packages/com.unity.inputsystem/InputSystem/Plugins/UI/BaseInputOverride.cs",4,"Unity New Input System : \bUnityEngine\.InputSystem\b","namespace UnityEngine.InputSystem.UI"
"Packages/com.unity.inputsystem/InputSystem/Plugins/UI/ExtendedAxisEventData.cs",4,"Unity New Input System : \bUnityEngine\.InputSystem\b","namespace UnityEngine.InputSystem.UI"
"Packages/com.unity.inputsystem/InputSystem/Plugins/UI/ExtendedPointerEventData.cs",4,"Unity New Input System : \bUnityEngine\.InputSystem\b","using UnityEngine.InputSystem.Controls;"
"Packages/com.unity.inputsystem/InputSystem/Plugins/UI/ExtendedPointerEventData.cs",5,"Unity New Input System : \bUnityEngine\.InputSystem\b","using UnityEngine.InputSystem.Utilities;"
"Packages/com.unity.inputsystem/InputSystem/Plugins/UI/ExtendedPointerEventData.cs",7,"Unity New Input System : \bUnityEngine\.InputSystem\b","namespace UnityEngine.InputSystem.UI"
"Packages/com.unity.inputsystem/InputSystem/Plugins/UI/ExtendedSubmitCancelEventData.cs",4,"Unity New Input System : \bUnityEngine\.InputSystem\b","namespace UnityEngine.InputSystem.UI"
"Packages/com.unity.inputsystem/InputSystem/Plugins/UI/INavigationEventData.cs",3,"Unity New Input System : \bUnityEngine\.InputSystem\b","namespace UnityEngine.InputSystem.UI"
"Packages/com.unity.inputsystem/InputSystem/Plugins/UI/InputSystemUIInputModule.cs",5,"Unity New Input System : \bUnityEngine\.InputSystem\b","using UnityEngine.InputSystem.Controls;"
"Packages/com.unity.inputsystem/InputSystem/Plugins/UI/InputSystemUIInputModule.cs",6,"Unity New Input System : \bUnityEngine\.InputSystem\b","using UnityEngine.InputSystem.LowLevel;"
"Packages/com.unity.inputsystem/InputSystem/Plugins/UI/InputSystemUIInputModule.cs",7,"Unity New Input System : \bUnityEngine\.InputSystem\b","using UnityEngine.InputSystem.Utilities;"
"Packages/com.unity.inputsystem/InputSystem/Plugins/UI/InputSystemUIInputModule.cs",36,"Unity New Input System : \bUnityEngine\.InputSystem\b","namespace UnityEngine.InputSystem.UI"
"Packages/com.unity.inputsystem/InputSystem/Plugins/UI/InputSystemUIInputModule.cs",71,"Unity New Input System : \bUnityEngine\.InputSystem\b","/// using UnityEngine.InputSystem;"
"Packages/com.unity.inputsystem/InputSystem/Plugins/UI/InputSystemUIInputModule.cs",72,"Unity New Input System : \bUnityEngine\.InputSystem\b","/// using UnityEngine.InputSystem.UI;"
"Packages/com.unity.inputsystem/InputSystem/Plugins/UI/InputSystemUIInputModule.cs",211,"Unity New Input System : \bUnityEngine\.InputSystem\b","/// using UnityEngine.InputSystem.UI;"
"Packages/com.unity.inputsystem/InputSystem/Plugins/UI/InputSystemUIInputModule.cs",348,"Unity New Input System : \bUnityEngine\.InputSystem\b","/// using UnityEngine.InputSystem;"
"Packages/com.unity.inputsystem/InputSystem/Plugins/UI/InputSystemUIInputModule.cs",349,"Unity New Input System : \bUnityEngine\.InputSystem\b","/// using UnityEngine.InputSystem.UI;"
"Packages/com.unity.inputsystem/InputSystem/Plugins/UI/InputSystemUIInputModule.cs",1618,"Unity New Input System : \bUnityEngine\.InputSystem\b","UnityEngine.InputSystem.Editor.PlayerInputEditor.kDefaultInputActionsAssetPath,"
"Packages/com.unity.inputsystem/InputSystem/Plugins/UI/InputSystemUIInputModule.cs",2385,"Unity New Input System : \bUnityEngine\.InputSystem\b","/// using UnityEngine.InputSystem.UI;"
"Packages/com.unity.inputsystem/InputSystem/Plugins/UI/InputSystemUIInputModuleEditor.cs",6,"Unity New Input System : \bUnityEngine\.InputSystem\b","using UnityEngine.InputSystem.Editor;"
"Packages/com.unity.inputsystem/InputSystem/Plugins/UI/InputSystemUIInputModuleEditor.cs",10,"Unity New Input System : \bUnityEngine\.InputSystem\b","namespace UnityEngine.InputSystem.UI.Editor"
"Packages/com.unity.inputsystem/InputSystem/Plugins/UI/MultiplayerEventSystem.cs",4,"Unity New Input System : \bUnityEngine\.InputSystem\b","namespace UnityEngine.InputSystem.UI"
"Packages/com.unity.inputsystem/InputSystem/Plugins/UI/NavigationModel.cs",4,"Unity New Input System : \bUnityEngine\.InputSystem\b","namespace UnityEngine.InputSystem.UI"
"Packages/com.unity.inputsystem/InputSystem/Plugins/UI/PointerModel.cs",4,"Unity New Input System : \bUnityEngine\.InputSystem\b","namespace UnityEngine.InputSystem.UI"
"Packages/com.unity.inputsystem/InputSystem/Plugins/UI/StandaloneInputModuleEditor.cs",6,"Unity New Input System : \bUnityEngine\.InputSystem\b","using UnityEngine.InputSystem.Editor;"
"Packages/com.unity.inputsystem/InputSystem/Plugins/UI/StandaloneInputModuleEditor.cs",8,"Unity New Input System : \bUnityEngine\.InputSystem\b","namespace UnityEngine.InputSystem.UI.Editor"
"Packages/com.unity.inputsystem/InputSystem/Plugins/UI/TrackedDeviceRaycaster.cs",5,"Unity New Input System : \bUnityEngine\.InputSystem\b","using UnityEngine.InputSystem.Utilities;"
"Packages/com.unity.inputsystem/InputSystem/Plugins/UI/TrackedDeviceRaycaster.cs",9,"Unity New Input System : \bUnityEngine\.InputSystem\b","namespace UnityEngine.InputSystem.UI"
"Packages/com.unity.inputsystem/InputSystem/Plugins/UI/UISupport.cs",1,"Unity New Input System : \bUnityEngine\.InputSystem\b","using UnityEngine.InputSystem;"
"Packages/com.unity.inputsystem/InputSystem/Plugins/UI/UISupport.cs",3,"Unity New Input System : \bUnityEngine\.InputSystem\b","////FIXME: This should be UnityEngine.InputSystem.UI"
"Packages/com.unity.inputsystem/InputSystem/Plugins/UI/VirtualMouseInput.cs",3,"Unity New Input System : \bUnityEngine\.InputSystem\b","using UnityEngine.InputSystem.LowLevel;"
"Packages/com.unity.inputsystem/InputSystem/Plugins/UI/VirtualMouseInput.cs",7,"Unity New Input System : \bUnityEngine\.InputSystem\b","using UnityEngine.InputSystem.Editor;"
"Packages/com.unity.inputsystem/InputSystem/Plugins/UI/VirtualMouseInput.cs",25,"Unity New Input System : \bUnityEngine\.InputSystem\b","namespace UnityEngine.InputSystem.UI"
"Packages/com.unity.inputsystem/InputSystem/Plugins/UnityRemote/UnityRemoteSupport.cs",5,"Unity New Input System : \bUnityEngine\.InputSystem\b","using UnityEngine.InputSystem.LowLevel;"
"Packages/com.unity.inputsystem/InputSystem/Plugins/UnityRemote/UnityRemoteSupport.cs",7,"Unity New Input System : \bUnityEngine\.InputSystem\b","namespace UnityEngine.InputSystem"
"Packages/com.unity.inputsystem/InputSystem/Plugins/UnityRemote/UnityRemoteSupport.cs",57,"Unity New Input System : \b(Accelerometer|Gyroscope|Compass|AttitudeSensor|GravitySensor|LinearAccelerationSensor|OrientationSensor|Magnetometer|Barometer|ProximitySensor|LightSensor|StepCounter|Pedometer)\b","s_State.accelerometer = InputSystem.AddDevice<Accelerometer>();"
"Packages/com.unity.inputsystem/InputSystem/Plugins/UnityRemote/UnityRemoteSupport.cs",58,"Unity New Input System : \b(Accelerometer|Gyroscope|Compass|AttitudeSensor|GravitySensor|LinearAccelerationSensor|OrientationSensor|Magnetometer|Barometer|ProximitySensor|LightSensor|StepCounter|Pedometer)\b","s_State.accelerometer.m_DeviceFlags |= InputDevice.DeviceFlags.Remote;"
"Packages/com.unity.inputsystem/InputSystem/Plugins/UnityRemote/UnityRemoteSupport.cs",110,"Unity Old Input System : \bInput\.gyro\b|\bGyroscope\b","s_State.gyroscope = InputSystem.AddDevice<Gyroscope>();"
"Packages/com.unity.inputsystem/InputSystem/Plugins/UnityRemote/UnityRemoteSupport.cs",111,"Unity New Input System : \b(Accelerometer|Gyroscope|Compass|AttitudeSensor|GravitySensor|LinearAccelerationSensor|OrientationSensor|Magnetometer|Barometer|ProximitySensor|LightSensor|StepCounter|Pedometer)\b","s_State.attitude = InputSystem.AddDevice<AttitudeSensor>();"
"Packages/com.unity.inputsystem/InputSystem/Plugins/UnityRemote/UnityRemoteSupport.cs",112,"Unity New Input System : \b(Accelerometer|Gyroscope|Compass|AttitudeSensor|GravitySensor|LinearAccelerationSensor|OrientationSensor|Magnetometer|Barometer|ProximitySensor|LightSensor|StepCounter|Pedometer)\b","s_State.gravity = InputSystem.AddDevice<GravitySensor>();"
"Packages/com.unity.inputsystem/InputSystem/Plugins/UnityRemote/UnityRemoteSupport.cs",113,"Unity New Input System : \b(Accelerometer|Gyroscope|Compass|AttitudeSensor|GravitySensor|LinearAccelerationSensor|OrientationSensor|Magnetometer|Barometer|ProximitySensor|LightSensor|StepCounter|Pedometer)\b","s_State.linearAcceleration = InputSystem.AddDevice<LinearAccelerationSensor>();"
"Packages/com.unity.inputsystem/InputSystem/Plugins/UnityRemote/UnityRemoteSupport.cs",114,"Unity Old Input System : \bInput\.gyro\b|\bGyroscope\b","s_State.gyroscope.m_DeviceFlags |= InputDevice.DeviceFlags.Remote;"
"Packages/com.unity.inputsystem/InputSystem/Plugins/UnityRemote/UnityRemoteSupport.cs",124,"Unity Old Input System : \bInput\.gyro\b|\bGyroscope\b","InputSystem.DisableDevice(s_State.gyroscope);"
"Packages/com.unity.inputsystem/InputSystem/Plugins/UnityRemote/UnityRemoteSupport.cs",146,"Unity Old Input System : \bInput\.gyro\b|\bGyroscope\b","if (s_State.gyroscope != null && s_State.gyroscope.enabled)"
"Packages/com.unity.inputsystem/InputSystem/Plugins/UnityRemote/UnityRemoteSupport.cs",148,"Unity Old Input System : \bInput\.gyro\b|\bGyroscope\b","InputSystem.QueueStateEvent(s_State.gyroscope, new GyroscopeState"
"Packages/com.unity.inputsystem/InputSystem/Plugins/UnityRemote/UnityRemoteSupport.cs",173,"Unity New Input System : \b(Accelerometer|Gyroscope|Compass|AttitudeSensor|GravitySensor|LinearAccelerationSensor|OrientationSensor|Magnetometer|Barometer|ProximitySensor|LightSensor|StepCounter|Pedometer)\b","if (s_State.accelerometer == null)"
"Packages/com.unity.inputsystem/InputSystem/Plugins/UnityRemote/UnityRemoteSupport.cs",176,"Unity New Input System : \b(Accelerometer|Gyroscope|Compass|AttitudeSensor|GravitySensor|LinearAccelerationSensor|OrientationSensor|Magnetometer|Barometer|ProximitySensor|LightSensor|StepCounter|Pedometer)\b","InputSystem.QueueStateEvent(s_State.accelerometer, new AccelerometerState"
"Packages/com.unity.inputsystem/InputSystem/Plugins/UnityRemote/UnityRemoteSupport.cs",190,"Unity New Input System : \b(Accelerometer|Gyroscope|Compass|AttitudeSensor|GravitySensor|LinearAccelerationSensor|OrientationSensor|Magnetometer|Barometer|ProximitySensor|LightSensor|StepCounter|Pedometer)\b","InputSystem.RemoveDevice(s_State.accelerometer);"
"Packages/com.unity.inputsystem/InputSystem/Plugins/UnityRemote/UnityRemoteSupport.cs",191,"Unity Old Input System : \bInput\.gyro\b|\bGyroscope\b","if (s_State.gyroscope != null)"
"Packages/com.unity.inputsystem/InputSystem/Plugins/UnityRemote/UnityRemoteSupport.cs",192,"Unity Old Input System : \bInput\.gyro\b|\bGyroscope\b","InputSystem.RemoveDevice(s_State.gyroscope);"
"Packages/com.unity.inputsystem/InputSystem/Plugins/UnityRemote/UnityRemoteSupport.cs",209,"Unity New Input System : \b(Accelerometer|Gyroscope|Compass|AttitudeSensor|GravitySensor|LinearAccelerationSensor|OrientationSensor|Magnetometer|Barometer|ProximitySensor|LightSensor|StepCounter|Pedometer)\b","if (device == s_State.accelerometer)"
"Packages/com.unity.inputsystem/InputSystem/Plugins/UnityRemote/UnityRemoteSupport.cs",210,"Unity New Input System : \b(Accelerometer|Gyroscope|Compass|AttitudeSensor|GravitySensor|LinearAccelerationSensor|OrientationSensor|Magnetometer|Barometer|ProximitySensor|LightSensor|StepCounter|Pedometer)\b","s_State.accelerometer = null;"
"Packages/com.unity.inputsystem/InputSystem/Plugins/UnityRemote/UnityRemoteSupport.cs",212,"Unity New Input System : \b(Accelerometer|Gyroscope|Compass|AttitudeSensor|GravitySensor|LinearAccelerationSensor|OrientationSensor|Magnetometer|Barometer|ProximitySensor|LightSensor|StepCounter|Pedometer)\b","s_State.accelerometer = null;"
"Packages/com.unity.inputsystem/InputSystem/Plugins/UnityRemote/UnityRemoteSupport.cs",215,"Unity Old Input System : \bInput\.gyro\b|\bGyroscope\b","else if (device == s_State.gyroscope)"
"Packages/com.unity.inputsystem/InputSystem/Plugins/UnityRemote/UnityRemoteSupport.cs",216,"Unity Old Input System : \bInput\.gyro\b|\bGyroscope\b","s_State.gyroscope = null;"
"Packages/com.unity.inputsystem/InputSystem/Plugins/UnityRemote/UnityRemoteSupport.cs",227,"Unity Old Input System : \bInput\.gyro\b|\bGyroscope\b","if (device == s_State.attitude || device == s_State.gravity || device == s_State.gyroscope ||"
"Packages/com.unity.inputsystem/InputSystem/Plugins/UnityRemote/UnityRemoteSupport.cs",238,"Unity Old Input System : \bInput\.gyro\b|\bGyroscope\b","if (device != s_State.attitude && device != s_State.gyroscope && device != s_State.gravity &&"
"Packages/com.unity.inputsystem/InputSystem/Plugins/UnityRemote/UnityRemoteSupport.cs",261,"Unity Old Input System : \bInput\.gyro\b|\bGyroscope\b","(s_State.gyroscope?.enabled ?? false) || (s_State.linearAcceleration?.enabled ?? false);"
"Packages/com.unity.inputsystem/InputSystem/Plugins/UnityRemote/UnityRemoteSupport.cs",481,"Unity New Input System : \b(Accelerometer|Gyroscope|Compass|AttitudeSensor|GravitySensor|LinearAccelerationSensor|OrientationSensor|Magnetometer|Barometer|ProximitySensor|LightSensor|StepCounter|Pedometer)\b","public Accelerometer accelerometer;"
"Packages/com.unity.inputsystem/InputSystem/Plugins/UnityRemote/UnityRemoteSupport.cs",482,"Unity Old Input System : \bInput\.gyro\b|\bGyroscope\b","public Gyroscope gyroscope;"
"Packages/com.unity.inputsystem/InputSystem/Plugins/UnityRemote/UnityRemoteSupport.cs",483,"Unity New Input System : \b(Accelerometer|Gyroscope|Compass|AttitudeSensor|GravitySensor|LinearAccelerationSensor|OrientationSensor|Magnetometer|Barometer|ProximitySensor|LightSensor|StepCounter|Pedometer)\b","public AttitudeSensor attitude;"
"Packages/com.unity.inputsystem/InputSystem/Plugins/UnityRemote/UnityRemoteSupport.cs",484,"Unity New Input System : \b(Accelerometer|Gyroscope|Compass|AttitudeSensor|GravitySensor|LinearAccelerationSensor|OrientationSensor|Magnetometer|Barometer|ProximitySensor|LightSensor|StepCounter|Pedometer)\b","public GravitySensor gravity;"
"Packages/com.unity.inputsystem/InputSystem/Plugins/UnityRemote/UnityRemoteSupport.cs",485,"Unity New Input System : \b(Accelerometer|Gyroscope|Compass|AttitudeSensor|GravitySensor|LinearAccelerationSensor|OrientationSensor|Magnetometer|Barometer|ProximitySensor|LightSensor|StepCounter|Pedometer)\b","public LinearAccelerationSensor linearAcceleration;"
"Packages/com.unity.inputsystem/InputSystem/Plugins/Users/InputUser.cs",4,"Unity New Input System : \bUnityEngine\.InputSystem\b","using UnityEngine.InputSystem.LowLevel;"
"Packages/com.unity.inputsystem/InputSystem/Plugins/Users/InputUser.cs",5,"Unity New Input System : \bUnityEngine\.InputSystem\b","using UnityEngine.InputSystem.Utilities;"
"Packages/com.unity.inputsystem/InputSystem/Plugins/Users/InputUser.cs",18,"Unity New Input System : \bUnityEngine\.InputSystem\b","namespace UnityEngine.InputSystem.Users"
"Packages/com.unity.inputsystem/InputSystem/Plugins/Users/InputUserAccountHandle.cs",3,"Unity New Input System : \bUnityEngine\.InputSystem\b","namespace UnityEngine.InputSystem.Users"
"Packages/com.unity.inputsystem/InputSystem/Plugins/Users/InputUserChange.cs",1,"Unity New Input System : \bUnityEngine\.InputSystem\b","using UnityEngine.InputSystem.LowLevel;"
"Packages/com.unity.inputsystem/InputSystem/Plugins/Users/InputUserChange.cs",7,"Unity New Input System : \bUnityEngine\.InputSystem\b","namespace UnityEngine.InputSystem.Users"
"Packages/com.unity.inputsystem/InputSystem/Plugins/Users/InputUserPairingOptions.cs",3,"Unity New Input System : \bUnityEngine\.InputSystem\b","namespace UnityEngine.InputSystem.Users"
"Packages/com.unity.inputsystem/InputSystem/Plugins/Users/InputUserSettings.cs",19,"Unity New Input System : \bUnityEngine\.InputSystem\b","namespace UnityEngine.InputSystem.Users"
"Packages/com.unity.inputsystem/InputSystem/Plugins/WebGL/WebGLGamepad.cs",4,"Unity New Input System : \bUnityEngine\.InputSystem\b","using UnityEngine.InputSystem.Layouts;"
"Packages/com.unity.inputsystem/InputSystem/Plugins/WebGL/WebGLGamepad.cs",5,"Unity New Input System : \bUnityEngine\.InputSystem\b","using UnityEngine.InputSystem.LowLevel;"
"Packages/com.unity.inputsystem/InputSystem/Plugins/WebGL/WebGLGamepad.cs",6,"Unity New Input System : \bUnityEngine\.InputSystem\b","using UnityEngine.InputSystem.WebGL.LowLevel;"
"Packages/com.unity.inputsystem/InputSystem/Plugins/WebGL/WebGLGamepad.cs",7,"Unity New Input System : \bUnityEngine\.InputSystem\b","using UnityEngine.InputSystem.Utilities;"
"Packages/com.unity.inputsystem/InputSystem/Plugins/WebGL/WebGLGamepad.cs",9,"Unity New Input System : \bUnityEngine\.InputSystem\b","namespace UnityEngine.InputSystem.WebGL.LowLevel"
"Packages/com.unity.inputsystem/InputSystem/Plugins/WebGL/WebGLGamepad.cs",146,"Unity New Input System : \bUnityEngine\.InputSystem\b","namespace UnityEngine.InputSystem.WebGL"
"Packages/com.unity.inputsystem/InputSystem/Plugins/WebGL/WebGLJoystick.cs",3,"Unity New Input System : \bUnityEngine\.InputSystem\b","namespace UnityEngine.InputSystem.WebGL"
"Packages/com.unity.inputsystem/InputSystem/Plugins/WebGL/WebGLSupport.cs",2,"Unity New Input System : \bUnityEngine\.InputSystem\b","using UnityEngine.InputSystem.Layouts;"
"Packages/com.unity.inputsystem/InputSystem/Plugins/WebGL/WebGLSupport.cs",3,"Unity New Input System : \bUnityEngine\.InputSystem\b","using UnityEngine.InputSystem.WebGL.LowLevel;"
"Packages/com.unity.inputsystem/InputSystem/Plugins/WebGL/WebGLSupport.cs",4,"Unity New Input System : \bUnityEngine\.InputSystem\b","using UnityEngine.InputSystem.LowLevel;"
"Packages/com.unity.inputsystem/InputSystem/Plugins/WebGL/WebGLSupport.cs",5,"Unity New Input System : \bUnityEngine\.InputSystem\b","using UnityEngine.InputSystem.Utilities;"
"Packages/com.unity.inputsystem/InputSystem/Plugins/WebGL/WebGLSupport.cs",8,"Unity New Input System : \bUnityEngine\.InputSystem\b","namespace UnityEngine.InputSystem.WebGL"
"Packages/com.unity.inputsystem/InputSystem/Plugins/XInput/IXboxOneRumble.cs",1,"Unity New Input System : \bUnityEngine\.InputSystem\b","using UnityEngine.InputSystem.Haptics;"
"Packages/com.unity.inputsystem/InputSystem/Plugins/XInput/IXboxOneRumble.cs",3,"Unity New Input System : \bUnityEngine\.InputSystem\b","namespace UnityEngine.InputSystem.XInput"
"Packages/com.unity.inputsystem/InputSystem/Plugins/XInput/XboxGamepadMacOS.cs",3,"Unity New Input System : \bUnityEngine\.InputSystem\b","using UnityEngine.InputSystem.Layouts;"
"Packages/com.unity.inputsystem/InputSystem/Plugins/XInput/XboxGamepadMacOS.cs",4,"Unity New Input System : \bUnityEngine\.InputSystem\b","using UnityEngine.InputSystem.LowLevel;"
"Packages/com.unity.inputsystem/InputSystem/Plugins/XInput/XboxGamepadMacOS.cs",5,"Unity New Input System : \bUnityEngine\.InputSystem\b","using UnityEngine.InputSystem.XInput.LowLevel;"
"Packages/com.unity.inputsystem/InputSystem/Plugins/XInput/XboxGamepadMacOS.cs",6,"Unity New Input System : \bUnityEngine\.InputSystem\b","using UnityEngine.InputSystem.Utilities;"
"Packages/com.unity.inputsystem/InputSystem/Plugins/XInput/XboxGamepadMacOS.cs",9,"Unity New Input System : \bUnityEngine\.InputSystem\b","namespace UnityEngine.InputSystem.XInput.LowLevel"
"Packages/com.unity.inputsystem/InputSystem/Plugins/XInput/XboxGamepadMacOS.cs",290,"Unity New Input System : \bUnityEngine\.InputSystem\b","namespace UnityEngine.InputSystem.XInput"
"Packages/com.unity.inputsystem/InputSystem/Plugins/XInput/XInputController.cs",2,"Unity New Input System : \bUnityEngine\.InputSystem\b","using UnityEngine.InputSystem.Controls;"
"Packages/com.unity.inputsystem/InputSystem/Plugins/XInput/XInputController.cs",3,"Unity New Input System : \bUnityEngine\.InputSystem\b","using UnityEngine.InputSystem.Layouts;"
"Packages/com.unity.inputsystem/InputSystem/Plugins/XInput/XInputController.cs",9,"Unity New Input System : \bUnityEngine\.InputSystem\b","namespace UnityEngine.InputSystem.XInput"
"Packages/com.unity.inputsystem/InputSystem/Plugins/XInput/XInputController.cs",183,"Unity New Input System : \bUnityEngine\.InputSystem\b","/// <see cref=""UnityEngine.InputSystem.Gamepad.leftStick"" /> x-axis reports the wheel rotation,"
"Packages/com.unity.inputsystem/InputSystem/Plugins/XInput/XInputControllerWindows.cs",3,"Unity New Input System : \bUnityEngine\.InputSystem\b","using UnityEngine.InputSystem.Layouts;"
"Packages/com.unity.inputsystem/InputSystem/Plugins/XInput/XInputControllerWindows.cs",4,"Unity New Input System : \bUnityEngine\.InputSystem\b","using UnityEngine.InputSystem.LowLevel;"
"Packages/com.unity.inputsystem/InputSystem/Plugins/XInput/XInputControllerWindows.cs",5,"Unity New Input System : \bUnityEngine\.InputSystem\b","using UnityEngine.InputSystem.XInput.LowLevel;"
"Packages/com.unity.inputsystem/InputSystem/Plugins/XInput/XInputControllerWindows.cs",6,"Unity New Input System : \bUnityEngine\.InputSystem\b","using UnityEngine.InputSystem.Utilities;"
"Packages/com.unity.inputsystem/InputSystem/Plugins/XInput/XInputControllerWindows.cs",9,"Unity New Input System : \bUnityEngine\.InputSystem\b","namespace UnityEngine.InputSystem.XInput.LowLevel"
"Packages/com.unity.inputsystem/InputSystem/Plugins/XInput/XInputControllerWindows.cs",89,"Unity New Input System : \bUnityEngine\.InputSystem\b","namespace UnityEngine.InputSystem.XInput"
"Packages/com.unity.inputsystem/InputSystem/Plugins/XInput/XInputSupport.cs",3,"Unity New Input System : \bUnityEngine\.InputSystem\b","using UnityEngine.InputSystem.Layouts;"
"Packages/com.unity.inputsystem/InputSystem/Plugins/XInput/XInputSupport.cs",5,"Unity New Input System : \bUnityEngine\.InputSystem\b","namespace UnityEngine.InputSystem.XInput"
"Packages/com.unity.inputsystem/InputSystem/Plugins/XR/GenericXRDevice.cs",3,"Unity New Input System : \bUnityEngine\.InputSystem\b","using UnityEngine.InputSystem.Controls;"
"Packages/com.unity.inputsystem/InputSystem/Plugins/XR/GenericXRDevice.cs",4,"Unity New Input System : \bUnityEngine\.InputSystem\b","using UnityEngine.InputSystem.XR.Haptics;"
"Packages/com.unity.inputsystem/InputSystem/Plugins/XR/GenericXRDevice.cs",5,"Unity New Input System : \bUnityEngine\.InputSystem\b","using UnityEngine.InputSystem.Layouts;"
"Packages/com.unity.inputsystem/InputSystem/Plugins/XR/GenericXRDevice.cs",8,"Unity New Input System : \bUnityEngine\.InputSystem\b","namespace UnityEngine.InputSystem.XR"
"Packages/com.unity.inputsystem/InputSystem/Plugins/XR/TrackedPoseDriver.cs",2,"Unity New Input System : \bUnityEngine\.InputSystem\b","using UnityEngine.InputSystem.LowLevel;"
"Packages/com.unity.inputsystem/InputSystem/Plugins/XR/TrackedPoseDriver.cs",5,"Unity New Input System : \bUnityEngine\.InputSystem\b","namespace UnityEngine.InputSystem.XR"
"Packages/com.unity.inputsystem/InputSystem/Plugins/XR/XRLayoutBuilder.cs",5,"Unity New Input System : \bUnityEngine\.InputSystem\b","using UnityEngine.InputSystem.LowLevel;"
"Packages/com.unity.inputsystem/InputSystem/Plugins/XR/XRLayoutBuilder.cs",6,"Unity New Input System : \bUnityEngine\.InputSystem\b","using UnityEngine.InputSystem.Utilities;"
"Packages/com.unity.inputsystem/InputSystem/Plugins/XR/XRLayoutBuilder.cs",8,"Unity New Input System : \bUnityEngine\.InputSystem\b","using UnityEngine.InputSystem.Layouts;"
"Packages/com.unity.inputsystem/InputSystem/Plugins/XR/XRLayoutBuilder.cs",11,"Unity New Input System : \bUnityEngine\.InputSystem\b","namespace UnityEngine.InputSystem.XR"
"Packages/com.unity.inputsystem/InputSystem/Plugins/XR/XRSupport.cs",5,"Unity New Input System : \bUnityEngine\.InputSystem\b","using UnityEngine.InputSystem.Layouts;"
"Packages/com.unity.inputsystem/InputSystem/Plugins/XR/XRSupport.cs",6,"Unity New Input System : \bUnityEngine\.InputSystem\b","using UnityEngine.InputSystem.Controls;"
"Packages/com.unity.inputsystem/InputSystem/Plugins/XR/XRSupport.cs",9,"Unity New Input System : \bUnityEngine\.InputSystem\b","namespace UnityEngine.InputSystem.XR"
"Packages/com.unity.inputsystem/InputSystem/Plugins/XR/XRSupport.cs",401,"AR/XR/地图类（可能间接用传感器） : \bARKit\b|\bARCore\b|\bUnity\.XR\b|\bVuforia\b|\bMapbox\b|\bOpenCV\b","// Built-in layouts replaced by the com.unity.xr.windowsmr package."
"Packages/com.unity.inputsystem/InputSystem/Plugins/XR/XRSupport.cs",420,"AR/XR/地图类（可能间接用传感器） : \bARKit\b|\bARCore\b|\bUnity\.XR\b|\bVuforia\b|\bMapbox\b|\bOpenCV\b","// Built-in layouts replaced by the com.unity.xr.oculus package."
"Packages/com.unity.inputsystem/InputSystem/Plugins/XR/XRSupport.cs",422,"AR/XR/地图类（可能间接用传感器） : \bARKit\b|\bARCore\b|\bUnity\.XR\b|\bVuforia\b|\bMapbox\b|\bOpenCV\b","InputSystem.RegisterLayout<Unity.XR.Oculus.Input.OculusHMD>("
"Packages/com.unity.inputsystem/InputSystem/Plugins/XR/XRSupport.cs",426,"AR/XR/地图类（可能间接用传感器） : \bARKit\b|\bARCore\b|\bUnity\.XR\b|\bVuforia\b|\bMapbox\b|\bOpenCV\b","InputSystem.RegisterLayout<Unity.XR.Oculus.Input.OculusTouchController>("
"Packages/com.unity.inputsystem/InputSystem/Plugins/XR/XRSupport.cs",430,"AR/XR/地图类（可能间接用传感器） : \bARKit\b|\bARCore\b|\bUnity\.XR\b|\bVuforia\b|\bMapbox\b|\bOpenCV\b","InputSystem.RegisterLayout<Unity.XR.Oculus.Input.OculusRemote>("
"Packages/com.unity.inputsystem/InputSystem/Plugins/XR/XRSupport.cs",434,"AR/XR/地图类（可能间接用传感器） : \bARKit\b|\bARCore\b|\bUnity\.XR\b|\bVuforia\b|\bMapbox\b|\bOpenCV\b","InputSystem.RegisterLayout<Unity.XR.Oculus.Input.OculusTrackingReference>("
"Packages/com.unity.inputsystem/InputSystem/Plugins/XR/XRSupport.cs",439,"AR/XR/地图类（可能间接用传感器） : \bARKit\b|\bARCore\b|\bUnity\.XR\b|\bVuforia\b|\bMapbox\b|\bOpenCV\b","InputSystem.RegisterLayout<Unity.XR.Oculus.Input.OculusHMDExtended>("
"Packages/com.unity.inputsystem/InputSystem/Plugins/XR/XRSupport.cs",444,"AR/XR/地图类（可能间接用传感器） : \bARKit\b|\bARCore\b|\bUnity\.XR\b|\bVuforia\b|\bMapbox\b|\bOpenCV\b","InputSystem.RegisterLayout<Unity.XR.Oculus.Input.GearVRTrackedController>("
"Packages/com.unity.inputsystem/InputSystem/Plugins/XR/XRSupport.cs",450,"AR/XR/地图类（可能间接用传感器） : \bARKit\b|\bARCore\b|\bUnity\.XR\b|\bVuforia\b|\bMapbox\b|\bOpenCV\b","// Built-in layouts replaced by the com.unity.xr.googlevr package."
"Packages/com.unity.inputsystem/InputSystem/Plugins/XR/XRSupport.cs",452,"AR/XR/地图类（可能间接用传感器） : \bARKit\b|\bARCore\b|\bUnity\.XR\b|\bVuforia\b|\bMapbox\b|\bOpenCV\b","InputSystem.RegisterLayout<Unity.XR.GoogleVr.DaydreamHMD>("
"Packages/com.unity.inputsystem/InputSystem/Plugins/XR/XRSupport.cs",456,"AR/XR/地图类（可能间接用传感器） : \bARKit\b|\bARCore\b|\bUnity\.XR\b|\bVuforia\b|\bMapbox\b|\bOpenCV\b","InputSystem.RegisterLayout<Unity.XR.GoogleVr.DaydreamController>("
"Packages/com.unity.inputsystem/InputSystem/Plugins/XR/XRSupport.cs",462,"AR/XR/地图类（可能间接用传感器） : \bARKit\b|\bARCore\b|\bUnity\.XR\b|\bVuforia\b|\bMapbox\b|\bOpenCV\b","// Built-in layouts replaced by the com.unity.xr.openvr package."
"Packages/com.unity.inputsystem/InputSystem/Plugins/XR/XRSupport.cs",464,"AR/XR/地图类（可能间接用传感器） : \bARKit\b|\bARCore\b|\bUnity\.XR\b|\bVuforia\b|\bMapbox\b|\bOpenCV\b","InputSystem.RegisterLayout<Unity.XR.OpenVR.OpenVRHMD>("
"Packages/com.unity.inputsystem/InputSystem/Plugins/XR/XRSupport.cs",469,"AR/XR/地图类（可能间接用传感器） : \bARKit\b|\bARCore\b|\bUnity\.XR\b|\bVuforia\b|\bMapbox\b|\bOpenCV\b","InputSystem.RegisterLayout<Unity.XR.OpenVR.OpenVRControllerWMR>("
"Packages/com.unity.inputsystem/InputSystem/Plugins/XR/XRSupport.cs",474,"AR/XR/地图类（可能间接用传感器） : \bARKit\b|\bARCore\b|\bUnity\.XR\b|\bVuforia\b|\bMapbox\b|\bOpenCV\b","InputSystem.RegisterLayout<Unity.XR.OpenVR.ViveWand>("
"Packages/com.unity.inputsystem/InputSystem/Plugins/XR/XRSupport.cs",480,"AR/XR/地图类（可能间接用传感器） : \bARKit\b|\bARCore\b|\bUnity\.XR\b|\bVuforia\b|\bMapbox\b|\bOpenCV\b","InputSystem.RegisterLayout<Unity.XR.OpenVR.OpenVROculusTouchController>("
"Packages/com.unity.inputsystem/InputSystem/Plugins/XR/XRSupport.cs",486,"AR/XR/地图类（可能间接用传感器） : \bARKit\b|\bARCore\b|\bUnity\.XR\b|\bVuforia\b|\bMapbox\b|\bOpenCV\b","InputSystem.RegisterLayout<Unity.XR.OpenVR.ViveTracker>("
"Packages/com.unity.inputsystem/InputSystem/Plugins/XR/XRSupport.cs",492,"AR/XR/地图类（可能间接用传感器） : \bARKit\b|\bARCore\b|\bUnity\.XR\b|\bVuforia\b|\bMapbox\b|\bOpenCV\b","InputSystem.RegisterLayout<Unity.XR.OpenVR.HandedViveTracker>("
"Packages/com.unity.inputsystem/InputSystem/Plugins/XR/XRSupport.cs",498,"AR/XR/地图类（可能间接用传感器） : \bARKit\b|\bARCore\b|\bUnity\.XR\b|\bVuforia\b|\bMapbox\b|\bOpenCV\b","InputSystem.RegisterLayout<Unity.XR.OpenVR.ViveLighthouse>("
"Packages/com.unity.inputsystem/InputSystem/Utilities/Observables/ForDeviceEventObservable.cs",2,"Unity New Input System : \bUnityEngine\.InputSystem\b","using UnityEngine.InputSystem.LowLevel;"
"Packages/com.unity.inputsystem/InputSystem/Utilities/Observables/ForDeviceEventObservable.cs",4,"Unity New Input System : \bUnityEngine\.InputSystem\b","namespace UnityEngine.InputSystem.Utilities"
"Packages/com.unity.inputsystem/InputSystem/Utilities/Observables/Observable.cs",3,"Unity New Input System : \bUnityEngine\.InputSystem\b","using UnityEngine.InputSystem.LowLevel;"
"Packages/com.unity.inputsystem/InputSystem/Utilities/Observables/Observable.cs",5,"Unity New Input System : \bUnityEngine\.InputSystem\b","namespace UnityEngine.InputSystem.Utilities"
"Packages/com.unity.inputsystem/InputSystem/Utilities/Observables/Observer.cs",3,"Unity New Input System : \bUnityEngine\.InputSystem\b","namespace UnityEngine.InputSystem.Utilities"
"Packages/com.unity.inputsystem/InputSystem/Utilities/Observables/SelectManyObservable.cs",4,"Unity New Input System : \bUnityEngine\.InputSystem\b","namespace UnityEngine.InputSystem.Utilities"
"Packages/com.unity.inputsystem/InputSystem/Utilities/Observables/SelectObservable.cs",3,"Unity New Input System : \bUnityEngine\.InputSystem\b","namespace UnityEngine.InputSystem.LowLevel"
"Packages/com.unity.inputsystem/InputSystem/Utilities/Observables/TakeNObservable.cs",3,"Unity New Input System : \bUnityEngine\.InputSystem\b","namespace UnityEngine.InputSystem.Utilities"
"Packages/com.unity.inputsystem/InputSystem/Utilities/Observables/WhereObservable.cs",3,"Unity New Input System : \bUnityEngine\.InputSystem\b","namespace UnityEngine.InputSystem.Utilities"
"Packages/com.unity.render-pipelines.core/Samples~/Common/Scripts/SamplesFreeCamera.cs",6,"Unity New Input System : \bUnityEngine\.InputSystem\b","using UnityEngine.InputSystem;"
"Packages/com.unity.render-pipelines.core/Samples~/Common/Scripts/SamplesShowcase.cs",17,"Unity New Input System : \bUnityEngine\.InputSystem\b","using UnityEngine.InputSystem;"
"Packages/com.unity.inputsystem/InputSystem/Editor/ControlPicker/Layouts/DefaultInputControlPickerLayout.cs",2,"Unity New Input System : \bUnityEngine\.InputSystem\b","using UnityEngine.InputSystem.Layouts;"
"Packages/com.unity.inputsystem/InputSystem/Editor/ControlPicker/Layouts/DefaultInputControlPickerLayout.cs",4,"Unity New Input System : \bUnityEngine\.InputSystem\b","namespace UnityEngine.InputSystem.Editor"
"Packages/com.unity.inputsystem/InputSystem/Editor/ControlPicker/Layouts/TouchscreenControlPickerLayout.cs",2,"Unity New Input System : \bUnityEngine\.InputSystem\b","using UnityEngine.InputSystem.Layouts;"
"Packages/com.unity.inputsystem/InputSystem/Editor/ControlPicker/Layouts/TouchscreenControlPickerLayout.cs",3,"Unity New Input System : \bUnityEngine\.InputSystem\b","using UnityEngine.InputSystem.Utilities;"
"Packages/com.unity.inputsystem/InputSystem/Editor/ControlPicker/Layouts/TouchscreenControlPickerLayout.cs",5,"Unity New Input System : \bUnityEngine\.InputSystem\b","namespace UnityEngine.InputSystem.Editor"
"Packages/com.unity.inputsystem/InputSystem/Editor/Internal/AdvancedDropdown/AdvancedDropdown.cs",4,"Unity New Input System : \bUnityEngine\.InputSystem\b","namespace UnityEngine.InputSystem.Editor"
"Packages/com.unity.inputsystem/InputSystem/Editor/Internal/AdvancedDropdown/AdvancedDropdownDataSource.cs",6,"Unity New Input System : \bUnityEngine\.InputSystem\b","namespace UnityEngine.InputSystem.Editor"
"Packages/com.unity.inputsystem/InputSystem/Editor/Internal/AdvancedDropdown/AdvancedDropdownGUI.cs",7,"Unity New Input System : \bUnityEngine\.InputSystem\b","namespace UnityEngine.InputSystem.Editor"
"Packages/com.unity.inputsystem/InputSystem/Editor/Internal/AdvancedDropdown/AdvancedDropdownItem.cs",5,"Unity New Input System : \bUnityEngine\.InputSystem\b","namespace UnityEngine.InputSystem.Editor"
"Packages/com.unity.inputsystem/InputSystem/Editor/Internal/AdvancedDropdown/AdvancedDropdownState.cs",5,"Unity New Input System : \bUnityEngine\.InputSystem\b","namespace UnityEngine.InputSystem.Editor"
"Packages/com.unity.inputsystem/InputSystem/Editor/Internal/AdvancedDropdown/AdvancedDropdownWindow.cs",8,"Unity New Input System : \bUnityEngine\.InputSystem\b","namespace UnityEngine.InputSystem.Editor"
"Packages/com.unity.inputsystem/InputSystem/Editor/Internal/AdvancedDropdown/CallbackDataSource.cs",5,"Unity New Input System : \bUnityEngine\.InputSystem\b","namespace UnityEngine.InputSystem.Editor"
"Packages/com.unity.inputsystem/InputSystem/Editor/Internal/AdvancedDropdown/MultiLevelDataSource.cs",5,"Unity New Input System : \bUnityEngine\.InputSystem\b","namespace UnityEngine.InputSystem.Editor"
"Packages/com.unity.inputsystem/InputSystem/Editor/UITKAssetEditor/Commands/Commands.cs",7,"Unity New Input System : \bUnityEngine\.InputSystem\b","using UnityEngine.InputSystem.Editor.Lists;"
"Packages/com.unity.inputsystem/InputSystem/Editor/UITKAssetEditor/Commands/Commands.cs",8,"Unity New Input System : \bUnityEngine\.InputSystem\b","using UnityEngine.InputSystem.Utilities;"
"Packages/com.unity.inputsystem/InputSystem/Editor/UITKAssetEditor/Commands/Commands.cs",10,"Unity New Input System : \bUnityEngine\.InputSystem\b","namespace UnityEngine.InputSystem.Editor"
"Packages/com.unity.inputsystem/InputSystem/Editor/UITKAssetEditor/Commands/ControlSchemeCommands.cs",6,"Unity New Input System : \bUnityEngine\.InputSystem\b","using UnityEngine.InputSystem.Utilities;"
"Packages/com.unity.inputsystem/InputSystem/Editor/UITKAssetEditor/Commands/ControlSchemeCommands.cs",8,"Unity New Input System : \bUnityEngine\.InputSystem\b","namespace UnityEngine.InputSystem.Editor"
"Packages/com.unity.inputsystem/InputSystem/Editor/UITKAssetEditor/Views/ActionMapsView.cs",2,"Unity New Input System : \bUnityEngine\.InputSystem\b","using CmdEvents = UnityEngine.InputSystem.Editor.InputActionsEditorConstants.CommandEvents;"
"Packages/com.unity.inputsystem/InputSystem/Editor/UITKAssetEditor/Views/ActionMapsView.cs",7,"Unity New Input System : \bUnityEngine\.InputSystem\b","namespace UnityEngine.InputSystem.Editor"
"Packages/com.unity.inputsystem/InputSystem/Editor/UITKAssetEditor/Views/ActionPropertiesView.cs",9,"Unity New Input System : \bUnityEngine\.InputSystem\b","namespace UnityEngine.InputSystem.Editor"
"Packages/com.unity.inputsystem/InputSystem/Editor/UITKAssetEditor/Views/ActionsTreeView.cs",4,"Unity New Input System : \bUnityEngine\.InputSystem\b","using CmdEvents = UnityEngine.InputSystem.Editor.InputActionsEditorConstants.CommandEvents;"
"Packages/com.unity.inputsystem/InputSystem/Editor/UITKAssetEditor/Views/ActionsTreeView.cs",9,"Unity New Input System : \bUnityEngine\.InputSystem\b","using UnityEngine.InputSystem.Layouts;"
"Packages/com.unity.inputsystem/InputSystem/Editor/UITKAssetEditor/Views/ActionsTreeView.cs",10,"Unity New Input System : \bUnityEngine\.InputSystem\b","using UnityEngine.InputSystem.Utilities;"
"Packages/com.unity.inputsystem/InputSystem/Editor/UITKAssetEditor/Views/ActionsTreeView.cs",13,"Unity New Input System : \bUnityEngine\.InputSystem\b","namespace UnityEngine.InputSystem.Editor"
"Packages/com.unity.inputsystem/InputSystem/Editor/UITKAssetEditor/Views/BindingPropertiesView.cs",5,"Unity New Input System : \bUnityEngine\.InputSystem\b","using UnityEngine.InputSystem.Layouts;"
"Packages/com.unity.inputsystem/InputSystem/Editor/UITKAssetEditor/Views/BindingPropertiesView.cs",6,"Unity New Input System : \bUnityEngine\.InputSystem\b","using UnityEngine.InputSystem.Utilities;"
"Packages/com.unity.inputsystem/InputSystem/Editor/UITKAssetEditor/Views/BindingPropertiesView.cs",9,"Unity New Input System : \bUnityEngine\.InputSystem\b","namespace UnityEngine.InputSystem.Editor"
"Packages/com.unity.inputsystem/InputSystem/Editor/UITKAssetEditor/Views/CollectionViewSelectionChangeFilter.cs",9,"Unity New Input System : \bUnityEngine\.InputSystem\b","namespace UnityEngine.InputSystem.Editor"
"Packages/com.unity.inputsystem/InputSystem/Editor/UITKAssetEditor/Views/CompositeBindingPropertiesView.cs",6,"Unity New Input System : \bUnityEngine\.InputSystem\b","using UnityEngine.InputSystem.Editor.Lists;"
"Packages/com.unity.inputsystem/InputSystem/Editor/UITKAssetEditor/Views/CompositeBindingPropertiesView.cs",7,"Unity New Input System : \bUnityEngine\.InputSystem\b","using UnityEngine.InputSystem.Utilities;"
"Packages/com.unity.inputsystem/InputSystem/Editor/UITKAssetEditor/Views/CompositeBindingPropertiesView.cs",10,"Unity New Input System : \bUnityEngine\.InputSystem\b","namespace UnityEngine.InputSystem.Editor"
"Packages/com.unity.inputsystem/InputSystem/Editor/UITKAssetEditor/Views/CompositePartBindingPropertiesView.cs",8,"Unity New Input System : \bUnityEngine\.InputSystem\b","namespace UnityEngine.InputSystem.Editor"
"Packages/com.unity.inputsystem/InputSystem/Editor/UITKAssetEditor/Views/ContextMenu.cs",7,"Unity New Input System : \bUnityEngine\.InputSystem\b","using UnityEngine.InputSystem.Layouts;"
"Packages/com.unity.inputsystem/InputSystem/Editor/UITKAssetEditor/Views/ContextMenu.cs",8,"Unity New Input System : \bUnityEngine\.InputSystem\b","using UnityEngine.InputSystem.Utilities;"
"Packages/com.unity.inputsystem/InputSystem/Editor/UITKAssetEditor/Views/ContextMenu.cs",11,"Unity New Input System : \bUnityEngine\.InputSystem\b","namespace UnityEngine.InputSystem.Editor"
"Packages/com.unity.inputsystem/InputSystem/Editor/UITKAssetEditor/Views/ControlSchemesView.cs",9,"Unity New Input System : \bUnityEngine\.InputSystem\b","namespace UnityEngine.InputSystem.Editor"
"Packages/com.unity.inputsystem/InputSystem/Editor/UITKAssetEditor/Views/CopyPasteHelper.cs",7,"Unity New Input System : \bUnityEngine\.InputSystem\b","namespace UnityEngine.InputSystem.Editor"
"Packages/com.unity.inputsystem/InputSystem/Editor/UITKAssetEditor/Views/DropManipulator.cs",6,"Unity New Input System : \bUnityEngine\.InputSystem\b","namespace UnityEngine.InputSystem.Editor"
"Packages/com.unity.inputsystem/InputSystem/Editor/UITKAssetEditor/Views/InputActionMapsTreeViewItem.cs",7,"Unity New Input System : \bUnityEngine\.InputSystem\b","using UnityEngine.InputSystem.Editor;"
"Packages/com.unity.inputsystem/InputSystem/Editor/UITKAssetEditor/Views/InputActionMapsTreeViewItem.cs",10,"Unity New Input System : \bUnityEngine\.InputSystem\b","namespace UnityEngine.InputSystem.Editor"
"Packages/com.unity.inputsystem/InputSystem/Editor/UITKAssetEditor/Views/InputActionsEditorView.cs",9,"Unity New Input System : \bUnityEngine\.InputSystem\b","namespace UnityEngine.InputSystem.Editor"
"Packages/com.unity.inputsystem/InputSystem/Editor/UITKAssetEditor/Views/InputActionsTreeViewItem.cs",9,"Unity New Input System : \bUnityEngine\.InputSystem\b","namespace UnityEngine.InputSystem.Editor"
"Packages/com.unity.inputsystem/InputSystem/Editor/UITKAssetEditor/Views/IViewStateCollection.cs",4,"Unity New Input System : \bUnityEngine\.InputSystem\b","namespace UnityEngine.InputSystem.Editor"
"Packages/com.unity.inputsystem/InputSystem/Editor/UITKAssetEditor/Views/MatchingControlPaths.cs",5,"Unity New Input System : \bUnityEngine\.InputSystem\b","using UnityEngine.InputSystem.Layouts;"
"Packages/com.unity.inputsystem/InputSystem/Editor/UITKAssetEditor/Views/MatchingControlPaths.cs",6,"Unity New Input System : \bUnityEngine\.InputSystem\b","using UnityEngine.InputSystem.Utilities;"
"Packages/com.unity.inputsystem/InputSystem/Editor/UITKAssetEditor/Views/MatchingControlPaths.cs",9,"Unity New Input System : \bUnityEngine\.InputSystem\b","namespace UnityEngine.InputSystem.Editor"
"Packages/com.unity.inputsystem/InputSystem/Editor/UITKAssetEditor/Views/NameAndParametersListView.cs",6,"Unity New Input System : \bUnityEngine\.InputSystem\b","using UnityEngine.InputSystem.Editor.Lists;"
"Packages/com.unity.inputsystem/InputSystem/Editor/UITKAssetEditor/Views/NameAndParametersListView.cs",7,"Unity New Input System : \bUnityEngine\.InputSystem\b","using UnityEngine.InputSystem.Utilities;"
"Packages/com.unity.inputsystem/InputSystem/Editor/UITKAssetEditor/Views/NameAndParametersListView.cs",10,"Unity New Input System : \bUnityEngine\.InputSystem\b","namespace UnityEngine.InputSystem.Editor"
"Packages/com.unity.inputsystem/InputSystem/Editor/UITKAssetEditor/Views/PropertiesView.cs",7,"Unity New Input System : \bUnityEngine\.InputSystem\b","namespace UnityEngine.InputSystem.Editor"
"Packages/com.unity.inputsystem/InputSystem/Editor/UITKAssetEditor/Views/Selectors.cs",6,"Unity New Input System : \bUnityEngine\.InputSystem\b","using UnityEngine.InputSystem.Controls;"
"Packages/com.unity.inputsystem/InputSystem/Editor/UITKAssetEditor/Views/Selectors.cs",7,"Unity New Input System : \bUnityEngine\.InputSystem\b","using UnityEngine.InputSystem.Editor.Lists;"
"Packages/com.unity.inputsystem/InputSystem/Editor/UITKAssetEditor/Views/Selectors.cs",8,"Unity New Input System : \bUnityEngine\.InputSystem\b","using UnityEngine.InputSystem.Layouts;"
"Packages/com.unity.inputsystem/InputSystem/Editor/UITKAssetEditor/Views/Selectors.cs",9,"Unity New Input System : \bUnityEngine\.InputSystem\b","using UnityEngine.InputSystem.Utilities;"
"Packages/com.unity.inputsystem/InputSystem/Editor/UITKAssetEditor/Views/Selectors.cs",11,"Unity New Input System : \bUnityEngine\.InputSystem\b","namespace UnityEngine.InputSystem.Editor"
"Packages/com.unity.inputsystem/InputSystem/Editor/UITKAssetEditor/Views/ViewBase.cs",6,"Unity New Input System : \bUnityEngine\.InputSystem\b","namespace UnityEngine.InputSystem.Editor"
"Packages/com.unity.inputsystem/InputSystem/Editor/UITKAssetEditor/Views/ViewStateCollection.cs",6,"Unity New Input System : \bUnityEngine\.InputSystem\b","namespace UnityEngine.InputSystem.Editor"
"Packages/com.unity.inputsystem/InputSystem/Editor/UITKAssetEditor/Views/VisualElementExtensions.cs",5,"Unity New Input System : \bUnityEngine\.InputSystem\b","namespace UnityEngine.InputSystem.Editor"
"Packages/com.unity.inputsystem/InputSystem/Plugins/XR/Controls/PoseControl.cs",5,"Unity New Input System : \bUnityEngine\.InputSystem\b","using UnityEngine.InputSystem.Controls;"
"Packages/com.unity.inputsystem/InputSystem/Plugins/XR/Controls/PoseControl.cs",6,"Unity New Input System : \bUnityEngine\.InputSystem\b","using UnityEngine.InputSystem.Layouts;"
"Packages/com.unity.inputsystem/InputSystem/Plugins/XR/Controls/PoseControl.cs",7,"Unity New Input System : \bUnityEngine\.InputSystem\b","using UnityEngine.InputSystem.LowLevel;"
"Packages/com.unity.inputsystem/InputSystem/Plugins/XR/Controls/PoseControl.cs",8,"Unity New Input System : \bUnityEngine\.InputSystem\b","using UnityEngine.InputSystem.Utilities;"
"Packages/com.unity.inputsystem/InputSystem/Plugins/XR/Controls/PoseControl.cs",12,"Unity New Input System : \bUnityEngine\.InputSystem\b","namespace UnityEngine.InputSystem.XR"
"Packages/com.unity.inputsystem/InputSystem/Plugins/XR/Devices/GoogleVR.cs",2,"AR/XR/地图类（可能间接用传感器） : \bARKit\b|\bARCore\b|\bUnity\.XR\b|\bVuforia\b|\bMapbox\b|\bOpenCV\b","// Docs generation is skipped because these are intended to be replaced with the com.unity.xr.googlevr package."
"Packages/com.unity.inputsystem/InputSystem/Plugins/XR/Devices/GoogleVR.cs",4,"Unity New Input System : \bUnityEngine\.InputSystem\b","using UnityEngine.InputSystem.Controls;"
"Packages/com.unity.inputsystem/InputSystem/Plugins/XR/Devices/GoogleVR.cs",5,"Unity New Input System : \bUnityEngine\.InputSystem\b","using UnityEngine.InputSystem.Layouts;"
"Packages/com.unity.inputsystem/InputSystem/Plugins/XR/Devices/GoogleVR.cs",6,"Unity New Input System : \bUnityEngine\.InputSystem\b","using UnityEngine.InputSystem.XR;"
"Packages/com.unity.inputsystem/InputSystem/Plugins/XR/Devices/GoogleVR.cs",8,"AR/XR/地图类（可能间接用传感器） : \bARKit\b|\bARCore\b|\bUnity\.XR\b|\bVuforia\b|\bMapbox\b|\bOpenCV\b","namespace Unity.XR.GoogleVr"
"Packages/com.unity.inputsystem/InputSystem/Plugins/XR/Devices/Oculus.cs",2,"AR/XR/地图类（可能间接用传感器） : \bARKit\b|\bARCore\b|\bUnity\.XR\b|\bVuforia\b|\bMapbox\b|\bOpenCV\b","// Docs generation is skipped because these are intended to be replaced with the com.unity.xr.oculus package."
"Packages/com.unity.inputsystem/InputSystem/Plugins/XR/Devices/Oculus.cs",4,"Unity New Input System : \bUnityEngine\.InputSystem\b","using UnityEngine.InputSystem;"
"Packages/com.unity.inputsystem/InputSystem/Plugins/XR/Devices/Oculus.cs",5,"Unity New Input System : \bUnityEngine\.InputSystem\b","using UnityEngine.InputSystem.Controls;"
"Packages/com.unity.inputsystem/InputSystem/Plugins/XR/Devices/Oculus.cs",6,"Unity New Input System : \bUnityEngine\.InputSystem\b","using UnityEngine.InputSystem.Layouts;"
"Packages/com.unity.inputsystem/InputSystem/Plugins/XR/Devices/Oculus.cs",7,"Unity New Input System : \bUnityEngine\.InputSystem\b","using UnityEngine.InputSystem.XR;"
"Packages/com.unity.inputsystem/InputSystem/Plugins/XR/Devices/Oculus.cs",9,"AR/XR/地图类（可能间接用传感器） : \bARKit\b|\bARCore\b|\bUnity\.XR\b|\bVuforia\b|\bMapbox\b|\bOpenCV\b","namespace Unity.XR.Oculus.Input"
"Packages/com.unity.inputsystem/InputSystem/Plugins/XR/Devices/OpenVR.cs",2,"AR/XR/地图类（可能间接用传感器） : \bARKit\b|\bARCore\b|\bUnity\.XR\b|\bVuforia\b|\bMapbox\b|\bOpenCV\b","// Docs generation is skipped because these are intended to be replaced with the com.unity.xr.openvr package."
"Packages/com.unity.inputsystem/InputSystem/Plugins/XR/Devices/OpenVR.cs",4,"Unity New Input System : \bUnityEngine\.InputSystem\b","using UnityEngine.InputSystem;"
"Packages/com.unity.inputsystem/InputSystem/Plugins/XR/Devices/OpenVR.cs",5,"Unity New Input System : \bUnityEngine\.InputSystem\b","using UnityEngine.InputSystem.Controls;"
"Packages/com.unity.inputsystem/InputSystem/Plugins/XR/Devices/OpenVR.cs",6,"Unity New Input System : \bUnityEngine\.InputSystem\b","using UnityEngine.InputSystem.Layouts;"
"Packages/com.unity.inputsystem/InputSystem/Plugins/XR/Devices/OpenVR.cs",7,"Unity New Input System : \bUnityEngine\.InputSystem\b","using UnityEngine.InputSystem.XR;"
"Packages/com.unity.inputsystem/InputSystem/Plugins/XR/Devices/OpenVR.cs",9,"AR/XR/地图类（可能间接用传感器） : \bARKit\b|\bARCore\b|\bUnity\.XR\b|\bVuforia\b|\bMapbox\b|\bOpenCV\b","namespace Unity.XR.OpenVR"
"Packages/com.unity.inputsystem/InputSystem/Plugins/XR/Devices/WindowsMR.cs",2,"AR/XR/地图类（可能间接用传感器） : \bARKit\b|\bARCore\b|\bUnity\.XR\b|\bVuforia\b|\bMapbox\b|\bOpenCV\b","// Docs generation is skipped because these are intended to be replaced with the com.unity.xr.windowsmr package."
"Packages/com.unity.inputsystem/InputSystem/Plugins/XR/Devices/WindowsMR.cs",4,"Unity New Input System : \bUnityEngine\.InputSystem\b","using UnityEngine.InputSystem.Controls;"
"Packages/com.unity.inputsystem/InputSystem/Plugins/XR/Devices/WindowsMR.cs",5,"Unity New Input System : \bUnityEngine\.InputSystem\b","using UnityEngine.InputSystem.Layouts;"
"Packages/com.unity.inputsystem/InputSystem/Plugins/XR/Devices/WindowsMR.cs",6,"Unity New Input System : \bUnityEngine\.InputSystem\b","using UnityEngine.InputSystem.XR;"
"Packages/com.unity.inputsystem/InputSystem/Plugins/XR/Haptics/BufferedRumble.cs",3,"Unity New Input System : \bUnityEngine\.InputSystem\b","namespace UnityEngine.InputSystem.XR.Haptics"
"Packages/com.unity.inputsystem/InputSystem/Plugins/XR/Haptics/GetCurrentHapticStateCommand.cs",4,"Unity New Input System : \bUnityEngine\.InputSystem\b","using UnityEngine.InputSystem.LowLevel;"
"Packages/com.unity.inputsystem/InputSystem/Plugins/XR/Haptics/GetCurrentHapticStateCommand.cs",5,"Unity New Input System : \bUnityEngine\.InputSystem\b","using UnityEngine.InputSystem.Utilities;"
"Packages/com.unity.inputsystem/InputSystem/Plugins/XR/Haptics/GetCurrentHapticStateCommand.cs",7,"Unity New Input System : \bUnityEngine\.InputSystem\b","namespace UnityEngine.InputSystem.XR.Haptics"
"Packages/com.unity.inputsystem/InputSystem/Plugins/XR/Haptics/GetHapticCapabilitiesCommand.cs",4,"Unity New Input System : \bUnityEngine\.InputSystem\b","using UnityEngine.InputSystem.LowLevel;"
"Packages/com.unity.inputsystem/InputSystem/Plugins/XR/Haptics/GetHapticCapabilitiesCommand.cs",5,"Unity New Input System : \bUnityEngine\.InputSystem\b","using UnityEngine.InputSystem.Utilities;"
"Packages/com.unity.inputsystem/InputSystem/Plugins/XR/Haptics/GetHapticCapabilitiesCommand.cs",7,"Unity New Input System : \bUnityEngine\.InputSystem\b","namespace UnityEngine.InputSystem.XR.Haptics"
"Packages/com.unity.inputsystem/InputSystem/Plugins/XR/Haptics/SendBufferedHapticsCommand.cs",4,"Unity New Input System : \bUnityEngine\.InputSystem\b","using UnityEngine.InputSystem.LowLevel;"
"Packages/com.unity.inputsystem/InputSystem/Plugins/XR/Haptics/SendBufferedHapticsCommand.cs",5,"Unity New Input System : \bUnityEngine\.InputSystem\b","using UnityEngine.InputSystem.Utilities;"
"Packages/com.unity.inputsystem/InputSystem/Plugins/XR/Haptics/SendBufferedHapticsCommand.cs",7,"Unity New Input System : \bUnityEngine\.InputSystem\b","namespace UnityEngine.InputSystem.XR.Haptics"
"Packages/com.unity.inputsystem/InputSystem/Plugins/XR/Haptics/SendHapticImpulseCommand.cs",4,"Unity New Input System : \bUnityEngine\.InputSystem\b","using UnityEngine.InputSystem.LowLevel;"
"Packages/com.unity.inputsystem/InputSystem/Plugins/XR/Haptics/SendHapticImpulseCommand.cs",5,"Unity New Input System : \bUnityEngine\.InputSystem\b","using UnityEngine.InputSystem.Utilities;"
"Packages/com.unity.inputsystem/InputSystem/Plugins/XR/Haptics/SendHapticImpulseCommand.cs",7,"Unity New Input System : \bUnityEngine\.InputSystem\b","namespace UnityEngine.InputSystem.XR.Haptics"
